CheckLevel,Difference,Tolerance,Status,DistrictName,Variable,ReportedValue,RolledValue
LEA to State,0,0,Pass,State Total Excluding Dover Air Force Base,BaseUnitEnrollmentTotal,140829,140829
LEA to State,0,0,Pass,State Total Excluding Dover Air Force Base,Enrollment,140829,140829
LEA to State,0,0,Pass,State Total Excluding Dover Air Force Base,Enrollment4_12,79794,79794
LEA to State,0,0,Pass,State Total Excluding Dover Air Force Base,EnrollmentBasicK12,12790,12790
LEA to State,0,0,Pass,State Total Excluding Dover Air Force Base,EnrollmentComplex,6368,6368
LEA to State,0,0,Pass,State Total Excluding Dover Air Force Base,EnrollmentIntense,6915,6915
LEA to State,0,0,Pass,State Total Excluding Dover Air Force Base,EnrollmentK3,33859,33859
LEA to State,0,0,Pass,State Total Excluding Dover Air Force Base,EnrollmentPreK,1103,1103
LEA to State,0,0,Pass,State Total Excluding Dover Air Force Base,Grade10Enrollment,11449,11449
LEA to State,0,0,Pass,State Total Excluding Dover Air Force Base,K8Enrollment,92860,92860
LEA to State,0,0,Pass,State Total Excluding Dover Air Force Base,LI,36713,36713
LEA to State,0,0,Pass,State Total Excluding Dover Air Force Base,MLL,17358,17358
LEA to State,0,0,Pass,State Total Excluding Dover Air Force Base,RegularEdEnrollment,113653,113653
LEA to State,0,0,Pass,State Total Excluding Dover Air Force Base,SpecialEdEnrollment,27176,27176
LEA to State,0,0.05,Pass,State Total Excluding Dover Air Force Base,Units4_12,3989.7,3989.7
LEA to State,0,0.05,Pass,State Total Excluding Dover Air Force Base,UnitsBasicK12,1522.59,1522.59
LEA to State,0,0.05,Pass,State Total Excluding Dover Air Force Base,UnitsComplex,2449.22,2449.22
LEA to State,0,0.05,Pass,State Total Excluding Dover Air Force Base,UnitsIntense,1152.47,1152.47
LEA to State,-0,0.05,Pass,State Total Excluding Dover Air Force Base,UnitsK3,2090.03,2090.03
LEA to State,0,0.05,Pass,State Total Excluding Dover Air Force Base,UnitsPreK,131.31,131.31
LEA to State,-0.08,0.1,Pass,State Total Excluding Dover Air Force Base,UnitsTotal,11754.74,11754.66
LEA to State,-0,0.05,Pass,State Total Excluding Dover Air Force Base,UnitsVocational,838.83,838.83
LEA to State,0,0.05,Pass,State Total Excluding Dover Air Force Base,UnitsVocationalDeduct,-419.49,-419.49
LEA to State,0,0,Pass,State Total Including Dover Air Force Base,BaseUnitEnrollmentTotal,141306,141306
LEA to State,0,0,Pass,State Total Including Dover Air Force Base,Enrollment,141306,141306
LEA to State,0,0,Pass,State Total Including Dover Air Force Base,Enrollment4_12,80013,80013
LEA to State,0,0,Pass,State Total Including Dover Air Force Base,EnrollmentBasicK12,12843,12843
LEA to State,0,0,Pass,State Total Including Dover Air Force Base,EnrollmentComplex,6381,6381
LEA to State,0,0,Pass,State Total Including Dover Air Force Base,EnrollmentIntense,6933,6933
LEA to State,0,0,Pass,State Total Including Dover Air Force Base,EnrollmentK3,34033,34033
LEA to State,0,0,Pass,State Total Including Dover Air Force Base,EnrollmentPreK,1103,1103
LEA to State,0,0,Pass,State Total Including Dover Air Force Base,Grade10Enrollment,11463,11463
LEA to State,0,0,Pass,State Total Including Dover Air Force Base,K8Enrollment,93276,93276
LEA to State,0,0,Pass,State Total Including Dover Air Force Base,LI,36735,36735
LEA to State,0,0,Pass,State Total Including Dover Air Force Base,MLL,17366,17366
LEA to State,0,0,Pass,State Total Including Dover Air Force Base,RegularEdEnrollment,114046,114046
LEA to State,0,0,Pass,State Total Including Dover Air Force Base,SpecialEdEnrollment,27260,27260
LEA to State,-0,0.05,Pass,State Total Including Dover Air Force Base,Units4_12,4000.65,4000.65
LEA to State,0,0.05,Pass,State Total Including Dover Air Force Base,UnitsBasicK12,1528.9,1528.9
LEA to State,0,0.05,Pass,State Total Including Dover Air Force Base,UnitsComplex,2454.22,2454.22
LEA to State,0,0.05,Pass,State Total Including Dover Air Force Base,UnitsIntense,1155.47,1155.47
LEA to State,0,0.05,Pass,State Total Including Dover Air Force Base,UnitsK3,2100.77,2100.77
LEA to State,0,0.05,Pass,State Total Including Dover Air Force Base,UnitsPreK,131.31,131.31
LEA to State,-0.08,0.1,Pass,State Total Including Dover Air Force Base,UnitsTotal,11790.92,11790.84
LEA to State,-0,0.05,Pass,State Total Including Dover Air Force Base,UnitsVocational,839.2,839.2
LEA to State,0,0.05,Pass,State Total Including Dover Air Force Base,UnitsVocationalDeduct,-419.68,-419.68
School to LEA,0,0,Pass,ASPIRA Delaware,BaseUnitEnrollmentTotal,1475,1475
School to LEA,0,0,Pass,ASPIRA Delaware,Enrollment,1475,1475
School to LEA,0,0,Pass,ASPIRA Delaware,Enrollment4_12,814,814
School to LEA,0,0,Pass,ASPIRA Delaware,EnrollmentBasicK12,141,141
School to LEA,0,0,Pass,ASPIRA Delaware,EnrollmentComplex,20,20
School to LEA,0,0,Pass,ASPIRA Delaware,EnrollmentIntense,116,116
School to LEA,0,0,Pass,ASPIRA Delaware,EnrollmentK3,384,384
School to LEA,0,0,Pass,ASPIRA Delaware,EnrollmentPreK,0,0
School to LEA,0,0,Pass,ASPIRA Delaware,Grade10Enrollment,90,90
School to LEA,0,0,Pass,ASPIRA Delaware,K8Enrollment,1097,1097
School to LEA,0,0,Pass,ASPIRA Delaware,LI,402,402
School to LEA,0,0,Pass,ASPIRA Delaware,MLL,493,493
School to LEA,0,0,Pass,ASPIRA Delaware,RegularEdEnrollment,1198,1198
School to LEA,0,0,Pass,ASPIRA Delaware,SpecialEdEnrollment,277,277
School to LEA,0,0.05,Pass,ASPIRA Delaware,Units4_12,40.7,40.7
School to LEA,0,0.05,Pass,ASPIRA Delaware,UnitsBasicK12,16.79,16.79
School to LEA,0,0.05,Pass,ASPIRA Delaware,UnitsComplex,7.69,7.69
School to LEA,0,0.05,Pass,ASPIRA Delaware,UnitsIntense,19.33,19.33
School to LEA,0,0.05,Pass,ASPIRA Delaware,UnitsK3,23.7,23.7
School to LEA,0,0.05,Pass,ASPIRA Delaware,UnitsPreK,0,0
School to LEA,0,0.05,Pass,ASPIRA Delaware,UnitsTotal,110.02,110.02
School to LEA,0,0.05,Pass,ASPIRA Delaware,UnitsVocational,3.63,3.63
School to LEA,0,0.05,Pass,ASPIRA Delaware,UnitsVocationalDeduct,-1.82,-1.82
School to LEA,0,0,Pass,Academia Antonia Alonso,BaseUnitEnrollmentTotal,923,923
School to LEA,0,0,Pass,Academia Antonia Alonso,Enrollment,923,923
School to LEA,0,0,Pass,Academia Antonia Alonso,Enrollment4_12,476,476
School to LEA,0,0,Pass,Academia Antonia Alonso,EnrollmentBasicK12,48,48
School to LEA,0,0,Pass,Academia Antonia Alonso,EnrollmentComplex,7,7
School to LEA,0,0,Pass,Academia Antonia Alonso,EnrollmentIntense,19,19
School to LEA,0,0,Pass,Academia Antonia Alonso,EnrollmentK3,373,373
School to LEA,0,0,Pass,Academia Antonia Alonso,EnrollmentPreK,0,0
School to LEA,0,0,Pass,Academia Antonia Alonso,Grade10Enrollment,0,0
School to LEA,0,0,Pass,Academia Antonia Alonso,K8Enrollment,923,923
School to LEA,0,0,Pass,Academia Antonia Alonso,LI,275,275
School to LEA,0,0,Pass,Academia Antonia Alonso,MLL,536,536
School to LEA,0,0,Pass,Academia Antonia Alonso,RegularEdEnrollment,849,849
School to LEA,0,0,Pass,Academia Antonia Alonso,SpecialEdEnrollment,74,74
School to LEA,0,0.05,Pass,Academia Antonia Alonso,Units4_12,23.8,23.8
School to LEA,0,0.05,Pass,Academia Antonia Alonso,UnitsBasicK12,5.71,5.71
School to LEA,0,0.05,Pass,Academia Antonia Alonso,UnitsComplex,2.69,2.69
School to LEA,0,0.05,Pass,Academia Antonia Alonso,UnitsIntense,3.17,3.17
School to LEA,0,0.05,Pass,Academia Antonia Alonso,UnitsK3,23.02,23.02
School to LEA,0,0.05,Pass,Academia Antonia Alonso,UnitsPreK,0,0
School to LEA,0,0.05,Pass,Academia Antonia Alonso,UnitsTotal,58.39,58.39
School to LEA,0,0.05,Pass,Academia Antonia Alonso,UnitsVocational,0,0
School to LEA,0,0.05,Pass,Academia Antonia Alonso,UnitsVocationalDeduct,0,0
School to LEA,0,0,Pass,Academy of Dover Charter School,BaseUnitEnrollmentTotal,454,454
School to LEA,0,0,Pass,Academy of Dover Charter School,Enrollment,454,454
School to LEA,0,0,Pass,Academy of Dover Charter School,Enrollment4_12,179,179
School to LEA,0,0,Pass,Academy of Dover Charter School,EnrollmentBasicK12,52,52
School to LEA,0,0,Pass,Academy of Dover Charter School,EnrollmentComplex,11,11
School to LEA,0,0,Pass,Academy of Dover Charter School,EnrollmentIntense,27,27
School to LEA,0,0,Pass,Academy of Dover Charter School,EnrollmentK3,185,185
School to LEA,0,0,Pass,Academy of Dover Charter School,EnrollmentPreK,0,0
School to LEA,0,0,Pass,Academy of Dover Charter School,Grade10Enrollment,0,0
School to LEA,0,0,Pass,Academy of Dover Charter School,K8Enrollment,454,454
School to LEA,0,0,Pass,Academy of Dover Charter School,LI,180,180
School to LEA,0,0,Pass,Academy of Dover Charter School,MLL,57,57
School to LEA,0,0,Pass,Academy of Dover Charter School,RegularEdEnrollment,364,364
School to LEA,0,0,Pass,Academy of Dover Charter School,SpecialEdEnrollment,90,90
School to LEA,0,0.05,Pass,Academy of Dover Charter School,Units4_12,8.95,8.95
School to LEA,0,0.05,Pass,Academy of Dover Charter School,UnitsBasicK12,6.19,6.19
School to LEA,0,0.05,Pass,Academy of Dover Charter School,UnitsComplex,4.23,4.23
School to LEA,0,0.05,Pass,Academy of Dover Charter School,UnitsIntense,4.5,4.5
School to LEA,0,0.05,Pass,Academy of Dover Charter School,UnitsK3,11.42,11.42
School to LEA,0,0.05,Pass,Academy of Dover Charter School,UnitsPreK,0,0
School to LEA,0,0.05,Pass,Academy of Dover Charter School,UnitsTotal,35.29,35.29
School to LEA,0,0.05,Pass,Academy of Dover Charter School,UnitsVocational,0,0
School to LEA,0,0.05,Pass,Academy of Dover Charter School,UnitsVocationalDeduct,0,0
School to LEA,0,0,Pass,Appoquinimink School District,BaseUnitEnrollmentTotal,12958,12958
School to LEA,0,0,Pass,Appoquinimink School District,Enrollment,12958,12958
School to LEA,0,0,Pass,Appoquinimink School District,Enrollment4_12,7554,7554
School to LEA,0,0,Pass,Appoquinimink School District,EnrollmentBasicK12,1092,1092
School to LEA,0,0,Pass,Appoquinimink School District,EnrollmentComplex,524,524
School to LEA,0,0,Pass,Appoquinimink School District,EnrollmentIntense,483,483
School to LEA,0,0,Pass,Appoquinimink School District,EnrollmentK3,3254,3254
School to LEA,0,0,Pass,Appoquinimink School District,EnrollmentPreK,51,51
School to LEA,0,0,Pass,Appoquinimink School District,Grade10Enrollment,991,991
School to LEA,0,0,Pass,Appoquinimink School District,K8Enrollment,8954,8954
School to LEA,0,0,Pass,Appoquinimink School District,LI,1415,1415
School to LEA,0,0,Pass,Appoquinimink School District,MLL,562,562
School to LEA,0,0,Pass,Appoquinimink School District,RegularEdEnrollment,10808,10808
School to LEA,0,0,Pass,Appoquinimink School District,SpecialEdEnrollment,2150,2150
School to LEA,0,0.05,Pass,Appoquinimink School District,Units4_12,377.7,377.7
School to LEA,0,0.05,Pass,Appoquinimink School District,UnitsBasicK12,130,130
School to LEA,-0.01,0.05,Pass,Appoquinimink School District,UnitsComplex,201.54,201.53
School to LEA,-0.01,0.05,Pass,Appoquinimink School District,UnitsIntense,80.5,80.49
School to LEA,-0.01,0.05,Pass,Appoquinimink School District,UnitsK3,200.86,200.85
School to LEA,0,0.05,Pass,Appoquinimink School District,UnitsPreK,6.07,6.07
School to LEA,-0.05,0.05,Pass,Appoquinimink School District,UnitsTotal,1046.83,1046.78
School to LEA,0.01,0.05,Pass,Appoquinimink School District,UnitsVocational,100.32,100.33
School to LEA,-0.03,0.05,Pass,Appoquinimink School District,UnitsVocationalDeduct,-50.16,-50.19
School to LEA,0,0,Pass,Brandywine School District,BaseUnitEnrollmentTotal,10070,10070
School to LEA,0,0,Pass,Brandywine School District,Enrollment,10070,10070
School to LEA,0,0,Pass,Brandywine School District,Enrollment4_12,5392,5392
School to LEA,0,0,Pass,Brandywine School District,EnrollmentBasicK12,953,953
School to LEA,0,0,Pass,Brandywine School District,EnrollmentComplex,575,575
School to LEA,0,0,Pass,Brandywine School District,EnrollmentIntense,543,543
School to LEA,0,0,Pass,Brandywine School District,EnrollmentK3,2500,2500
School to LEA,0,0,Pass,Brandywine School District,EnrollmentPreK,107,107
School to LEA,0,0,Pass,Brandywine School District,Grade10Enrollment,723,723
School to LEA,0,0,Pass,Brandywine School District,K8Enrollment,6912,6912
School to LEA,0,0,Pass,Brandywine School District,LI,2526,2526
School to LEA,0,0,Pass,Brandywine School District,MLL,655,655
School to LEA,0,0,Pass,Brandywine School District,RegularEdEnrollment,7892,7892
School to LEA,0,0,Pass,Brandywine School District,SpecialEdEnrollment,2178,2178
School to LEA,0,0.05,Pass,Brandywine School District,Units4_12,269.6,269.6
School to LEA,-0.01,0.05,Pass,Brandywine School District,UnitsBasicK12,113.45,113.44
School to LEA,0.01,0.05,Pass,Brandywine School District,UnitsComplex,221.15,221.16
School to LEA,-0.01,0.05,Pass,Brandywine School District,UnitsIntense,90.5,90.49
School to LEA,0.01,0.05,Pass,Brandywine School District,UnitsK3,154.32,154.33
School to LEA,0,0.05,Pass,Brandywine School District,UnitsPreK,12.74,12.74
School to LEA,0.01,0.05,Pass,Brandywine School District,UnitsTotal,885.3,885.31
School to LEA,0.01,0.05,Pass,Brandywine School District,UnitsVocational,47.09,47.1
School to LEA,0,0.05,Pass,Brandywine School District,UnitsVocationalDeduct,-23.55,-23.55
School to LEA,0,0,Pass,Bryan Allen Stevenson School of Excellence,BaseUnitEnrollmentTotal,123,123
School to LEA,0,0,Pass,Bryan Allen Stevenson School of Excellence,Enrollment,123,123
School to LEA,0,0,Pass,Bryan Allen Stevenson School of Excellence,Enrollment4_12,84,84
School to LEA,0,0,Pass,Bryan Allen Stevenson School of Excellence,EnrollmentBasicK12,22,22
School to LEA,0,0,Pass,Bryan Allen Stevenson School of Excellence,EnrollmentComplex,4,4
School to LEA,0,0,Pass,Bryan Allen Stevenson School of Excellence,EnrollmentIntense,13,13
School to LEA,0,0,Pass,Bryan Allen Stevenson School of Excellence,EnrollmentK3,0,0
School to LEA,0,0,Pass,Bryan Allen Stevenson School of Excellence,EnrollmentPreK,0,0
School to LEA,0,0,Pass,Bryan Allen Stevenson School of Excellence,Grade10Enrollment,0,0
School to LEA,0,0,Pass,Bryan Allen Stevenson School of Excellence,K8Enrollment,104,104
School to LEA,0,0,Pass,Bryan Allen Stevenson School of Excellence,LI,40,40
School to LEA,0,0,Pass,Bryan Allen Stevenson School of Excellence,MLL,3,3
School to LEA,0,0,Pass,Bryan Allen Stevenson School of Excellence,RegularEdEnrollment,84,84
School to LEA,0,0,Pass,Bryan Allen Stevenson School of Excellence,SpecialEdEnrollment,39,39
School to LEA,0,0.05,Pass,Bryan Allen Stevenson School of Excellence,Units4_12,4.2,4.2
School to LEA,0,0.05,Pass,Bryan Allen Stevenson School of Excellence,UnitsBasicK12,2.62,2.62
School to LEA,0,0.05,Pass,Bryan Allen Stevenson School of Excellence,UnitsComplex,1.54,1.54
School to LEA,0,0.05,Pass,Bryan Allen Stevenson School of Excellence,UnitsIntense,2.17,2.17
School to LEA,0,0.05,Pass,Bryan Allen Stevenson School of Excellence,UnitsK3,0,0
School to LEA,0,0.05,Pass,Bryan Allen Stevenson School of Excellence,UnitsPreK,0,0
School to LEA,0,0.05,Pass,Bryan Allen Stevenson School of Excellence,UnitsTotal,10.53,10.53
School to LEA,0,0.05,Pass,Bryan Allen Stevenson School of Excellence,UnitsVocational,0,0
School to LEA,0,0.05,Pass,Bryan Allen Stevenson School of Excellence,UnitsVocationalDeduct,0,0
School to LEA,0,0,Pass,Caesar Rodney School District,BaseUnitEnrollmentTotal,7868,7868
School to LEA,0,0,Pass,Caesar Rodney School District,Enrollment,7868,7868
School to LEA,0,0,Pass,Caesar Rodney School District,Enrollment4_12,4568,4568
School to LEA,0,0,Pass,Caesar Rodney School District,EnrollmentBasicK12,719,719
School to LEA,0,0,Pass,Caesar Rodney School District,EnrollmentComplex,388,388
School to LEA,0,0,Pass,Caesar Rodney School District,EnrollmentIntense,316,316
School to LEA,0,0,Pass,Caesar Rodney School District,EnrollmentK3,1846,1846
School to LEA,0,0,Pass,Caesar Rodney School District,EnrollmentPreK,31,31
School to LEA,0,0,Pass,Caesar Rodney School District,Grade10Enrollment,569,569
School to LEA,0,0,Pass,Caesar Rodney School District,K8Enrollment,5396,5396
School to LEA,0,0,Pass,Caesar Rodney School District,LI,1952,1952
School to LEA,0,0,Pass,Caesar Rodney School District,MLL,547,547
School to LEA,0,0,Pass,Caesar Rodney School District,RegularEdEnrollment,6414,6414
School to LEA,0,0,Pass,Caesar Rodney School District,SpecialEdEnrollment,1454,1454
School to LEA,-0,0.05,Pass,Caesar Rodney School District,Units4_12,228.4,228.4
School to LEA,0.01,0.05,Pass,Caesar Rodney School District,UnitsBasicK12,85.6,85.61
School to LEA,-0.01,0.05,Pass,Caesar Rodney School District,UnitsComplex,149.23,149.22
School to LEA,0.01,0.05,Pass,Caesar Rodney School District,UnitsIntense,52.67,52.68
School to LEA,-0.01,0.05,Pass,Caesar Rodney School District,UnitsK3,113.95,113.94
School to LEA,0,0.05,Pass,Caesar Rodney School District,UnitsPreK,3.69,3.69
School to LEA,-0.01,0.05,Pass,Caesar Rodney School District,UnitsTotal,649.24,649.23
School to LEA,0.01,0.05,Pass,Caesar Rodney School District,UnitsVocational,31.4,31.41
School to LEA,-0.02,0.05,Pass,Caesar Rodney School District,UnitsVocationalDeduct,-15.7,-15.72
School to LEA,0,0,Pass,Campus Community School,BaseUnitEnrollmentTotal,402,402
School to LEA,0,0,Pass,Campus Community School,Enrollment,402,402
School to LEA,0,0,Pass,Campus Community School,Enrollment4_12,195,195
School to LEA,0,0,Pass,Campus Community School,EnrollmentBasicK12,39,39
School to LEA,0,0,Pass,Campus Community School,EnrollmentComplex,7,7
School to LEA,0,0,Pass,Campus Community School,EnrollmentIntense,8,8
School to LEA,0,0,Pass,Campus Community School,EnrollmentK3,153,153
School to LEA,0,0,Pass,Campus Community School,EnrollmentPreK,0,0
School to LEA,0,0,Pass,Campus Community School,Grade10Enrollment,0,0
School to LEA,0,0,Pass,Campus Community School,K8Enrollment,402,402
School to LEA,0,0,Pass,Campus Community School,LI,170,170
School to LEA,0,0,Pass,Campus Community School,MLL,5,5
School to LEA,0,0,Pass,Campus Community School,RegularEdEnrollment,348,348
School to LEA,0,0,Pass,Campus Community School,SpecialEdEnrollment,54,54
School to LEA,0,0.05,Pass,Campus Community School,Units4_12,9.75,9.75
School to LEA,0,0.05,Pass,Campus Community School,UnitsBasicK12,4.64,4.64
School to LEA,0,0.05,Pass,Campus Community School,UnitsComplex,2.69,2.69
School to LEA,0,0.05,Pass,Campus Community School,UnitsIntense,1.33,1.33
School to LEA,0,0.05,Pass,Campus Community School,UnitsK3,9.44,9.44
School to LEA,0,0.05,Pass,Campus Community School,UnitsPreK,0,0
School to LEA,0,0.05,Pass,Campus Community School,UnitsTotal,28,28
School to LEA,0,0.05,Pass,Campus Community School,UnitsVocational,0.31,0.31
School to LEA,0,0.05,Pass,Campus Community School,UnitsVocationalDeduct,-0.16,-0.16
School to LEA,0,0,Pass,Cape Henlopen School District,BaseUnitEnrollmentTotal,6731,6731
School to LEA,0,0,Pass,Cape Henlopen School District,Enrollment,6731,6731
School to LEA,0,0,Pass,Cape Henlopen School District,Enrollment4_12,3781,3781
School to LEA,0,0,Pass,Cape Henlopen School District,EnrollmentBasicK12,573,573
School to LEA,0,0,Pass,Cape Henlopen School District,EnrollmentComplex,436,436
School to LEA,0,0,Pass,Cape Henlopen School District,EnrollmentIntense,189,189
School to LEA,0,0,Pass,Cape Henlopen School District,EnrollmentK3,1677,1677
School to LEA,0,0,Pass,Cape Henlopen School District,EnrollmentPreK,75,75
School to LEA,0,0,Pass,Cape Henlopen School District,Grade10Enrollment,509,509
School to LEA,0,0,Pass,Cape Henlopen School District,K8Enrollment,4560,4560
School to LEA,0,0,Pass,Cape Henlopen School District,LI,1128,1128
School to LEA,0,0,Pass,Cape Henlopen School District,MLL,607,607
School to LEA,0,0,Pass,Cape Henlopen School District,RegularEdEnrollment,5458,5458
School to LEA,0,0,Pass,Cape Henlopen School District,SpecialEdEnrollment,1273,1273
School to LEA,0,0.05,Pass,Cape Henlopen School District,Units4_12,189.05,189.05
School to LEA,0,0.05,Pass,Cape Henlopen School District,UnitsBasicK12,68.21,68.21
School to LEA,0,0.05,Pass,Cape Henlopen School District,UnitsComplex,167.69,167.69
School to LEA,-0.01,0.05,Pass,Cape Henlopen School District,UnitsIntense,31.5,31.49
School to LEA,-0.01,0.05,Pass,Cape Henlopen School District,UnitsK3,103.52,103.51
School to LEA,0,0.05,Pass,Cape Henlopen School District,UnitsPreK,8.93,8.93
School to LEA,-0.03,0.05,Pass,Cape Henlopen School District,UnitsTotal,582.75,582.72
School to LEA,0,0.05,Pass,Cape Henlopen School District,UnitsVocational,27.7,27.7
School to LEA,-0.01,0.05,Pass,Cape Henlopen School District,UnitsVocationalDeduct,-13.85,-13.86
School to LEA,0,0,Pass,Capital School District,BaseUnitEnrollmentTotal,6384,6384
School to LEA,0,0,Pass,Capital School District,Enrollment,6384,6384
School to LEA,0,0,Pass,Capital School District,Enrollment4_12,3252,3252
School to LEA,0,0,Pass,Capital School District,EnrollmentBasicK12,666,666
School to LEA,0,0,Pass,Capital School District,EnrollmentComplex,428,428
School to LEA,0,0,Pass,Capital School District,EnrollmentIntense,266,266
School to LEA,0,0,Pass,Capital School District,EnrollmentK3,1729,1729
School to LEA,0,0,Pass,Capital School District,EnrollmentPreK,43,43
School to LEA,0,0,Pass,Capital School District,Grade10Enrollment,394,394
School to LEA,0,0,Pass,Capital School District,K8Enrollment,4367,4367
School to LEA,0,0,Pass,Capital School District,LI,2595,2595
School to LEA,0,0,Pass,Capital School District,MLL,815,815
School to LEA,0,0,Pass,Capital School District,RegularEdEnrollment,4981,4981
School to LEA,0,0,Pass,Capital School District,SpecialEdEnrollment,1403,1403
School to LEA,0,0.05,Pass,Capital School District,Units4_12,162.6,162.6
School to LEA,-0.02,0.05,Pass,Capital School District,UnitsBasicK12,79.29,79.27
School to LEA,-0.02,0.05,Pass,Capital School District,UnitsComplex,164.62,164.6
School to LEA,0.01,0.05,Pass,Capital School District,UnitsIntense,44.33,44.34
School to LEA,-0.01,0.05,Pass,Capital School District,UnitsK3,106.73,106.72
School to LEA,0,0.05,Pass,Capital School District,UnitsPreK,5.12,5.12
School to LEA,-0.04,0.05,Pass,Capital School District,UnitsTotal,574.95,574.91
School to LEA,-0,0.05,Pass,Capital School District,UnitsVocational,24.53,24.53
School to LEA,0,0.05,Pass,Capital School District,UnitsVocationalDeduct,-12.27,-12.27
School to LEA,0,0,Pass,Charter School of New Castle,BaseUnitEnrollmentTotal,759,759
School to LEA,0,0,Pass,Charter School of New Castle,Enrollment,759,759
School to LEA,0,0,Pass,Charter School of New Castle,Enrollment4_12,408,408
School to LEA,0,0,Pass,Charter School of New Castle,EnrollmentBasicK12,48,48
School to LEA,0,0,Pass,Charter School of New Castle,EnrollmentComplex,12,12
School to LEA,0,0,Pass,Charter School of New Castle,EnrollmentIntense,20,20
School to LEA,0,0,Pass,Charter School of New Castle,EnrollmentK3,271,271
School to LEA,0,0,Pass,Charter School of New Castle,EnrollmentPreK,0,0
School to LEA,0,0,Pass,Charter School of New Castle,Grade10Enrollment,0,0
School to LEA,0,0,Pass,Charter School of New Castle,K8Enrollment,759,759
School to LEA,0,0,Pass,Charter School of New Castle,LI,360,360
School to LEA,0,0,Pass,Charter School of New Castle,MLL,21,21
School to LEA,0,0,Pass,Charter School of New Castle,RegularEdEnrollment,679,679
School to LEA,0,0,Pass,Charter School of New Castle,SpecialEdEnrollment,80,80
School to LEA,0,0.05,Pass,Charter School of New Castle,Units4_12,20.4,20.4
School to LEA,0,0.05,Pass,Charter School of New Castle,UnitsBasicK12,5.71,5.71
School to LEA,0,0.05,Pass,Charter School of New Castle,UnitsComplex,4.62,4.62
School to LEA,0,0.05,Pass,Charter School of New Castle,UnitsIntense,3.33,3.33
School to LEA,0,0.05,Pass,Charter School of New Castle,UnitsK3,16.73,16.73
School to LEA,0,0.05,Pass,Charter School of New Castle,UnitsPreK,0,0
School to LEA,0,0.05,Pass,Charter School of New Castle,UnitsTotal,50.79,50.79
School to LEA,0,0.05,Pass,Charter School of New Castle,UnitsVocational,0,0
School to LEA,0,0.05,Pass,Charter School of New Castle,UnitsVocationalDeduct,0,0
School to LEA,0,0,Pass,Charter School of Wilmington,BaseUnitEnrollmentTotal,980,980
School to LEA,0,0,Pass,Charter School of Wilmington,Enrollment,980,980
School to LEA,0,0,Pass,Charter School of Wilmington,Enrollment4_12,966,966
School to LEA,0,0,Pass,Charter School of Wilmington,EnrollmentBasicK12,11,11
School to LEA,0,0,Pass,Charter School of Wilmington,EnrollmentComplex,1,1
School to LEA,0,0,Pass,Charter School of Wilmington,EnrollmentIntense,2,2
School to LEA,0,0,Pass,Charter School of Wilmington,EnrollmentK3,0,0
School to LEA,0,0,Pass,Charter School of Wilmington,EnrollmentPreK,0,0
School to LEA,0,0,Pass,Charter School of Wilmington,Grade10Enrollment,249,249
School to LEA,0,0,Pass,Charter School of Wilmington,K8Enrollment,0,0
School to LEA,0,0,Pass,Charter School of Wilmington,LI,28,28
School to LEA,0,0,Pass,Charter School of Wilmington,MLL,4,4
School to LEA,0,0,Pass,Charter School of Wilmington,RegularEdEnrollment,966,966
School to LEA,0,0,Pass,Charter School of Wilmington,SpecialEdEnrollment,14,14
School to LEA,0,0.05,Pass,Charter School of Wilmington,Units4_12,48.3,48.3
School to LEA,0,0.05,Pass,Charter School of Wilmington,UnitsBasicK12,1.31,1.31
School to LEA,0,0.05,Pass,Charter School of Wilmington,UnitsComplex,0.38,0.38
School to LEA,0,0.05,Pass,Charter School of Wilmington,UnitsIntense,0.33,0.33
School to LEA,0,0.05,Pass,Charter School of Wilmington,UnitsK3,0,0
School to LEA,0,0.05,Pass,Charter School of Wilmington,UnitsPreK,0,0
School to LEA,0,0.05,Pass,Charter School of Wilmington,UnitsTotal,50.32,50.32
School to LEA,0,0.05,Pass,Charter School of Wilmington,UnitsVocational,0,0
School to LEA,0,0.05,Pass,Charter School of Wilmington,UnitsVocationalDeduct,0,0
School to LEA,0,0,Pass,Christina School District,BaseUnitEnrollmentTotal,12799,12799
School to LEA,0,0,Pass,Christina School District,Enrollment,12799,12799
School to LEA,0,0,Pass,Christina School District,Enrollment4_12,6025,6025
School to LEA,0,0,Pass,Christina School District,EnrollmentBasicK12,1072,1072
School to LEA,0,0,Pass,Christina School District,EnrollmentComplex,1278,1278
School to LEA,0,0,Pass,Christina School District,EnrollmentIntense,950,950
School to LEA,0,0,Pass,Christina School District,EnrollmentK3,3209,3209
School to LEA,0,0,Pass,Christina School District,EnrollmentPreK,265,265
School to LEA,0,0,Pass,Christina School District,Grade10Enrollment,836,836
School to LEA,0,0,Pass,Christina School District,K8Enrollment,8970,8970
School to LEA,0,0,Pass,Christina School District,LI,4434,4434
School to LEA,0,0,Pass,Christina School District,MLL,1899,1899
School to LEA,0,0,Pass,Christina School District,RegularEdEnrollment,9234,9234
School to LEA,0,0,Pass,Christina School District,SpecialEdEnrollment,3565,3565
School to LEA,-0,0.05,Pass,Christina School District,Units4_12,301.25,301.25
School to LEA,-0.01,0.05,Pass,Christina School District,UnitsBasicK12,127.62,127.61
School to LEA,-0.01,0.05,Pass,Christina School District,UnitsComplex,491.54,491.53
School to LEA,-0,0.05,Pass,Christina School District,UnitsIntense,158.33,158.33
School to LEA,0,0.05,Pass,Christina School District,UnitsK3,198.09,198.09
School to LEA,0,0.05,Pass,Christina School District,UnitsPreK,31.55,31.55
School to LEA,-0.03,0.05,Pass,Christina School District,UnitsTotal,1331.99,1331.96
School to LEA,-0.01,0.05,Pass,Christina School District,UnitsVocational,47.23,47.22
School to LEA,0,0.05,Pass,Christina School District,UnitsVocationalDeduct,-23.62,-23.62
School to LEA,0,0,Pass,Colonial School District,BaseUnitEnrollmentTotal,8273,8273
School to LEA,0,0,Pass,Colonial School District,Enrollment,8273,8273
School to LEA,0,0,Pass,Colonial School District,Enrollment4_12,3993,3993
School to LEA,0,0,Pass,Colonial School District,EnrollmentBasicK12,690,690
School to LEA,0,0,Pass,Colonial School District,EnrollmentComplex,420,420
School to LEA,0,0,Pass,Colonial School District,EnrollmentIntense,931,931
School to LEA,0,0,Pass,Colonial School District,EnrollmentK3,2122,2122
School to LEA,0,0,Pass,Colonial School District,EnrollmentPreK,117,117
School to LEA,0,0,Pass,Colonial School District,Grade10Enrollment,541,541
School to LEA,0,0,Pass,Colonial School District,K8Enrollment,5975,5975
School to LEA,0,0,Pass,Colonial School District,LI,2635,2635
School to LEA,0,0,Pass,Colonial School District,MLL,1212,1212
School to LEA,0,0,Pass,Colonial School District,RegularEdEnrollment,6115,6115
School to LEA,0,0,Pass,Colonial School District,SpecialEdEnrollment,2158,2158
School to LEA,-0,0.05,Pass,Colonial School District,Units4_12,199.65,199.65
School to LEA,-0.01,0.05,Pass,Colonial School District,UnitsBasicK12,82.14,82.13
School to LEA,0,0.05,Pass,Colonial School District,UnitsComplex,161.54,161.54
School to LEA,0.01,0.05,Pass,Colonial School District,UnitsIntense,155.17,155.18
School to LEA,-0.01,0.05,Pass,Colonial School District,UnitsK3,130.99,130.98
School to LEA,0,0.05,Pass,Colonial School District,UnitsPreK,13.93,13.93
School to LEA,-0.02,0.05,Pass,Colonial School District,UnitsTotal,765.29,765.27
School to LEA,0,0.05,Pass,Colonial School District,UnitsVocational,43.74,43.74
School to LEA,-0.01,0.05,Pass,Colonial School District,UnitsVocationalDeduct,-21.87,-21.88
School to LEA,0,0,Pass,Delaware Military Academy,BaseUnitEnrollmentTotal,555,555
School to LEA,0,0,Pass,Delaware Military Academy,Enrollment,555,555
School to LEA,0,0,Pass,Delaware Military Academy,Enrollment4_12,501,501
School to LEA,0,0,Pass,Delaware Military Academy,EnrollmentBasicK12,54,54
School to LEA,0,0,Pass,Delaware Military Academy,EnrollmentComplex,0,0
School to LEA,0,0,Pass,Delaware Military Academy,EnrollmentIntense,0,0
School to LEA,0,0,Pass,Delaware Military Academy,EnrollmentK3,0,0
School to LEA,0,0,Pass,Delaware Military Academy,EnrollmentPreK,0,0
School to LEA,0,0,Pass,Delaware Military Academy,Grade10Enrollment,150,150
School to LEA,0,0,Pass,Delaware Military Academy,K8Enrollment,0,0
School to LEA,0,0,Pass,Delaware Military Academy,LI,63,63
School to LEA,0,0,Pass,Delaware Military Academy,MLL,16,16
School to LEA,0,0,Pass,Delaware Military Academy,RegularEdEnrollment,501,501
School to LEA,0,0,Pass,Delaware Military Academy,SpecialEdEnrollment,54,54
School to LEA,0,0.05,Pass,Delaware Military Academy,Units4_12,25.05,25.05
School to LEA,0,0.05,Pass,Delaware Military Academy,UnitsBasicK12,6.43,6.43
School to LEA,0,0.05,Pass,Delaware Military Academy,UnitsComplex,0,0
School to LEA,0,0.05,Pass,Delaware Military Academy,UnitsIntense,0,0
School to LEA,0,0.05,Pass,Delaware Military Academy,UnitsK3,0,0
School to LEA,0,0.05,Pass,Delaware Military Academy,UnitsPreK,0,0
School to LEA,0,0.05,Pass,Delaware Military Academy,UnitsTotal,33.23,33.23
School to LEA,0,0.05,Pass,Delaware Military Academy,UnitsVocational,3.5,3.5
School to LEA,0,0.05,Pass,Delaware Military Academy,UnitsVocationalDeduct,-1.75,-1.75
School to LEA,0,0,Pass,Delmar School District,BaseUnitEnrollmentTotal,1471,1471
School to LEA,0,0,Pass,Delmar School District,Enrollment,1471,1471
School to LEA,0,0,Pass,Delmar School District,Enrollment4_12,1325,1325
School to LEA,0,0,Pass,Delmar School District,EnrollmentBasicK12,90,90
School to LEA,0,0,Pass,Delmar School District,EnrollmentComplex,18,18
School to LEA,0,0,Pass,Delmar School District,EnrollmentIntense,30,30
School to LEA,0,0,Pass,Delmar School District,EnrollmentK3,0,0
School to LEA,0,0,Pass,Delmar School District,EnrollmentPreK,8,8
School to LEA,0,0,Pass,Delmar School District,Grade10Enrollment,175,175
School to LEA,0,0,Pass,Delmar School District,K8Enrollment,767,767
School to LEA,0,0,Pass,Delmar School District,LI,189,189
School to LEA,0,0,Pass,Delmar School District,MLL,90,90
School to LEA,0,0,Pass,Delmar School District,RegularEdEnrollment,1325,1325
School to LEA,0,0,Pass,Delmar School District,SpecialEdEnrollment,146,146
School to LEA,0,0.05,Pass,Delmar School District,Units4_12,66.25,66.25
School to LEA,0,0.05,Pass,Delmar School District,UnitsBasicK12,10.71,10.71
School to LEA,0,0.05,Pass,Delmar School District,UnitsComplex,6.92,6.92
School to LEA,0,0.05,Pass,Delmar School District,UnitsIntense,5,5
School to LEA,0,0.05,Pass,Delmar School District,UnitsK3,0,0
School to LEA,0,0.05,Pass,Delmar School District,UnitsPreK,0.95,0.95
School to LEA,0,0.05,Pass,Delmar School District,UnitsTotal,96.92,96.92
School to LEA,0,0.05,Pass,Delmar School District,UnitsVocational,14.18,14.18
School to LEA,0,0.05,Pass,Delmar School District,UnitsVocationalDeduct,-7.09,-7.09
School to LEA,0,0,Pass,Dover Air Force Base,BaseUnitEnrollmentTotal,477,477
School to LEA,0,0,Pass,Dover Air Force Base,Enrollment,477,477
School to LEA,0,0,Pass,Dover Air Force Base,Enrollment4_12,219,219
School to LEA,0,0,Pass,Dover Air Force Base,EnrollmentBasicK12,53,53
School to LEA,0,0,Pass,Dover Air Force Base,EnrollmentComplex,13,13
School to LEA,0,0,Pass,Dover Air Force Base,EnrollmentIntense,18,18
School to LEA,0,0,Pass,Dover Air Force Base,EnrollmentK3,174,174
School to LEA,0,0,Pass,Dover Air Force Base,EnrollmentPreK,0,0
School to LEA,0,0,Pass,Dover Air Force Base,Grade10Enrollment,14,14
School to LEA,0,0,Pass,Dover Air Force Base,K8Enrollment,416,416
School to LEA,0,0,Pass,Dover Air Force Base,LI,22,22
School to LEA,0,0,Pass,Dover Air Force Base,MLL,8,8
School to LEA,0,0,Pass,Dover Air Force Base,RegularEdEnrollment,393,393
School to LEA,0,0,Pass,Dover Air Force Base,SpecialEdEnrollment,84,84
School to LEA,0,0.05,Pass,Dover Air Force Base,Units4_12,10.95,10.95
School to LEA,0,0.05,Pass,Dover Air Force Base,UnitsBasicK12,6.31,6.31
School to LEA,0,0.05,Pass,Dover Air Force Base,UnitsComplex,5,5
School to LEA,0,0.05,Pass,Dover Air Force Base,UnitsIntense,3,3
School to LEA,0,0.05,Pass,Dover Air Force Base,UnitsK3,10.74,10.74
School to LEA,0,0.05,Pass,Dover Air Force Base,UnitsPreK,0,0
School to LEA,0,0.05,Pass,Dover Air Force Base,UnitsTotal,36.18,36.18
School to LEA,0,0.05,Pass,Dover Air Force Base,UnitsVocational,0.37,0.37
School to LEA,0,0.05,Pass,Dover Air Force Base,UnitsVocationalDeduct,-0.19,-0.19
School to LEA,0,0,Pass,Early College High School at Del State,BaseUnitEnrollmentTotal,597,597
School to LEA,0,0,Pass,Early College High School at Del State,Enrollment,597,597
School to LEA,0,0,Pass,Early College High School at Del State,Enrollment4_12,536,536
School to LEA,0,0,Pass,Early College High School at Del State,EnrollmentBasicK12,51,51
School to LEA,0,0,Pass,Early College High School at Del State,EnrollmentComplex,5,5
School to LEA,0,0,Pass,Early College High School at Del State,EnrollmentIntense,5,5
School to LEA,0,0,Pass,Early College High School at Del State,EnrollmentK3,0,0
School to LEA,0,0,Pass,Early College High School at Del State,EnrollmentPreK,0,0
School to LEA,0,0,Pass,Early College High School at Del State,Grade10Enrollment,133,133
School to LEA,0,0,Pass,Early College High School at Del State,K8Enrollment,184,184
School to LEA,0,0,Pass,Early College High School at Del State,LI,186,186
School to LEA,0,0,Pass,Early College High School at Del State,MLL,17,17
School to LEA,0,0,Pass,Early College High School at Del State,RegularEdEnrollment,536,536
School to LEA,0,0,Pass,Early College High School at Del State,SpecialEdEnrollment,61,61
School to LEA,0,0.05,Pass,Early College High School at Del State,Units4_12,26.8,26.8
School to LEA,0,0.05,Pass,Early College High School at Del State,UnitsBasicK12,6.07,6.07
School to LEA,0,0.05,Pass,Early College High School at Del State,UnitsComplex,1.92,1.92
School to LEA,0,0.05,Pass,Early College High School at Del State,UnitsIntense,0.83,0.83
School to LEA,0,0.05,Pass,Early College High School at Del State,UnitsK3,0,0
School to LEA,0,0.05,Pass,Early College High School at Del State,UnitsPreK,0,0
School to LEA,0,0.05,Pass,Early College High School at Del State,UnitsTotal,35.62,35.62
School to LEA,0,0.05,Pass,Early College High School at Del State,UnitsVocational,0,0
School to LEA,0,0.05,Pass,Early College High School at Del State,UnitsVocationalDeduct,0,0
School to LEA,0,0,Pass,East Side Charter School,BaseUnitEnrollmentTotal,460,460
School to LEA,0,0,Pass,East Side Charter School,Enrollment,460,460
School to LEA,0,0,Pass,East Side Charter School,Enrollment4_12,203,203
School to LEA,0,0,Pass,East Side Charter School,EnrollmentBasicK12,61,61
School to LEA,0,0,Pass,East Side Charter School,EnrollmentComplex,7,7
School to LEA,0,0,Pass,East Side Charter School,EnrollmentIntense,20,20
School to LEA,0,0,Pass,East Side Charter School,EnrollmentK3,169,169
School to LEA,0,0,Pass,East Side Charter School,EnrollmentPreK,0,0
School to LEA,0,0,Pass,East Side Charter School,Grade10Enrollment,0,0
School to LEA,0,0,Pass,East Side Charter School,K8Enrollment,460,460
School to LEA,0,0,Pass,East Side Charter School,LI,327,327
School to LEA,0,0,Pass,East Side Charter School,MLL,4,4
School to LEA,0,0,Pass,East Side Charter School,RegularEdEnrollment,372,372
School to LEA,0,0,Pass,East Side Charter School,SpecialEdEnrollment,88,88
School to LEA,0,0.05,Pass,East Side Charter School,Units4_12,10.15,10.15
School to LEA,0,0.05,Pass,East Side Charter School,UnitsBasicK12,7.26,7.26
School to LEA,0,0.05,Pass,East Side Charter School,UnitsComplex,2.69,2.69
School to LEA,0,0.05,Pass,East Side Charter School,UnitsIntense,3.33,3.33
School to LEA,0,0.05,Pass,East Side Charter School,UnitsK3,10.43,10.43
School to LEA,0,0.05,Pass,East Side Charter School,UnitsPreK,0,0
School to LEA,0,0.05,Pass,East Side Charter School,UnitsTotal,33.86,33.86
School to LEA,0,0.05,Pass,East Side Charter School,UnitsVocational,0,0
School to LEA,0,0.05,Pass,East Side Charter School,UnitsVocationalDeduct,0,0
School to LEA,0,0,Pass,Edison (Thomas A.) Charter School,BaseUnitEnrollmentTotal,538,538
School to LEA,0,0,Pass,Edison (Thomas A.) Charter School,Enrollment,538,538
School to LEA,0,0,Pass,Edison (Thomas A.) Charter School,Enrollment4_12,245,245
School to LEA,0,0,Pass,Edison (Thomas A.) Charter School,EnrollmentBasicK12,44,44
School to LEA,0,0,Pass,Edison (Thomas A.) Charter School,EnrollmentComplex,16,16
School to LEA,0,0,Pass,Edison (Thomas A.) Charter School,EnrollmentIntense,25,25
School to LEA,0,0,Pass,Edison (Thomas A.) Charter School,EnrollmentK3,208,208
School to LEA,0,0,Pass,Edison (Thomas A.) Charter School,EnrollmentPreK,0,0
School to LEA,0,0,Pass,Edison (Thomas A.) Charter School,Grade10Enrollment,0,0
School to LEA,0,0,Pass,Edison (Thomas A.) Charter School,K8Enrollment,538,538
School to LEA,0,0,Pass,Edison (Thomas A.) Charter School,LI,409,409
School to LEA,0,0,Pass,Edison (Thomas A.) Charter School,MLL,1,1
School to LEA,0,0,Pass,Edison (Thomas A.) Charter School,RegularEdEnrollment,453,453
School to LEA,0,0,Pass,Edison (Thomas A.) Charter School,SpecialEdEnrollment,85,85
School to LEA,0,0.05,Pass,Edison (Thomas A.) Charter School,Units4_12,12.25,12.25
School to LEA,0,0.05,Pass,Edison (Thomas A.) Charter School,UnitsBasicK12,5.24,5.24
School to LEA,0,0.05,Pass,Edison (Thomas A.) Charter School,UnitsComplex,6.15,6.15
School to LEA,0,0.05,Pass,Edison (Thomas A.) Charter School,UnitsIntense,4.17,4.17
School to LEA,0,0.05,Pass,Edison (Thomas A.) Charter School,UnitsK3,12.84,12.84
School to LEA,0,0.05,Pass,Edison (Thomas A.) Charter School,UnitsPreK,0,0
School to LEA,0,0.05,Pass,Edison (Thomas A.) Charter School,UnitsTotal,40.65,40.65
School to LEA,0,0.05,Pass,Edison (Thomas A.) Charter School,UnitsVocational,0,0
School to LEA,0,0.05,Pass,Edison (Thomas A.) Charter School,UnitsVocationalDeduct,0,0
School to LEA,0,0,Pass,First State Military Academy,BaseUnitEnrollmentTotal,424,424
School to LEA,0,0,Pass,First State Military Academy,Enrollment,424,424
School to LEA,0,0,Pass,First State Military Academy,Enrollment4_12,340,340
School to LEA,0,0,Pass,First State Military Academy,EnrollmentBasicK12,58,58
School to LEA,0,0,Pass,First State Military Academy,EnrollmentComplex,7,7
School to LEA,0,0,Pass,First State Military Academy,EnrollmentIntense,19,19
School to LEA,0,0,Pass,First State Military Academy,EnrollmentK3,0,0
School to LEA,0,0,Pass,First State Military Academy,EnrollmentPreK,0,0
School to LEA,0,0,Pass,First State Military Academy,Grade10Enrollment,116,116
School to LEA,0,0,Pass,First State Military Academy,K8Enrollment,0,0
School to LEA,0,0,Pass,First State Military Academy,LI,67,67
School to LEA,0,0,Pass,First State Military Academy,MLL,27,27
School to LEA,0,0,Pass,First State Military Academy,RegularEdEnrollment,340,340
School to LEA,0,0,Pass,First State Military Academy,SpecialEdEnrollment,84,84
School to LEA,0,0.05,Pass,First State Military Academy,Units4_12,17,17
School to LEA,0,0.05,Pass,First State Military Academy,UnitsBasicK12,6.9,6.9
School to LEA,0,0.05,Pass,First State Military Academy,UnitsComplex,2.69,2.69
School to LEA,0,0.05,Pass,First State Military Academy,UnitsIntense,3.17,3.17
School to LEA,0,0.05,Pass,First State Military Academy,UnitsK3,0,0
School to LEA,0,0.05,Pass,First State Military Academy,UnitsPreK,0,0
School to LEA,0,0.05,Pass,First State Military Academy,UnitsTotal,29.76,29.76
School to LEA,0,0.05,Pass,First State Military Academy,UnitsVocational,0,0
School to LEA,0,0.05,Pass,First State Military Academy,UnitsVocationalDeduct,0,0
School to LEA,0,0,Pass,First State Montessori Academy,BaseUnitEnrollmentTotal,648,648
School to LEA,0,0,Pass,First State Montessori Academy,Enrollment,648,648
School to LEA,0,0,Pass,First State Montessori Academy,Enrollment4_12,285,285
School to LEA,0,0,Pass,First State Montessori Academy,EnrollmentBasicK12,56,56
School to LEA,0,0,Pass,First State Montessori Academy,EnrollmentComplex,5,5
School to LEA,0,0,Pass,First State Montessori Academy,EnrollmentIntense,29,29
School to LEA,0,0,Pass,First State Montessori Academy,EnrollmentK3,273,273
School to LEA,0,0,Pass,First State Montessori Academy,EnrollmentPreK,0,0
School to LEA,0,0,Pass,First State Montessori Academy,Grade10Enrollment,0,0
School to LEA,0,0,Pass,First State Montessori Academy,K8Enrollment,648,648
School to LEA,0,0,Pass,First State Montessori Academy,LI,64,64
School to LEA,0,0,Pass,First State Montessori Academy,MLL,2,2
School to LEA,0,0,Pass,First State Montessori Academy,RegularEdEnrollment,558,558
School to LEA,0,0,Pass,First State Montessori Academy,SpecialEdEnrollment,90,90
School to LEA,0,0.05,Pass,First State Montessori Academy,Units4_12,14.25,14.25
School to LEA,0,0.05,Pass,First State Montessori Academy,UnitsBasicK12,6.67,6.67
School to LEA,0,0.05,Pass,First State Montessori Academy,UnitsComplex,1.92,1.92
School to LEA,0,0.05,Pass,First State Montessori Academy,UnitsIntense,4.83,4.83
School to LEA,0,0.05,Pass,First State Montessori Academy,UnitsK3,16.85,16.85
School to LEA,0,0.05,Pass,First State Montessori Academy,UnitsPreK,0,0
School to LEA,0,0.05,Pass,First State Montessori Academy,UnitsTotal,44.52,44.52
School to LEA,0,0.05,Pass,First State Montessori Academy,UnitsVocational,0,0
School to LEA,0,0.05,Pass,First State Montessori Academy,UnitsVocationalDeduct,0,0
School to LEA,0,0,Pass,Freire Charter School Wilmington,BaseUnitEnrollmentTotal,370,370
School to LEA,0,0,Pass,Freire Charter School Wilmington,Enrollment,370,370
School to LEA,0,0,Pass,Freire Charter School Wilmington,Enrollment4_12,257,257
School to LEA,0,0,Pass,Freire Charter School Wilmington,EnrollmentBasicK12,68,68
School to LEA,0,0,Pass,Freire Charter School Wilmington,EnrollmentComplex,8,8
School to LEA,0,0,Pass,Freire Charter School Wilmington,EnrollmentIntense,37,37
School to LEA,0,0,Pass,Freire Charter School Wilmington,EnrollmentK3,0,0
School to LEA,0,0,Pass,Freire Charter School Wilmington,EnrollmentPreK,0,0
School to LEA,0,0,Pass,Freire Charter School Wilmington,Grade10Enrollment,64,64
School to LEA,0,0,Pass,Freire Charter School Wilmington,K8Enrollment,71,71
School to LEA,0,0,Pass,Freire Charter School Wilmington,LI,176,176
School to LEA,0,0,Pass,Freire Charter School Wilmington,MLL,19,19
School to LEA,0,0,Pass,Freire Charter School Wilmington,RegularEdEnrollment,257,257
School to LEA,0,0,Pass,Freire Charter School Wilmington,SpecialEdEnrollment,113,113
School to LEA,0,0.05,Pass,Freire Charter School Wilmington,Units4_12,12.85,12.85
School to LEA,0,0.05,Pass,Freire Charter School Wilmington,UnitsBasicK12,8.1,8.1
School to LEA,0,0.05,Pass,Freire Charter School Wilmington,UnitsComplex,3.08,3.08
School to LEA,0,0.05,Pass,Freire Charter School Wilmington,UnitsIntense,6.17,6.17
School to LEA,0,0.05,Pass,Freire Charter School Wilmington,UnitsK3,0,0
School to LEA,0,0.05,Pass,Freire Charter School Wilmington,UnitsPreK,0,0
School to LEA,0,0.05,Pass,Freire Charter School Wilmington,UnitsTotal,30.2,30.2
School to LEA,0,0.05,Pass,Freire Charter School Wilmington,UnitsVocational,0,0
School to LEA,0,0.05,Pass,Freire Charter School Wilmington,UnitsVocationalDeduct,0,0
School to LEA,0,0,Pass,Gateway Charter School,BaseUnitEnrollmentTotal,211,211
School to LEA,0,0,Pass,Gateway Charter School,Enrollment,211,211
School to LEA,0,0,Pass,Gateway Charter School,Enrollment4_12,59,59
School to LEA,0,0,Pass,Gateway Charter School,EnrollmentBasicK12,49,49
School to LEA,0,0,Pass,Gateway Charter School,EnrollmentComplex,11,11
School to LEA,0,0,Pass,Gateway Charter School,EnrollmentIntense,26,26
School to LEA,0,0,Pass,Gateway Charter School,EnrollmentK3,66,66
School to LEA,0,0,Pass,Gateway Charter School,EnrollmentPreK,0,0
School to LEA,0,0,Pass,Gateway Charter School,Grade10Enrollment,0,0
School to LEA,0,0,Pass,Gateway Charter School,K8Enrollment,211,211
School to LEA,0,0,Pass,Gateway Charter School,LI,98,98
School to LEA,0,0,Pass,Gateway Charter School,MLL,4,4
School to LEA,0,0,Pass,Gateway Charter School,RegularEdEnrollment,125,125
School to LEA,0,0,Pass,Gateway Charter School,SpecialEdEnrollment,86,86
School to LEA,0,0.05,Pass,Gateway Charter School,Units4_12,2.95,2.95
School to LEA,0,0.05,Pass,Gateway Charter School,UnitsBasicK12,5.83,5.83
School to LEA,0,0.05,Pass,Gateway Charter School,UnitsComplex,4.23,4.23
School to LEA,0,0.05,Pass,Gateway Charter School,UnitsIntense,4.33,4.33
School to LEA,0,0.05,Pass,Gateway Charter School,UnitsK3,4.07,4.07
School to LEA,0,0.05,Pass,Gateway Charter School,UnitsPreK,0,0
School to LEA,0,0.05,Pass,Gateway Charter School,UnitsTotal,21.41,21.41
School to LEA,0,0.05,Pass,Gateway Charter School,UnitsVocational,0,0
School to LEA,0,0.05,Pass,Gateway Charter School,UnitsVocationalDeduct,0,0
School to LEA,0,0,Pass,Great Oaks Charter School,BaseUnitEnrollmentTotal,141,141
School to LEA,0,0,Pass,Great Oaks Charter School,Enrollment,141,141
School to LEA,0,0,Pass,Great Oaks Charter School,Enrollment4_12,80,80
School to LEA,0,0,Pass,Great Oaks Charter School,EnrollmentBasicK12,23,23
School to LEA,0,0,Pass,Great Oaks Charter School,EnrollmentComplex,9,9
School to LEA,0,0,Pass,Great Oaks Charter School,EnrollmentIntense,29,29
School to LEA,0,0,Pass,Great Oaks Charter School,EnrollmentK3,0,0
School to LEA,0,0,Pass,Great Oaks Charter School,EnrollmentPreK,0,0
School to LEA,0,0,Pass,Great Oaks Charter School,Grade10Enrollment,39,39
School to LEA,0,0,Pass,Great Oaks Charter School,K8Enrollment,0,0
School to LEA,0,0,Pass,Great Oaks Charter School,LI,87,87
School to LEA,0,0,Pass,Great Oaks Charter School,MLL,5,5
School to LEA,0,0,Pass,Great Oaks Charter School,RegularEdEnrollment,80,80
School to LEA,0,0,Pass,Great Oaks Charter School,SpecialEdEnrollment,61,61
School to LEA,0,0.05,Pass,Great Oaks Charter School,Units4_12,4,4
School to LEA,0,0.05,Pass,Great Oaks Charter School,UnitsBasicK12,2.74,2.74
School to LEA,0,0.05,Pass,Great Oaks Charter School,UnitsComplex,3.46,3.46
School to LEA,0,0.05,Pass,Great Oaks Charter School,UnitsIntense,4.83,4.83
School to LEA,0,0.05,Pass,Great Oaks Charter School,UnitsK3,0,0
School to LEA,0,0.05,Pass,Great Oaks Charter School,UnitsPreK,0,0
School to LEA,0,0.05,Pass,Great Oaks Charter School,UnitsTotal,15.03,15.03
School to LEA,0,0.05,Pass,Great Oaks Charter School,UnitsVocational,0,0
School to LEA,0,0.05,Pass,Great Oaks Charter School,UnitsVocationalDeduct,0,0
School to LEA,0,0,Pass,Indian River School District,BaseUnitEnrollmentTotal,10620,10620
School to LEA,0,0,Pass,Indian River School District,Enrollment,10620,10620
School to LEA,0,0,Pass,Indian River School District,Enrollment4_12,5905,5905
School to LEA,0,0,Pass,Indian River School District,EnrollmentBasicK12,757,757
School to LEA,0,0,Pass,Indian River School District,EnrollmentComplex,500,500
School to LEA,0,0,Pass,Indian River School District,EnrollmentIntense,622,622
School to LEA,0,0,Pass,Indian River School District,EnrollmentK3,2725,2725
School to LEA,0,0,Pass,Indian River School District,EnrollmentPreK,111,111
School to LEA,0,0,Pass,Indian River School District,Grade10Enrollment,788,788
School to LEA,0,0,Pass,Indian River School District,K8Enrollment,7349,7349
School to LEA,0,0,Pass,Indian River School District,LI,2523,2523
School to LEA,0,0,Pass,Indian River School District,MLL,2689,2689
School to LEA,0,0,Pass,Indian River School District,RegularEdEnrollment,8630,8630
School to LEA,0,0,Pass,Indian River School District,SpecialEdEnrollment,1990,1990
School to LEA,0,0.05,Pass,Indian River School District,Units4_12,295.25,295.25
School to LEA,0.01,0.05,Pass,Indian River School District,UnitsBasicK12,90.12,90.13
School to LEA,0.01,0.05,Pass,Indian River School District,UnitsComplex,192.31,192.32
School to LEA,-0.01,0.05,Pass,Indian River School District,UnitsIntense,103.67,103.66
School to LEA,0.01,0.05,Pass,Indian River School District,UnitsK3,168.21,168.22
School to LEA,0,0.05,Pass,Indian River School District,UnitsPreK,13.21,13.21
School to LEA,0,0.05,Pass,Indian River School District,UnitsTotal,886.74,886.74
School to LEA,-0.01,0.05,Pass,Indian River School District,UnitsVocational,47.95,47.94
School to LEA,-0.01,0.05,Pass,Indian River School District,UnitsVocationalDeduct,-23.98,-23.99
School to LEA,0,0,Pass,Kuumba Academy Charter School,BaseUnitEnrollmentTotal,556,556
School to LEA,0,0,Pass,Kuumba Academy Charter School,Enrollment,556,556
School to LEA,0,0,Pass,Kuumba Academy Charter School,Enrollment4_12,237,237
School to LEA,0,0,Pass,Kuumba Academy Charter School,EnrollmentBasicK12,55,55
School to LEA,0,0,Pass,Kuumba Academy Charter School,EnrollmentComplex,6,6
School to LEA,0,0,Pass,Kuumba Academy Charter School,EnrollmentIntense,30,30
School to LEA,0,0,Pass,Kuumba Academy Charter School,EnrollmentK3,228,228
School to LEA,0,0,Pass,Kuumba Academy Charter School,EnrollmentPreK,0,0
School to LEA,0,0,Pass,Kuumba Academy Charter School,Grade10Enrollment,0,0
School to LEA,0,0,Pass,Kuumba Academy Charter School,K8Enrollment,556,556
School to LEA,0,0,Pass,Kuumba Academy Charter School,LI,342,342
School to LEA,0,0,Pass,Kuumba Academy Charter School,MLL,2,2
School to LEA,0,0,Pass,Kuumba Academy Charter School,RegularEdEnrollment,465,465
School to LEA,0,0,Pass,Kuumba Academy Charter School,SpecialEdEnrollment,91,91
School to LEA,0,0.05,Pass,Kuumba Academy Charter School,Units4_12,11.85,11.85
School to LEA,0,0.05,Pass,Kuumba Academy Charter School,UnitsBasicK12,6.55,6.55
School to LEA,0,0.05,Pass,Kuumba Academy Charter School,UnitsComplex,2.31,2.31
School to LEA,0,0.05,Pass,Kuumba Academy Charter School,UnitsIntense,5,5
School to LEA,0,0.05,Pass,Kuumba Academy Charter School,UnitsK3,14.07,14.07
School to LEA,0,0.05,Pass,Kuumba Academy Charter School,UnitsPreK,0,0
School to LEA,0,0.05,Pass,Kuumba Academy Charter School,UnitsTotal,39.78,39.78
School to LEA,0,0.05,Pass,Kuumba Academy Charter School,UnitsVocational,0,0
School to LEA,0,0.05,Pass,Kuumba Academy Charter School,UnitsVocationalDeduct,0,0
School to LEA,0,0,Pass,Lake Forest School District,BaseUnitEnrollmentTotal,3764,3764
School to LEA,0,0,Pass,Lake Forest School District,Enrollment,3764,3764
School to LEA,0,0,Pass,Lake Forest School District,Enrollment4_12,1970,1970
School to LEA,0,0,Pass,Lake Forest School District,EnrollmentBasicK12,476,476
School to LEA,0,0,Pass,Lake Forest School District,EnrollmentComplex,117,117
School to LEA,0,0,Pass,Lake Forest School District,EnrollmentIntense,127,127
School to LEA,0,0,Pass,Lake Forest School District,EnrollmentK3,1033,1033
School to LEA,0,0,Pass,Lake Forest School District,EnrollmentPreK,41,41
School to LEA,0,0,Pass,Lake Forest School District,Grade10Enrollment,279,279
School to LEA,0,0,Pass,Lake Forest School District,K8Enrollment,2674,2674
School to LEA,0,0,Pass,Lake Forest School District,LI,1190,1190
School to LEA,0,0,Pass,Lake Forest School District,MLL,155,155
School to LEA,0,0,Pass,Lake Forest School District,RegularEdEnrollment,3003,3003
School to LEA,0,0,Pass,Lake Forest School District,SpecialEdEnrollment,761,761
School to LEA,0,0.05,Pass,Lake Forest School District,Units4_12,98.5,98.5
School to LEA,-0.02,0.05,Pass,Lake Forest School District,UnitsBasicK12,56.67,56.65
School to LEA,0,0.05,Pass,Lake Forest School District,UnitsComplex,45,45
School to LEA,0,0.05,Pass,Lake Forest School District,UnitsIntense,21.17,21.17
School to LEA,-0,0.05,Pass,Lake Forest School District,UnitsK3,63.77,63.77
School to LEA,0,0.05,Pass,Lake Forest School District,UnitsPreK,4.88,4.88
School to LEA,-0.02,0.05,Pass,Lake Forest School District,UnitsTotal,298.18,298.16
School to LEA,-0.01,0.05,Pass,Lake Forest School District,UnitsVocational,16.39,16.38
School to LEA,0.01,0.05,Pass,Lake Forest School District,UnitsVocationalDeduct,-8.2,-8.19
School to LEA,0,0,Pass,Laurel School District,BaseUnitEnrollmentTotal,2499,2499
School to LEA,0,0,Pass,Laurel School District,Enrollment,2499,2499
School to LEA,0,0,Pass,Laurel School District,Enrollment4_12,1347,1347
School to LEA,0,0,Pass,Laurel School District,EnrollmentBasicK12,279,279
School to LEA,0,0,Pass,Laurel School District,EnrollmentComplex,67,67
School to LEA,0,0,Pass,Laurel School District,EnrollmentIntense,63,63
School to LEA,0,0,Pass,Laurel School District,EnrollmentK3,718,718
School to LEA,0,0,Pass,Laurel School District,EnrollmentPreK,25,25
School to LEA,0,0,Pass,Laurel School District,Grade10Enrollment,199,199
School to LEA,0,0,Pass,Laurel School District,K8Enrollment,1768,1768
School to LEA,0,0,Pass,Laurel School District,LI,965,965
School to LEA,0,0,Pass,Laurel School District,MLL,581,581
School to LEA,0,0,Pass,Laurel School District,RegularEdEnrollment,2065,2065
School to LEA,0,0,Pass,Laurel School District,SpecialEdEnrollment,434,434
School to LEA,0,0.05,Pass,Laurel School District,Units4_12,67.35,67.35
School to LEA,0.01,0.05,Pass,Laurel School District,UnitsBasicK12,33.21,33.22
School to LEA,0,0.05,Pass,Laurel School District,UnitsComplex,25.77,25.77
School to LEA,0,0.05,Pass,Laurel School District,UnitsIntense,10.5,10.5
School to LEA,0,0.05,Pass,Laurel School District,UnitsK3,44.32,44.32
School to LEA,0,0.05,Pass,Laurel School District,UnitsPreK,2.98,2.98
School to LEA,-0,0.05,Pass,Laurel School District,UnitsTotal,190.15,190.15
School to LEA,0,0.05,Pass,Laurel School District,UnitsVocational,12.04,12.04
School to LEA,-0.01,0.05,Pass,Laurel School District,UnitsVocationalDeduct,-6.02,-6.03
School to LEA,0,0,Pass,MOT Charter School,BaseUnitEnrollmentTotal,1390,1390
School to LEA,0,0,Pass,MOT Charter School,Enrollment,1390,1390
School to LEA,0,0,Pass,MOT Charter School,Enrollment4_12,986,986
School to LEA,0,0,Pass,MOT Charter School,EnrollmentBasicK12,85,85
School to LEA,0,0,Pass,MOT Charter School,EnrollmentComplex,10,10
School to LEA,0,0,Pass,MOT Charter School,EnrollmentIntense,36,36
School to LEA,0,0,Pass,MOT Charter School,EnrollmentK3,273,273
School to LEA,0,0,Pass,MOT Charter School,EnrollmentPreK,0,0
School to LEA,0,0,Pass,MOT Charter School,Grade10Enrollment,184,184
School to LEA,0,0,Pass,MOT Charter School,K8Enrollment,689,689
School to LEA,0,0,Pass,MOT Charter School,LI,86,86
School to LEA,0,0,Pass,MOT Charter School,MLL,51,51
School to LEA,0,0,Pass,MOT Charter School,RegularEdEnrollment,1259,1259
School to LEA,0,0,Pass,MOT Charter School,SpecialEdEnrollment,131,131
School to LEA,0,0.05,Pass,MOT Charter School,Units4_12,49.3,49.3
School to LEA,0,0.05,Pass,MOT Charter School,UnitsBasicK12,10.12,10.12
School to LEA,0,0.05,Pass,MOT Charter School,UnitsComplex,3.85,3.85
School to LEA,0,0.05,Pass,MOT Charter School,UnitsIntense,6,6
School to LEA,0,0.05,Pass,MOT Charter School,UnitsK3,16.85,16.85
School to LEA,0,0.05,Pass,MOT Charter School,UnitsPreK,0,0
School to LEA,0,0.05,Pass,MOT Charter School,UnitsTotal,92.33,92.33
School to LEA,0,0.05,Pass,MOT Charter School,UnitsVocational,12.42,12.42
School to LEA,0,0.05,Pass,MOT Charter School,UnitsVocationalDeduct,-6.21,-6.21
School to LEA,0,0,Pass,Milford School District,BaseUnitEnrollmentTotal,4514,4514
School to LEA,0,0,Pass,Milford School District,Enrollment,4514,4514
School to LEA,0,0,Pass,Milford School District,Enrollment4_12,2478,2478
School to LEA,0,0,Pass,Milford School District,EnrollmentBasicK12,441,441
School to LEA,0,0,Pass,Milford School District,EnrollmentComplex,75,75
School to LEA,0,0,Pass,Milford School District,EnrollmentIntense,200,200
School to LEA,0,0,Pass,Milford School District,EnrollmentK3,1286,1286
School to LEA,0,0,Pass,Milford School District,EnrollmentPreK,34,34
School to LEA,0,0,Pass,Milford School District,Grade10Enrollment,286,286
School to LEA,0,0,Pass,Milford School District,K8Enrollment,3211,3211
School to LEA,0,0,Pass,Milford School District,LI,1347,1347
School to LEA,0,0,Pass,Milford School District,MLL,1082,1082
School to LEA,0,0,Pass,Milford School District,RegularEdEnrollment,3764,3764
School to LEA,0,0,Pass,Milford School District,SpecialEdEnrollment,750,750
School to LEA,-0,0.05,Pass,Milford School District,Units4_12,123.9,123.9
School to LEA,-0.01,0.05,Pass,Milford School District,UnitsBasicK12,52.5,52.49
School to LEA,-0.01,0.05,Pass,Milford School District,UnitsComplex,28.85,28.84
School to LEA,0.01,0.05,Pass,Milford School District,UnitsIntense,33.33,33.34
School to LEA,0,0.05,Pass,Milford School District,UnitsK3,79.38,79.38
School to LEA,0,0.05,Pass,Milford School District,UnitsPreK,4.05,4.05
School to LEA,-0.01,0.05,Pass,Milford School District,UnitsTotal,331.64,331.63
School to LEA,0,0.05,Pass,Milford School District,UnitsVocational,19.27,19.27
School to LEA,0,0.05,Pass,Milford School District,UnitsVocationalDeduct,-9.64,-9.64
School to LEA,0,0,Pass,New Castle County Vocational-Technical School District,BaseUnitEnrollmentTotal,4938,4938
School to LEA,0,0,Pass,New Castle County Vocational-Technical School District,Enrollment,4938,4938
School to LEA,0,0,Pass,New Castle County Vocational-Technical School District,Enrollment4_12,4307,4307
School to LEA,0,0,Pass,New Castle County Vocational-Technical School District,EnrollmentBasicK12,457,457
School to LEA,0,0,Pass,New Castle County Vocational-Technical School District,EnrollmentComplex,40,40
School to LEA,0,0,Pass,New Castle County Vocational-Technical School District,EnrollmentIntense,134,134
School to LEA,0,0,Pass,New Castle County Vocational-Technical School District,EnrollmentK3,0,0
School to LEA,0,0,Pass,New Castle County Vocational-Technical School District,EnrollmentPreK,0,0
School to LEA,0,0,Pass,New Castle County Vocational-Technical School District,Grade10Enrollment,1227,1227
School to LEA,0,0,Pass,New Castle County Vocational-Technical School District,K8Enrollment,0,0
School to LEA,0,0,Pass,New Castle County Vocational-Technical School District,LI,1218,1218
School to LEA,0,0,Pass,New Castle County Vocational-Technical School District,MLL,437,437
School to LEA,0,0,Pass,New Castle County Vocational-Technical School District,RegularEdEnrollment,4307,4307
School to LEA,0,0,Pass,New Castle County Vocational-Technical School District,SpecialEdEnrollment,631,631
School to LEA,0,0.05,Pass,New Castle County Vocational-Technical School District,Units4_12,215.35,215.35
School to LEA,-0,0.05,Pass,New Castle County Vocational-Technical School District,UnitsBasicK12,54.4,54.4
School to LEA,0,0.05,Pass,New Castle County Vocational-Technical School District,UnitsComplex,15.38,15.38
School to LEA,-0.01,0.05,Pass,New Castle County Vocational-Technical School District,UnitsIntense,22.33,22.32
School to LEA,0,0.05,Pass,New Castle County Vocational-Technical School District,UnitsK3,0,0
School to LEA,0,0.05,Pass,New Castle County Vocational-Technical School District,UnitsPreK,0,0
School to LEA,-0.03,0.05,Pass,New Castle County Vocational-Technical School District,UnitsTotal,391.01,390.98
School to LEA,0,0.05,Pass,New Castle County Vocational-Technical School District,UnitsVocational,167.1,167.1
School to LEA,-0.02,0.05,Pass,New Castle County Vocational-Technical School District,UnitsVocationalDeduct,-83.55,-83.57
School to LEA,0,0,Pass,Newark Charter School,BaseUnitEnrollmentTotal,3156,3156
School to LEA,0,0,Pass,Newark Charter School,Enrollment,3156,3156
School to LEA,0,0,Pass,Newark Charter School,Enrollment4_12,1951,1951
School to LEA,0,0,Pass,Newark Charter School,EnrollmentBasicK12,225,225
School to LEA,0,0,Pass,Newark Charter School,EnrollmentComplex,46,46
School to LEA,0,0,Pass,Newark Charter School,EnrollmentIntense,59,59
School to LEA,0,0,Pass,Newark Charter School,EnrollmentK3,875,875
School to LEA,0,0,Pass,Newark Charter School,EnrollmentPreK,0,0
School to LEA,0,0,Pass,Newark Charter School,Grade10Enrollment,241,241
School to LEA,0,0,Pass,Newark Charter School,K8Enrollment,2208,2208
School to LEA,0,0,Pass,Newark Charter School,LI,298,298
School to LEA,0,0,Pass,Newark Charter School,MLL,68,68
School to LEA,0,0,Pass,Newark Charter School,RegularEdEnrollment,2826,2826
School to LEA,0,0,Pass,Newark Charter School,SpecialEdEnrollment,330,330
School to LEA,0,0.05,Pass,Newark Charter School,Units4_12,97.55,97.55
School to LEA,0,0.05,Pass,Newark Charter School,UnitsBasicK12,26.79,26.79
School to LEA,0,0.05,Pass,Newark Charter School,UnitsComplex,17.69,17.69
School to LEA,0,0.05,Pass,Newark Charter School,UnitsIntense,9.83,9.83
School to LEA,0,0.05,Pass,Newark Charter School,UnitsK3,54.01,54.01
School to LEA,0,0.05,Pass,Newark Charter School,UnitsPreK,0,0
School to LEA,0,0.05,Pass,Newark Charter School,UnitsTotal,209.91,209.91
School to LEA,0,0.05,Pass,Newark Charter School,UnitsVocational,8.09,8.09
School to LEA,0,0.05,Pass,Newark Charter School,UnitsVocationalDeduct,-4.05,-4.05
School to LEA,0,0,Pass,Odyssey Charter School,BaseUnitEnrollmentTotal,2402,2402
School to LEA,0,0,Pass,Odyssey Charter School,Enrollment,2402,2402
School to LEA,0,0,Pass,Odyssey Charter School,Enrollment4_12,1319,1319
School to LEA,0,0,Pass,Odyssey Charter School,EnrollmentBasicK12,260,260
School to LEA,0,0,Pass,Odyssey Charter School,EnrollmentComplex,17,17
School to LEA,0,0,Pass,Odyssey Charter School,EnrollmentIntense,56,56
School to LEA,0,0,Pass,Odyssey Charter School,EnrollmentK3,750,750
School to LEA,0,0,Pass,Odyssey Charter School,EnrollmentPreK,0,0
School to LEA,0,0,Pass,Odyssey Charter School,Grade10Enrollment,104,104
School to LEA,0,0,Pass,Odyssey Charter School,K8Enrollment,1937,1937
School to LEA,0,0,Pass,Odyssey Charter School,LI,501,501
School to LEA,0,0,Pass,Odyssey Charter School,MLL,332,332
School to LEA,0,0,Pass,Odyssey Charter School,RegularEdEnrollment,2069,2069
School to LEA,0,0,Pass,Odyssey Charter School,SpecialEdEnrollment,333,333
School to LEA,0,0.05,Pass,Odyssey Charter School,Units4_12,65.95,65.95
School to LEA,0,0.05,Pass,Odyssey Charter School,UnitsBasicK12,30.95,30.95
School to LEA,0,0.05,Pass,Odyssey Charter School,UnitsComplex,6.54,6.54
School to LEA,0,0.05,Pass,Odyssey Charter School,UnitsIntense,9.33,9.33
School to LEA,0,0.05,Pass,Odyssey Charter School,UnitsK3,46.3,46.3
School to LEA,0,0.05,Pass,Odyssey Charter School,UnitsPreK,0,0
School to LEA,0,0.05,Pass,Odyssey Charter School,UnitsTotal,162.19,162.19
School to LEA,0,0.05,Pass,Odyssey Charter School,UnitsVocational,6.24,6.24
School to LEA,0,0.05,Pass,Odyssey Charter School,UnitsVocationalDeduct,-3.12,-3.12
School to LEA,0,0,Pass,Polytech School District,BaseUnitEnrollmentTotal,1252,1252
School to LEA,0,0,Pass,Polytech School District,Enrollment,1252,1252
School to LEA,0,0,Pass,Polytech School District,Enrollment4_12,1084,1084
School to LEA,0,0,Pass,Polytech School District,EnrollmentBasicK12,144,144
School to LEA,0,0,Pass,Polytech School District,EnrollmentComplex,6,6
School to LEA,0,0,Pass,Polytech School District,EnrollmentIntense,18,18
School to LEA,0,0,Pass,Polytech School District,EnrollmentK3,0,0
School to LEA,0,0,Pass,Polytech School District,EnrollmentPreK,0,0
School to LEA,0,0,Pass,Polytech School District,Grade10Enrollment,330,330
School to LEA,0,0,Pass,Polytech School District,K8Enrollment,0,0
School to LEA,0,0,Pass,Polytech School District,LI,201,201
School to LEA,0,0,Pass,Polytech School District,MLL,24,24
School to LEA,0,0,Pass,Polytech School District,RegularEdEnrollment,1084,1084
School to LEA,0,0,Pass,Polytech School District,SpecialEdEnrollment,168,168
School to LEA,0,0.05,Pass,Polytech School District,Units4_12,54.2,54.2
School to LEA,0,0.05,Pass,Polytech School District,UnitsBasicK12,17.14,17.14
School to LEA,0,0.05,Pass,Polytech School District,UnitsComplex,2.31,2.31
School to LEA,0,0.05,Pass,Polytech School District,UnitsIntense,3,3
School to LEA,0,0.05,Pass,Polytech School District,UnitsK3,0,0
School to LEA,0,0.05,Pass,Polytech School District,UnitsPreK,0,0
School to LEA,0,0.05,Pass,Polytech School District,UnitsTotal,97.51,97.51
School to LEA,0,0.05,Pass,Polytech School District,UnitsVocational,41.73,41.73
School to LEA,0,0.05,Pass,Polytech School District,UnitsVocationalDeduct,-20.87,-20.87
School to LEA,0,0,Pass,Positive Outcomes Charter School,BaseUnitEnrollmentTotal,117,117
School to LEA,0,0,Pass,Positive Outcomes Charter School,Enrollment,117,117
School to LEA,0,0,Pass,Positive Outcomes Charter School,Enrollment4_12,50,50
School to LEA,0,0,Pass,Positive Outcomes Charter School,EnrollmentBasicK12,27,27
School to LEA,0,0,Pass,Positive Outcomes Charter School,EnrollmentComplex,23,23
School to LEA,0,0,Pass,Positive Outcomes Charter School,EnrollmentIntense,17,17
School to LEA,0,0,Pass,Positive Outcomes Charter School,EnrollmentK3,0,0
School to LEA,0,0,Pass,Positive Outcomes Charter School,EnrollmentPreK,0,0
School to LEA,0,0,Pass,Positive Outcomes Charter School,Grade10Enrollment,26,26
School to LEA,0,0,Pass,Positive Outcomes Charter School,K8Enrollment,32,32
School to LEA,0,0,Pass,Positive Outcomes Charter School,LI,60,60
School to LEA,0,0,Pass,Positive Outcomes Charter School,MLL,0,0
School to LEA,0,0,Pass,Positive Outcomes Charter School,RegularEdEnrollment,50,50
School to LEA,0,0,Pass,Positive Outcomes Charter School,SpecialEdEnrollment,67,67
School to LEA,0,0.05,Pass,Positive Outcomes Charter School,Units4_12,2.5,2.5
School to LEA,0,0.05,Pass,Positive Outcomes Charter School,UnitsBasicK12,3.21,3.21
School to LEA,0,0.05,Pass,Positive Outcomes Charter School,UnitsComplex,8.85,8.85
School to LEA,0,0.05,Pass,Positive Outcomes Charter School,UnitsIntense,2.83,2.83
School to LEA,0,0.05,Pass,Positive Outcomes Charter School,UnitsK3,0,0
School to LEA,0,0.05,Pass,Positive Outcomes Charter School,UnitsPreK,0,0
School to LEA,0,0.05,Pass,Positive Outcomes Charter School,UnitsTotal,17.71,17.71
School to LEA,0,0.05,Pass,Positive Outcomes Charter School,UnitsVocational,0.64,0.64
School to LEA,0,0.05,Pass,Positive Outcomes Charter School,UnitsVocationalDeduct,-0.32,-0.32
School to LEA,0,0,Pass,Providence Creek Academy Charter School,BaseUnitEnrollmentTotal,786,786
School to LEA,0,0,Pass,Providence Creek Academy Charter School,Enrollment,786,786
School to LEA,0,0,Pass,Providence Creek Academy Charter School,Enrollment4_12,313,313
School to LEA,0,0,Pass,Providence Creek Academy Charter School,EnrollmentBasicK12,91,91
School to LEA,0,0,Pass,Providence Creek Academy Charter School,EnrollmentComplex,7,7
School to LEA,0,0,Pass,Providence Creek Academy Charter School,EnrollmentIntense,14,14
School to LEA,0,0,Pass,Providence Creek Academy Charter School,EnrollmentK3,361,361
School to LEA,0,0,Pass,Providence Creek Academy Charter School,EnrollmentPreK,0,0
School to LEA,0,0,Pass,Providence Creek Academy Charter School,Grade10Enrollment,0,0
School to LEA,0,0,Pass,Providence Creek Academy Charter School,K8Enrollment,786,786
School to LEA,0,0,Pass,Providence Creek Academy Charter School,LI,125,125
School to LEA,0,0,Pass,Providence Creek Academy Charter School,MLL,14,14
School to LEA,0,0,Pass,Providence Creek Academy Charter School,RegularEdEnrollment,674,674
School to LEA,0,0,Pass,Providence Creek Academy Charter School,SpecialEdEnrollment,112,112
School to LEA,0,0.05,Pass,Providence Creek Academy Charter School,Units4_12,15.65,15.65
School to LEA,0,0.05,Pass,Providence Creek Academy Charter School,UnitsBasicK12,10.83,10.83
School to LEA,0,0.05,Pass,Providence Creek Academy Charter School,UnitsComplex,2.69,2.69
School to LEA,0,0.05,Pass,Providence Creek Academy Charter School,UnitsIntense,2.33,2.33
School to LEA,0,0.05,Pass,Providence Creek Academy Charter School,UnitsK3,22.28,22.28
School to LEA,0,0.05,Pass,Providence Creek Academy Charter School,UnitsPreK,0,0
School to LEA,0,0.05,Pass,Providence Creek Academy Charter School,UnitsTotal,53.95,53.95
School to LEA,0,0.05,Pass,Providence Creek Academy Charter School,UnitsVocational,0.34,0.34
School to LEA,0,0.05,Pass,Providence Creek Academy Charter School,UnitsVocationalDeduct,-0.17,-0.17
School to LEA,0,0,Pass,Red Clay Consolidated School District,BaseUnitEnrollmentTotal,14335,14335
School to LEA,0,0,Pass,Red Clay Consolidated School District,Enrollment,14335,14335
School to LEA,0,0,Pass,Red Clay Consolidated School District,Enrollment4_12,7434,7434
School to LEA,0,0,Pass,Red Clay Consolidated School District,EnrollmentBasicK12,1626,1626
School to LEA,0,0,Pass,Red Clay Consolidated School District,EnrollmentComplex,769,769
School to LEA,0,0,Pass,Red Clay Consolidated School District,EnrollmentIntense,633,633
School to LEA,0,0,Pass,Red Clay Consolidated School District,EnrollmentK3,3745,3745
School to LEA,0,0,Pass,Red Clay Consolidated School District,EnrollmentPreK,128,128
School to LEA,0,0,Pass,Red Clay Consolidated School District,Grade10Enrollment,851,851
School to LEA,0,0,Pass,Red Clay Consolidated School District,K8Enrollment,10524,10524
School to LEA,0,0,Pass,Red Clay Consolidated School District,LI,4131,4131
School to LEA,0,0,Pass,Red Clay Consolidated School District,MLL,2294,2294
School to LEA,0,0,Pass,Red Clay Consolidated School District,RegularEdEnrollment,11179,11179
School to LEA,0,0,Pass,Red Clay Consolidated School District,SpecialEdEnrollment,3156,3156
School to LEA,0,0.05,Pass,Red Clay Consolidated School District,Units4_12,371.7,371.7
School to LEA,-0.01,0.05,Pass,Red Clay Consolidated School District,UnitsBasicK12,193.57,193.56
School to LEA,-0.02,0.05,Pass,Red Clay Consolidated School District,UnitsComplex,295.77,295.75
School to LEA,0,0.05,Pass,Red Clay Consolidated School District,UnitsIntense,105.5,105.5
School to LEA,0.01,0.05,Pass,Red Clay Consolidated School District,UnitsK3,231.17,231.18
School to LEA,0,0.05,Pass,Red Clay Consolidated School District,UnitsPreK,15.24,15.24
School to LEA,-0.04,0.05,Pass,Red Clay Consolidated School District,UnitsTotal,1238.46,1238.42
School to LEA,0,0.05,Pass,Red Clay Consolidated School District,UnitsVocational,51.02,51.02
School to LEA,-0.02,0.05,Pass,Red Clay Consolidated School District,UnitsVocationalDeduct,-25.51,-25.53
School to LEA,0,0,Pass,Seaford School District,BaseUnitEnrollmentTotal,3631,3631
School to LEA,0,0,Pass,Seaford School District,Enrollment,3631,3631
School to LEA,0,0,Pass,Seaford School District,Enrollment4_12,1992,1992
School to LEA,0,0,Pass,Seaford School District,EnrollmentBasicK12,289,289
School to LEA,0,0,Pass,Seaford School District,EnrollmentComplex,130,130
School to LEA,0,0,Pass,Seaford School District,EnrollmentIntense,132,132
School to LEA,0,0,Pass,Seaford School District,EnrollmentK3,1050,1050
School to LEA,0,0,Pass,Seaford School District,EnrollmentPreK,38,38
School to LEA,0,0,Pass,Seaford School District,Grade10Enrollment,243,243
School to LEA,0,0,Pass,Seaford School District,K8Enrollment,2609,2609
School to LEA,0,0,Pass,Seaford School District,LI,1349,1349
School to LEA,0,0,Pass,Seaford School District,MLL,1110,1110
School to LEA,0,0,Pass,Seaford School District,RegularEdEnrollment,3042,3042
School to LEA,0,0,Pass,Seaford School District,SpecialEdEnrollment,589,589
School to LEA,0,0.05,Pass,Seaford School District,Units4_12,99.6,99.6
School to LEA,-0.01,0.05,Pass,Seaford School District,UnitsBasicK12,34.4,34.39
School to LEA,-0.02,0.05,Pass,Seaford School District,UnitsComplex,50,49.98
School to LEA,0,0.05,Pass,Seaford School District,UnitsIntense,22,22
School to LEA,0.01,0.05,Pass,Seaford School District,UnitsK3,64.81,64.82
School to LEA,0,0.05,Pass,Seaford School District,UnitsPreK,4.52,4.52
School to LEA,-0.02,0.05,Pass,Seaford School District,UnitsTotal,282.29,282.27
School to LEA,0,0.05,Pass,Seaford School District,UnitsVocational,13.93,13.93
School to LEA,-0,0.05,Pass,Seaford School District,UnitsVocationalDeduct,-6.97,-6.97
School to LEA,0,0,Pass,Smyrna School District,BaseUnitEnrollmentTotal,5721,5721
School to LEA,0,0,Pass,Smyrna School District,Enrollment,5721,5721
School to LEA,0,0,Pass,Smyrna School District,Enrollment4_12,3303,3303
School to LEA,0,0,Pass,Smyrna School District,EnrollmentBasicK12,482,482
School to LEA,0,0,Pass,Smyrna School District,EnrollmentComplex,249,249
School to LEA,0,0,Pass,Smyrna School District,EnrollmentIntense,317,317
School to LEA,0,0,Pass,Smyrna School District,EnrollmentK3,1343,1343
School to LEA,0,0,Pass,Smyrna School District,EnrollmentPreK,27,27
School to LEA,0,0,Pass,Smyrna School District,Grade10Enrollment,432,432
School to LEA,0,0,Pass,Smyrna School District,K8Enrollment,3855,3855
School to LEA,0,0,Pass,Smyrna School District,LI,1213,1213
School to LEA,0,0,Pass,Smyrna School District,MLL,225,225
School to LEA,0,0,Pass,Smyrna School District,RegularEdEnrollment,4646,4646
School to LEA,0,0,Pass,Smyrna School District,SpecialEdEnrollment,1075,1075
School to LEA,-0,0.05,Pass,Smyrna School District,Units4_12,165.15,165.15
School to LEA,0.02,0.05,Pass,Smyrna School District,UnitsBasicK12,57.38,57.4
School to LEA,-0.01,0.05,Pass,Smyrna School District,UnitsComplex,95.77,95.76
School to LEA,0.01,0.05,Pass,Smyrna School District,UnitsIntense,52.83,52.84
School to LEA,-0.01,0.05,Pass,Smyrna School District,UnitsK3,82.9,82.89
School to LEA,0,0.05,Pass,Smyrna School District,UnitsPreK,3.21,3.21
School to LEA,0.01,0.05,Pass,Smyrna School District,UnitsTotal,476.06,476.07
School to LEA,0,0.05,Pass,Smyrna School District,UnitsVocational,37.65,37.65
School to LEA,0,0.05,Pass,Smyrna School District,UnitsVocationalDeduct,-18.83,-18.83
School to LEA,0,0,Pass,Sussex Academy,BaseUnitEnrollmentTotal,1190,1190
School to LEA,0,0,Pass,Sussex Academy,Enrollment,1190,1190
School to LEA,0,0,Pass,Sussex Academy,Enrollment4_12,913,913
School to LEA,0,0,Pass,Sussex Academy,EnrollmentBasicK12,93,93
School to LEA,0,0,Pass,Sussex Academy,EnrollmentComplex,0,0
School to LEA,0,0,Pass,Sussex Academy,EnrollmentIntense,10,10
School to LEA,0,0,Pass,Sussex Academy,EnrollmentK3,174,174
School to LEA,0,0,Pass,Sussex Academy,EnrollmentPreK,0,0
School to LEA,0,0,Pass,Sussex Academy,Grade10Enrollment,141,141
School to LEA,0,0,Pass,Sussex Academy,K8Enrollment,666,666
School to LEA,0,0,Pass,Sussex Academy,LI,81,81
School to LEA,0,0,Pass,Sussex Academy,MLL,46,46
School to LEA,0,0,Pass,Sussex Academy,RegularEdEnrollment,1087,1087
School to LEA,0,0,Pass,Sussex Academy,SpecialEdEnrollment,103,103
School to LEA,0,0.05,Pass,Sussex Academy,Units4_12,45.65,45.65
School to LEA,0,0.05,Pass,Sussex Academy,UnitsBasicK12,11.07,11.07
School to LEA,0,0.05,Pass,Sussex Academy,UnitsComplex,0,0
School to LEA,0,0.05,Pass,Sussex Academy,UnitsIntense,1.67,1.67
School to LEA,0,0.05,Pass,Sussex Academy,UnitsK3,10.74,10.74
School to LEA,0,0.05,Pass,Sussex Academy,UnitsPreK,0,0
School to LEA,0,0.05,Pass,Sussex Academy,UnitsTotal,70.65,70.65
School to LEA,0,0.05,Pass,Sussex Academy,UnitsVocational,3.05,3.05
School to LEA,0,0.05,Pass,Sussex Academy,UnitsVocationalDeduct,-1.53,-1.53
School to LEA,0,0,Pass,Sussex Montessori School,BaseUnitEnrollmentTotal,392,392
School to LEA,0,0,Pass,Sussex Montessori School,Enrollment,392,392
School to LEA,0,0,Pass,Sussex Montessori School,Enrollment4_12,124,124
School to LEA,0,0,Pass,Sussex Montessori School,EnrollmentBasicK12,11,11
School to LEA,0,0,Pass,Sussex Montessori School,EnrollmentComplex,13,13
School to LEA,0,0,Pass,Sussex Montessori School,EnrollmentIntense,17,17
School to LEA,0,0,Pass,Sussex Montessori School,EnrollmentK3,227,227
School to LEA,0,0,Pass,Sussex Montessori School,EnrollmentPreK,0,0
School to LEA,0,0,Pass,Sussex Montessori School,Grade10Enrollment,0,0
School to LEA,0,0,Pass,Sussex Montessori School,K8Enrollment,392,392
School to LEA,0,0,Pass,Sussex Montessori School,LI,133,133
School to LEA,0,0,Pass,Sussex Montessori School,MLL,25,25
School to LEA,0,0,Pass,Sussex Montessori School,RegularEdEnrollment,351,351
School to LEA,0,0,Pass,Sussex Montessori School,SpecialEdEnrollment,41,41
School to LEA,0,0.05,Pass,Sussex Montessori School,Units4_12,6.2,6.2
School to LEA,0,0.05,Pass,Sussex Montessori School,UnitsBasicK12,1.31,1.31
School to LEA,0,0.05,Pass,Sussex Montessori School,UnitsComplex,5,5
School to LEA,0,0.05,Pass,Sussex Montessori School,UnitsIntense,2.83,2.83
School to LEA,0,0.05,Pass,Sussex Montessori School,UnitsK3,14.01,14.01
School to LEA,0,0.05,Pass,Sussex Montessori School,UnitsPreK,0,0
School to LEA,0,0.05,Pass,Sussex Montessori School,UnitsTotal,29.35,29.35
School to LEA,0,0.05,Pass,Sussex Montessori School,UnitsVocational,0,0
School to LEA,0,0.05,Pass,Sussex Montessori School,UnitsVocationalDeduct,0,0
School to LEA,0,0,Pass,Sussex Technical School District,BaseUnitEnrollmentTotal,1349,1349
School to LEA,0,0,Pass,Sussex Technical School District,Enrollment,1349,1349
School to LEA,0,0,Pass,Sussex Technical School District,Enrollment4_12,1170,1170
School to LEA,0,0,Pass,Sussex Technical School District,EnrollmentBasicK12,115,115
School to LEA,0,0,Pass,Sussex Technical School District,EnrollmentComplex,13,13
School to LEA,0,0,Pass,Sussex Technical School District,EnrollmentIntense,51,51
School to LEA,0,0,Pass,Sussex Technical School District,EnrollmentK3,0,0
School to LEA,0,0,Pass,Sussex Technical School District,EnrollmentPreK,0,0
School to LEA,0,0,Pass,Sussex Technical School District,Grade10Enrollment,341,341
School to LEA,0,0,Pass,Sussex Technical School District,K8Enrollment,0,0
School to LEA,0,0,Pass,Sussex Technical School District,LI,282,282
School to LEA,0,0,Pass,Sussex Technical School District,MLL,139,139
School to LEA,0,0,Pass,Sussex Technical School District,RegularEdEnrollment,1170,1170
School to LEA,0,0,Pass,Sussex Technical School District,SpecialEdEnrollment,179,179
School to LEA,0,0.05,Pass,Sussex Technical School District,Units4_12,58.5,58.5
School to LEA,0,0.05,Pass,Sussex Technical School District,UnitsBasicK12,13.69,13.69
School to LEA,0,0.05,Pass,Sussex Technical School District,UnitsComplex,5,5
School to LEA,0,0.05,Pass,Sussex Technical School District,UnitsIntense,8.5,8.5
School to LEA,0,0.05,Pass,Sussex Technical School District,UnitsK3,0,0
School to LEA,0,0.05,Pass,Sussex Technical School District,UnitsPreK,0,0
School to LEA,0,0.05,Pass,Sussex Technical School District,UnitsTotal,108.17,108.17
School to LEA,0,0.05,Pass,Sussex Technical School District,UnitsVocational,44.97,44.97
School to LEA,0,0.05,Pass,Sussex Technical School District,UnitsVocationalDeduct,-22.49,-22.49
School to LEA,0,0,Pass,Woodbridge School District,BaseUnitEnrollmentTotal,2603,2603
School to LEA,0,0,Pass,Woodbridge School District,Enrollment,2603,2603
School to LEA,0,0,Pass,Woodbridge School District,Enrollment4_12,1393,1393
School to LEA,0,0,Pass,Woodbridge School District,EnrollmentBasicK12,197,197
School to LEA,0,0,Pass,Woodbridge School District,EnrollmentComplex,83,83
School to LEA,0,0,Pass,Woodbridge School District,EnrollmentIntense,276,276
School to LEA,0,0,Pass,Woodbridge School District,EnrollmentK3,652,652
School to LEA,0,0,Pass,Woodbridge School District,EnrollmentPreK,2,2
School to LEA,0,0,Pass,Woodbridge School District,Grade10Enrollment,198,198
School to LEA,0,0,Pass,Woodbridge School District,K8Enrollment,1852,1852
School to LEA,0,0,Pass,Woodbridge School District,LI,862,862
School to LEA,0,0,Pass,Woodbridge School District,MLL,483,483
School to LEA,0,0,Pass,Woodbridge School District,RegularEdEnrollment,2045,2045
School to LEA,0,0,Pass,Woodbridge School District,SpecialEdEnrollment,558,558
School to LEA,0,0.05,Pass,Woodbridge School District,Units4_12,69.65,69.65
School to LEA,0.01,0.05,Pass,Woodbridge School District,UnitsBasicK12,23.45,23.46
School to LEA,-0.01,0.05,Pass,Woodbridge School District,UnitsComplex,31.92,31.91
School to LEA,0,0.05,Pass,Woodbridge School District,UnitsIntense,46,46
School to LEA,0,0.05,Pass,Woodbridge School District,UnitsK3,40.25,40.25
School to LEA,0,0.05,Pass,Woodbridge School District,UnitsPreK,0.24,0.24
School to LEA,0,0.05,Pass,Woodbridge School District,UnitsTotal,217.69,217.69
School to LEA,0,0.05,Pass,Woodbridge School District,UnitsVocational,12.37,12.37
School to LEA,0,0.05,Pass,Woodbridge School District,UnitsVocationalDeduct,-6.19,-6.19
