AggregationLevel,RecordType,SchoolYear,CountDate,DistrictCode,DistrictName,SchoolCode,SchoolName,IsSchool,SourceExcelRow,SourceRowCount,SelectionRule,EnrollmentPreK,EnrollmentK3,Enrollment4_12,EnrollmentBasicK12,EnrollmentIntense,EnrollmentComplex,RegularEdEnrollment,SpecialEdEnrollment,BaseUnitEnrollmentTotal,Enrollment,LI,MLL,K8Enrollment,Grade10Enrollment,UnitsPreK,UnitsK3,Units4_12,UnitsBasicK12,UnitsIntense,UnitsComplex,UnitsVocational,UnitsVocationalDeduct,UnitsTotal
School,School,2026,2025-09-30,69,ASPIRA Delaware,568,ASPIRA Academy,TRUE,29,1,Only source row,0,384,814,141,116,20,1198,277,1475,1475,402,493,1097,90,0,23.7,40.7,16.79,19.33,7.69,3.63,-1.82,110.02
School,School,2026,2025-09-30,9605,Academia Antonia Alonso,4045,Academia Antonia Alonso,TRUE,3,1,Only source row,0,373,476,48,19,7,849,74,923,923,275,536,923,0,0,23.02,23.8,5.71,3.17,2.69,0,0,58.39
School,School,2026,2025-09-30,85,Academy of Dover Charter School,584,Academy Of Dover Charter School,TRUE,5,1,Only source row,0,185,179,52,27,11,364,90,454,454,180,57,454,0,0,11.42,8.95,6.19,4.5,4.23,0,0,35.29
School,School,2026,2025-09-30,29,Appoquinimink School District,24,Appoquinimink High School,TRUE,18,1,Only source row,0,0,1090,135,11,63,1090,209,1299,1299,145,59,0,328,0,0,54.5,16.07,1.83,24.23,23.59,-11.8,108.42
School,School,2026,2025-09-30,29,Appoquinimink School District,13,Appoquinimink PreSchool Center,TRUE,9,1,Only source row,40,0,0,0,69,33,0,142,142,142,21,0,0,0,4.76,0,0,0,11.5,12.69,0,0,28.95
School,School,2026,2025-09-30,29,Appoquinimink School District,36,Brick Mill Early Childhood Center,TRUE,26,1,Only source row,11,198,0,4,67,27,198,109,307,307,43,15,214,0,1.31,12.22,0,0.48,11.17,10.38,0,0,35.56
School,School,2026,2025-09-30,29,Appoquinimink School District,21,Brick Mill Elementary School,TRUE,15,1,Only source row,0,263,163,43,40,15,426,98,524,524,93,29,524,0,0,16.23,8.15,5.12,6.67,5.77,0,0,41.94
School,School,2026,2025-09-30,29,Appoquinimink School District,28,Bunker Hill Elementary School,TRUE,20,1,Only source row,0,271,179,28,20,37,450,85,535,535,95,42,535,0,0,16.73,8.95,3.33,3.33,14.23,0,0,46.57
School,School,2026,2025-09-30,29,Appoquinimink School District,33,Cantwells Bridge Middle School,TRUE,23,1,Only source row,0,0,683,100,29,23,683,152,835,835,83,19,835,0,0,0,34.15,11.9,4.83,8.85,8.23,-4.12,63.84
School,School,2026,2025-09-30,29,Appoquinimink School District,22,Cedar Lane Early Childhood Center,TRUE,16,1,Only source row,0,242,0,5,15,8,242,28,270,270,12,32,270,0,0,14.94,0,0.6,2.5,3.08,0,0,21.12
School,School,2026,2025-09-30,29,Appoquinimink School District,11,Cedar Lane Elementary School,TRUE,8,1,Only source row,0,315,226,38,20,26,541,84,625,625,24,36,625,0,0,19.44,11.3,4.52,3.33,10,0,0,48.59
School,School,2026,2025-09-30,29,Appoquinimink School District,37,Crystal Run Elementary School,TRUE,27,1,Only source row,0,220,146,26,11,24,366,61,427,427,31,15,427,0,0,13.58,7.3,3.1,1.83,9.23,0,0,35.04
School,School,2026,2025-09-30,29,Appoquinimink School District,35,Lorewood Grove Elementary School,TRUE,25,1,Only source row,0,263,206,38,19,36,469,93,562,562,41,47,562,0,0,16.23,10.3,4.52,3.17,13.85,0,0,48.07
School,School,2026,2025-09-30,29,Appoquinimink School District,20,Loss (Olive B.) Elementary School,TRUE,14,1,Only source row,0,260,193,25,12,9,453,46,499,499,47,39,499,0,0,16.05,9.65,2.98,2,3.46,0,0,34.14
School,School,2026,2025-09-30,29,Appoquinimink School District,17,Meredith (Everett) Middle School,TRUE,12,1,Only source row,0,0,687,102,13,13,687,128,815,815,90,39,815,0,0,0,34.35,12.14,2.17,5,8.16,-4.08,57.74
School,School,2026,2025-09-30,29,Appoquinimink School District,18,Middletown High School,TRUE,13,1,Only source row,0,0,1008,121,26,55,1008,202,1210,1210,133,38,0,328,0,0,50.4,14.4,4.33,21.15,22.37,-11.19,101.46
School,School,2026,2025-09-30,29,Appoquinimink School District,34,Odessa High School,TRUE,24,1,Only source row,0,0,1092,137,20,11,1092,168,1260,1260,106,19,0,335,0,0,54.6,16.31,3.33,4.23,23.92,-11.96,90.43
School,School,2026,2025-09-30,29,Appoquinimink School District,32,Old State Elementary School,TRUE,22,1,Only source row,0,388,267,46,27,31,655,104,759,759,78,9,759,0,0,23.95,13.35,5.48,4.5,11.92,0,0,59.2
School,School,2026,2025-09-30,29,Appoquinimink School District,16,Redding (Louis L.) Middle School,TRUE,11,1,Only source row,0,0,419,81,19,29,419,129,548,548,117,29,548,0,0,0,20.95,9.64,3.17,11.15,4.57,-2.29,47.19
School,School,2026,2025-09-30,29,Appoquinimink School District,10,Silver Lake Elementary School,TRUE,7,1,Only source row,0,265,210,36,14,12,475,62,537,537,102,32,537,0,0,16.36,10.5,4.29,2.33,4.62,0,0,38.1
School,School,2026,2025-09-30,29,Appoquinimink School District,29,Spring Meadow Early Childhood Center,TRUE,21,1,Only source row,0,161,0,3,8,27,161,38,199,199,27,4,199,0,0,9.94,0,0.36,1.33,10.38,0,0,22.01
School,School,2026,2025-09-30,29,Appoquinimink School District,27,Townsend Early Childhood Center,TRUE,19,1,Only source row,0,164,0,2,7,19,164,28,192,192,32,12,192,0,0,10.12,0,0.24,1.17,7.31,0,0,18.84
School,School,2026,2025-09-30,29,Appoquinimink School District,14,Townsend Elementary School,TRUE,10,1,Only source row,0,244,144,37,13,6,388,56,444,444,44,18,444,0,0,15.06,7.2,4.4,2.17,2.31,0,0,31.14
School,School,2026,2025-09-30,29,Appoquinimink School District,23,Waters (Alfred G.) Middle School,TRUE,17,1,Only source row,0,0,841,85,23,20,841,128,969,969,51,29,969,0,0,0,42.05,10.12,3.83,7.69,9.49,-4.75,68.43
School,School,2026,2025-09-30,31,Brandywine School District,190,Brandywine High School,TRUE,43,1,Only source row,0,0,690,115,33,24,690,172,862,862,206,55,0,210,0,0,34.5,13.69,5.5,9.23,8.7,-4.35,67.27
School,School,2026,2025-09-30,31,Brandywine School District,510,Bush (Charles W.) Pre-School,TRUE,46,1,Only source row,107,0,0,0,75,98,0,280,280,280,77,0,0,0,12.74,0,0,0,12.5,37.69,0,0,62.93
School,School,2026,2025-09-30,31,Brandywine School District,112,Carrcroft Elementary School,TRUE,32,1,Only source row,0,264,122,38,19,14,386,71,457,457,146,24,457,0,0,16.3,6.1,4.52,3.17,5.38,0,0,35.47
School,School,2026,2025-09-30,31,Brandywine School District,151,Claymont Elementary School,TRUE,37,1,Only source row,0,409,344,43,59,57,753,159,912,912,266,162,912,0,0,25.25,17.2,5.12,9.83,21.92,0,0,79.32
School,School,2026,2025-09-30,31,Brandywine School District,194,Concord High School,TRUE,44,1,Only source row,0,0,806,95,45,51,806,191,997,997,204,33,0,248,0,0,40.3,11.31,7.5,19.62,8.42,-4.21,82.94
School,School,2026,2025-09-30,31,Brandywine School District,124,Forwood Elementary School,TRUE,33,1,Only source row,0,204,90,43,11,38,294,92,386,386,80,27,386,0,0,12.59,4.5,5.12,1.83,14.62,0,0,38.66
School,School,2026,2025-09-30,31,Brandywine School District,110,Hanby Elementary School,TRUE,31,1,Only source row,0,288,127,38,23,24,415,85,500,500,88,24,500,0,0,17.78,6.35,4.52,3.83,9.23,0,0,41.71
School,School,2026,2025-09-30,31,Brandywine School District,156,Harlan (David W. ) Elementary School,TRUE,38,1,Only source row,0,157,72,31,22,58,229,111,340,340,159,14,340,0,0,9.69,3.6,3.69,3.67,22.31,0,0,42.96
School,School,2026,2025-09-30,31,Brandywine School District,128,Lancashire Elementary School,TRUE,34,1,Only source row,0,308,141,38,28,8,449,74,523,523,80,35,523,0,0,19.01,7.05,4.52,4.67,3.08,0,0,38.33
School,School,2026,2025-09-30,31,Brandywine School District,130,Lombardy Elementary School,TRUE,35,1,Only source row,0,258,107,45,21,20,365,86,451,451,96,19,451,0,0,15.93,5.35,5.36,3.5,7.69,0,0,37.83
School,School,2026,2025-09-30,31,Brandywine School District,132,Maple Lane Elementary School,TRUE,36,1,Only source row,0,191,101,28,12,38,292,78,370,370,111,38,370,0,0,11.79,5.05,3.33,2,14.62,0,0,36.79
School,School,2026,2025-09-30,31,Brandywine School District,176,Mount Pleasant Elementary School,TRUE,40,1,Only source row,0,421,116,44,56,17,537,117,654,654,194,36,654,0,0,25.99,5.8,5.24,9.33,6.54,0,0,52.9
School,School,2026,2025-09-30,31,Brandywine School District,196,Mount Pleasant High School,TRUE,45,1,Only source row,0,0,829,121,32,37,829,190,1019,1019,230,57,0,265,0,0,41.45,14.4,5.33,14.23,8.52,-4.26,79.67
School,School,2026,2025-09-30,31,Brandywine School District,178,Springer Middle School,TRUE,41,1,Only source row,0,0,596,115,17,40,596,172,768,768,175,32,768,0,0,0,29.8,13.69,2.83,15.38,5.58,-2.79,64.49
School,School,2026,2025-09-30,31,Brandywine School District,180,Talley Middle School,TRUE,42,1,Only source row,0,0,725,87,54,28,725,169,894,894,230,72,894,0,0,0,36.25,10.36,9,10.77,9.58,-4.79,71.17
School,School,2026,2025-09-30,31,Brandywine School District,170,duPont (Pierre S.) Middle School,TRUE,39,1,Only source row,0,0,526,72,36,23,526,131,657,657,184,27,657,0,0,0,26.3,8.57,6,8.85,6.3,-3.15,52.87
School,School,2026,2025-09-30,9615,Bryan Allen Stevenson School of Excellence,4110,Bryan Allen Stevenson School of Excellence,TRUE,48,1,Only source row,0,0,84,22,13,4,84,39,123,123,40,3,104,0,0,0,4.2,2.62,2.17,1.54,0,0,10.53
School,School,2026,2025-09-30,10,Caesar Rodney School District,610,Allen Frear Elementary School,TRUE,50,1,Only source row,0,272,214,29,4,4,486,37,523,523,99,25,523,0,0,16.79,10.7,3.45,0.67,1.54,0,0,33.15
School,School,2026,2025-09-30,10,Caesar Rodney School District,626,Caesar Rodney High School,TRUE,60,1,Only source row,0,0,1917,257,64,18,1917,339,2256,2256,478,148,0,556,0,0,95.85,30.6,10.67,6.92,16.87,-8.44,152.47
School,School,2026,2025-09-30,10,Caesar Rodney School District,623,David E. Robinson Elementary School,TRUE,58,1,Only source row,0,203,207,58,15,3,410,76,486,486,147,44,486,0,0,12.53,10.35,6.9,2.5,1.15,0,0,33.43
School,Vocational/program record,2026,2025-09-30,10,Caesar Rodney School District,,Dover AFB Choice,FALSE,62,1,Only source row,0,0,0,0,0,0,0,0,0,0,0,0,0,0,0,0,0,0,0,0,0.22,-0.11,0.11
School,Vocational/program record,2026,2025-09-30,10,Caesar Rodney School District,,Dover Air Force Base Middle School,FALSE,61,1,Only source row,0,0,0,0,0,0,0,0,0,0,0,0,0,0,0,0,0,0,0,0,0.47,-0.24,0.23
School,School,2026,2025-09-30,10,Caesar Rodney School District,621,F. Niel Postlethwait Middle School,TRUE,56,1,Only source row,0,0,581,78,16,37,581,131,712,712,180,53,712,0,0,0,29.05,9.29,2.67,14.23,3.76,-1.88,57.12
School,School,2026,2025-09-30,10,Caesar Rodney School District,625,Fred Fifer III Middle School,TRUE,59,1,Only source row,0,0,593,94,46,17,593,157,750,750,199,48,750,0,0,0,29.65,11.19,7.67,6.54,4.25,-2.13,57.17
School,School,2026,2025-09-30,10,Caesar Rodney School District,611,J. Ralph McIlvaine Early Childhood Center,TRUE,51,1,Only source row,0,426,0,4,28,4,426,36,462,462,124,44,462,0,0,26.3,0,0.48,4.67,1.54,0,0,32.99
School,School,2026,2025-09-30,10,Caesar Rodney School District,630,John S. Charlton School,TRUE,63,1,Only source row,24,76,53,5,5,289,129,323,452,452,91,10,293,13,2.86,4.69,2.65,0.6,0.83,111.15,3.9,-1.95,124.73
School,School,2026,2025-09-30,10,Caesar Rodney School District,613,Magnolia Middle School,TRUE,52,1,Only source row,0,0,394,61,12,4,394,77,471,471,101,23,471,0,0,0,19.7,7.26,2,1.54,1.94,-0.97,31.47
School,School,2026,2025-09-30,10,Caesar Rodney School District,616,Nellie Hughes Stokes Elementary School,TRUE,53,1,Only source row,0,238,173,34,19,1,411,54,465,465,124,20,465,0,0,14.69,8.65,4.05,3.17,0.38,0,0,30.94
School,School,2026,2025-09-30,10,Caesar Rodney School District,618,Star Hill Elementary School,TRUE,54,1,Only source row,7,153,109,35,62,2,262,106,368,368,136,33,311,0,0.83,9.44,5.45,4.17,10.33,0.77,0,0,30.99
School,School,2026,2025-09-30,10,Caesar Rodney School District,620,W. B. Simpson Elementary School,TRUE,55,1,Only source row,0,222,163,29,17,5,385,51,436,436,119,10,436,0,0,13.7,8.15,3.45,2.83,1.92,0,0,30.05
School,School,2026,2025-09-30,10,Caesar Rodney School District,622,W. Reily Brown Elementary School,TRUE,57,1,Only source row,0,256,164,35,28,4,420,67,487,487,154,89,487,0,0,15.8,8.2,4.17,4.67,1.54,0,0,34.38
School,School,2026,2025-09-30,74,Campus Community School,573,Campus Community School,TRUE,69,1,Only source row,0,153,195,39,8,7,348,54,402,402,170,5,402,0,0,9.44,9.75,4.64,1.33,2.69,0.31,-0.16,28
School,School,2026,2025-09-30,17,Cape Henlopen School District,724,Beacon Middle School,TRUE,78,1,Only source row,0,0,410,59,15,7,410,81,491,491,81,26,491,0,0,0,20.5,7.02,2.5,2.69,1.3,-0.65,33.36
School,School,2026,2025-09-30,17,Cape Henlopen School District,726,Cape Henlopen High School,TRUE,79,1,Only source row,0,0,1636,198,35,20,1636,253,1889,1889,282,175,0,486,0,0,81.8,23.57,5.83,7.69,19.2,-9.6,128.49
School,School,2026,2025-09-30,17,Cape Henlopen School District,716,Frederick D Thomas Middle School,TRUE,73,1,Only source row,0,0,412,62,20,4,412,86,498,498,94,32,498,0,0,0,20.6,7.38,3.33,1.54,1.3,-0.65,33.5
School,School,2026,2025-09-30,17,Cape Henlopen School District,710,H. O. Brittingham Elementary School,TRUE,71,1,Only source row,0,286,143,31,24,10,429,65,494,494,102,49,494,0,0,17.65,7.15,3.69,4,3.85,0,0,36.34
School,School,2026,2025-09-30,17,Cape Henlopen School District,712,Lewes Elementary School,TRUE,72,1,Only source row,0,337,184,57,9,7,521,73,594,594,103,75,594,0,0,20.8,9.2,6.79,1.5,2.69,0,0,40.98
School,School,2026,2025-09-30,17,Cape Henlopen School District,718,Love Creek Elementary School,TRUE,74,1,Only source row,0,375,206,36,15,14,581,65,646,646,85,51,646,0,0,23.15,10.3,4.29,2.5,5.38,0,0,45.62
School,School,2026,2025-09-30,17,Cape Henlopen School District,720,Mariner Middle School,TRUE,75,1,Only source row,0,0,467,58,10,12,467,80,547,547,89,54,547,0,0,0,23.35,6.9,1.67,4.62,1.37,-0.69,37.22
School,School,2026,2025-09-30,17,Cape Henlopen School District,721,Milton Elementary School,TRUE,76,1,Only source row,0,349,167,31,6,10,516,47,563,563,86,85,563,0,0,21.54,8.35,3.69,1,3.85,0,0,38.43
School,School,2026,2025-09-30,17,Cape Henlopen School District,722,Rehoboth Elementary School,TRUE,77,1,Only source row,0,330,156,41,20,9,486,70,556,556,106,50,556,0,0,20.37,7.8,4.88,3.33,3.46,0,0,39.84
School,School,2026,2025-09-30,17,Cape Henlopen School District,728,Sussex Consortium,TRUE,80,1,Only source row,75,0,0,0,35,343,0,453,453,453,100,10,171,23,8.93,0,0,0,5.83,131.92,4.53,-2.27,148.94
School,School,2026,2025-09-30,13,Capital School District,636,Booker T. Washington Elementary School,TRUE,86,1,Only source row,0,147,117,39,4,5,264,48,312,312,139,27,312,0,0,9.07,5.85,4.64,0.67,1.92,0,0,22.15
School,School,2026,2025-09-30,13,Capital School District,645,Capital Early Childhood Center,TRUE,92,1,Only source row,37,0,0,0,0,0,0,37,37,37,18,0,0,0,4.4,0,0,0,0,0,0,0,4.4
School,School,2026,2025-09-30,13,Capital School District,644,Central Elementary School,TRUE,91,1,Only source row,0,308,192,54,17,13,500,84,584,584,262,122,584,0,0,19.01,9.6,6.43,2.83,5,0,0,42.87
School,School,2026,2025-09-30,13,Capital School District,648,Dover High School,TRUE,93,1,Only source row,0,0,1389,245,63,31,1389,339,1728,1728,592,234,0,367,0,0,69.45,29.17,10.5,11.92,18.2,-9.1,130.14
School,School,2026,2025-09-30,13,Capital School District,632,East Dover Early Childhood Center,TRUE,82,1,Only source row,2,269,0,22,72,18,269,114,383,383,178,51,302,0,0.24,16.6,0,2.62,12,6.92,0,0,38.38
School,School,2026,2025-09-30,13,Capital School District,638,Fairview Early Childhood Center,TRUE,88,1,Only source row,4,123,0,8,31,5,123,48,171,171,87,27,136,0,0.48,7.59,0,0.95,5.17,1.92,0,0,16.11
School,School,2026,2025-09-30,13,Capital School District,640,Hartly Elementary School,TRUE,89,1,Only source row,0,203,76,16,6,0,279,22,301,301,79,27,301,0,0,12.53,3.8,1.9,1,0,0,0,19.23
School,School,2026,2025-09-30,13,Capital School District,650,Kent County Community School,TRUE,94,1,Only source row,0,0,0,0,1,264,0,265,265,265,85,11,175,11,0,0,0,0,0.17,101.54,0.97,-0.49,102.19
School,School,2026,2025-09-30,13,Capital School District,655,Kent County Secondary ILC,TRUE,95,1,Only source row,0,0,0,0,27,54,0,81,81,81,49,1,35,16,0,0,0,0,4.5,20.77,0.26,-0.13,25.4
School,School,2026,2025-09-30,13,Capital School District,633,Middle School of Excellence,TRUE,83,1,Only source row,0,0,484,73,14,15,484,102,586,586,224,55,586,0,0,0,24.2,8.69,2.33,5.77,2.56,-1.28,42.27
School,School,2026,2025-09-30,13,Capital School District,637,Middle School of Innovation,TRUE,87,1,Only source row,0,0,549,101,9,4,549,114,663,663,273,88,663,0,0,0,27.45,12.02,1.5,1.54,2.54,-1.27,43.78
School,School,2026,2025-09-30,13,Capital School District,635,North Dover Elementary School,TRUE,85,1,Only source row,0,171,118,28,6,5,289,39,328,328,149,39,328,0,0,10.56,5.9,3.33,1,1.92,0,0,22.71
School,School,2026,2025-09-30,13,Capital School District,634,South Dover Elementary School,TRUE,84,1,Only source row,0,335,217,58,6,7,552,71,623,623,305,89,623,0,0,20.68,10.85,6.9,1,2.69,0,0,42.12
School,School,2026,2025-09-30,13,Capital School District,642,Towne Point Elementary School,TRUE,90,1,Only source row,0,173,110,22,10,7,283,39,322,322,155,44,322,0,0,10.68,5.5,2.62,1.67,2.69,0,0,23.16
School,School,2026,2025-09-30,80,Charter School of New Castle,579,Charter School of New Castle,TRUE,97,1,Only source row,0,271,408,48,20,12,679,80,759,759,360,21,759,0,0,16.73,20.4,5.71,3.33,4.62,0,0,50.79
School,School,2026,2025-09-30,70,Charter School of Wilmington,295,Charter School of Wilmington,TRUE,99,1,Only source row,0,0,966,11,2,1,966,14,980,980,28,4,0,249,0,0,48.3,1.31,0.33,0.38,0,0,50.32
School,School,2026,2025-09-30,33,Christina School District,339,Brader (Henry M.) Elementary School,TRUE,114,1,Only source row,0,172,89,30,10,19,261,59,320,320,108,47,320,0,0,10.62,4.45,3.57,1.67,7.31,0,0,27.62
School,School,2026,2025-09-30,33,Christina School District,538,Brennen School (The),TRUE,128,1,Only source row,0,1,0,0,2,423,1,425,426,426,104,3,278,13,0,0.06,0,0,0.33,162.69,4.05,-2.03,165.1
School,School,2026,2025-09-30,33,Christina School District,310,Brookside Elementary School,TRUE,101,1,Only source row,0,137,73,13,22,12,210,47,257,257,118,69,257,0,0,8.46,3.65,1.55,3.67,4.62,0,0,21.95
School,School,2026,2025-09-30,33,Christina School District,390,Christiana High School,TRUE,122,1,Only source row,0,0,1130,93,94,16,1130,203,1333,1333,319,148,284,294,0,0,56.5,11.07,15.67,6.15,13.68,-6.84,96.23
School,Vocational/program record,2026,2025-09-30,33,Christina School District,,Christina - Intensive Learning Center,FALSE,126,1,Only source row,0,0,0,0,0,0,0,0,0,0,0,0,0,0,0,0,0,0,0,0,0.19,-0.09,0.1
School,School,2026,2025-09-30,33,Christina School District,545,Christina Early Education Center,TRUE,130,1,Only source row,229,0,0,0,123,59,0,411,411,411,114,0,0,0,27.26,0,0,0,20.5,22.69,0,0,70.45
School,School,2026,2025-09-30,33,Christina School District,540,Delaware School for the Deaf School (DSD),TRUE,129,1,Only source row,0,0,0,0,0,105,0,105,105,105,28,7,53,11,0,0,0,0,0,40.38,0,0,40.38
School,School,2026,2025-09-30,33,Christina School District,537,Douglass School,TRUE,127,1,Only source row,0,0,50,4,9,67,50,80,130,130,80,4,38,26,0,0,2.5,0.48,1.5,25.77,0,0,30.25
School,School,2026,2025-09-30,33,Christina School District,318,Downes (John R.) Elementary School,TRUE,104,1,Only source row,0,199,117,31,15,9,316,55,371,371,87,52,371,0,0,12.28,5.85,3.69,2.5,3.46,0,0,27.78
School,School,2026,2025-09-30,33,Christina School District,320,Gallaher (Robert S.) Elementary School,TRUE,105,1,Only source row,0,246,143,24,38,23,389,85,474,474,181,93,474,0,0,15.19,7.15,2.86,6.33,8.85,0,0,40.38
School,School,2026,2025-09-30,33,Christina School District,372,Gauger-Cobbs Middle School,TRUE,119,1,Only source row,0,0,491,79,53,15,491,147,638,638,202,141,638,0,0,0,24.55,9.4,8.83,5.77,3.34,-1.67,50.22
School,School,2026,2025-09-30,33,Christina School District,392,Glasgow High School,TRUE,123,1,Only source row,0,0,692,128,55,32,692,215,907,907,314,192,0,234,0,0,34.6,15.24,9.17,12.31,11.32,-5.66,76.98
School,School,2026,2025-09-30,33,Christina School District,314,Jones (Albert H.) Elementary School,TRUE,103,1,Only source row,0,183,85,27,15,12,268,54,322,322,134,34,322,0,0,11.3,4.25,3.21,2.5,4.62,0,0,25.88
School,School,2026,2025-09-30,33,Christina School District,321,Keene (William B.) Elementary School,TRUE,106,1,Only source row,0,226,114,40,23,16,340,79,419,419,138,40,419,0,0,13.95,5.7,4.76,3.83,6.15,0,0,34.39
School,School,2026,2025-09-30,33,Christina School District,374,Kirk (George V.) Middle School,TRUE,120,1,Only source row,0,0,442,64,41,19,442,124,566,566,178,108,566,0,0,0,22.1,7.62,6.83,7.31,1.46,-0.73,44.59
School,School,2026,2025-09-30,33,Christina School District,322,Leasure (May B.) Elementary School,TRUE,107,1,Only source row,0,154,72,32,27,10,226,69,295,295,120,38,295,0,0,9.51,3.6,3.81,4.5,3.85,0,0,25.27
School,School,2026,2025-09-30,33,Christina School District,324,Maclary (R. Elisabeth) Elementary School,TRUE,108,1,Only source row,0,112,73,17,19,10,185,46,231,231,74,50,231,0,0,6.91,3.65,2.02,3.17,3.85,0,0,19.6
School,School,2026,2025-09-30,33,Christina School District,312,Marshall (Thurgood) Elementary School,TRUE,102,1,Only source row,0,333,130,43,26,11,463,80,543,543,110,75,543,0,0,20.56,6.5,5.12,4.33,4.23,0,0,40.74
School,School,2026,2025-09-30,33,Christina School District,353,Maurice Pritchett SR. Academy,TRUE,116,1,Only source row,0,167,275,55,39,22,442,116,558,558,390,36,558,0,0,10.31,13.75,6.55,6.5,8.46,0.68,-0.34,45.91
School,School,2026,2025-09-30,33,Christina School District,326,McVey (Joseph M.) Elementary School,TRUE,109,1,Only source row,0,161,93,16,27,27,254,70,324,324,117,30,324,0,0,9.94,4.65,1.9,4.5,10.38,0,0,31.37
School,School,2026,2025-09-30,33,Christina School District,394,Newark High School,TRUE,124,1,Only source row,0,0,742,124,92,35,742,251,993,993,333,151,0,254,0,0,37.1,14.76,15.33,13.46,7.53,-3.77,84.41
School,School,2026,2025-09-30,33,Christina School District,327,Oberle (William) Elementary School,TRUE,110,1,Only source row,0,272,150,24,20,20,422,64,486,486,134,210,486,0,0,16.79,7.5,2.86,3.33,7.69,0,0,38.17
School,School,2026,2025-09-30,33,Christina School District,358,Pulaski Early Education Center,TRUE,117,1,Only source row,10,48,0,2,11,6,48,29,77,77,41,10,57,0,1.19,2.96,0,0.24,1.83,2.31,0,0,8.53
School,School,2026,2025-09-30,33,Christina School District,512,REACH/CBIP,TRUE,125,1,Only source row,0,0,0,0,13,199,0,212,212,212,55,3,96,4,0,0,0,0,2.17,76.54,1.49,-0.75,79.45
School,School,2026,2025-09-30,33,Christina School District,376,Shue-Medill Middle School,TRUE,121,1,Only source row,0,0,514,95,61,31,514,187,701,701,245,79,701,0,0,0,25.7,11.31,10.17,11.92,2.84,-1.42,60.52
School,School,2026,2025-09-30,33,Christina School District,330,Smith (Jennie E.) Elementary School,TRUE,111,1,Only source row,0,211,120,30,19,30,331,79,410,410,151,101,410,0,0,13.02,6,3.57,3.17,11.54,0,0,37.3
School,School,2026,2025-09-30,33,Christina School District,362,Stubbs Early Education Center,TRUE,118,1,Only source row,26,70,0,5,15,9,70,55,125,125,86,6,84,0,3.1,4.32,0,0.6,2.5,3.46,0,0,13.98
School,School,2026,2025-09-30,33,Christina School District,352,The Bayard School,TRUE,115,1,Only source row,0,157,264,60,48,20,421,128,549,549,346,107,549,0,0,9.69,13.2,7.14,8,7.69,0.64,-0.32,46.04
School,School,2026,2025-09-30,33,Christina School District,332,West Park Place Elementary School,TRUE,112,1,Only source row,0,196,88,18,15,16,284,49,333,333,67,33,333,0,0,12.1,4.4,2.14,2.5,6.15,0,0,27.29
School,School,2026,2025-09-30,33,Christina School District,334,Wilson (Etta J.) Elementary School,TRUE,113,1,Only source row,0,164,78,18,18,5,242,41,283,283,60,32,283,0,0,10.12,3.9,2.14,3,1.92,0,0,21.08
School,School,2026,2025-09-30,34,Colonial School District,470,Bedford (Gunning) Middle School,TRUE,141,1,Only source row,0,0,671,103,60,10,671,173,844,844,209,74,844,0,0,0,33.55,12.26,10,3.85,2.44,-1.22,60.88
School,School,2026,2025-09-30,34,Colonial School District,412,Castle Hills Elementary School,TRUE,133,1,Only source row,0,227,119,24,34,6,346,64,410,410,162,99,410,0,0,14.01,5.95,2.86,5.67,2.31,0,0,30.8
School,School,2026,2025-09-30,34,Colonial School District,410,Downie (Carrie) Elementary School,TRUE,132,1,Only source row,0,152,81,24,22,3,233,49,282,282,112,55,282,0,0,9.38,4.05,2.86,3.67,1.15,0,0,21.11
School,School,2026,2025-09-30,34,Colonial School District,456,Eisenberg (Harry O.) Elementary School,TRUE,140,1,Only source row,0,254,103,39,31,8,357,78,435,435,196,99,435,0,0,15.68,5.15,4.64,5.17,3.08,0,0,33.72
School,School,2026,2025-09-30,34,Colonial School District,514,Leach (John G.) School,TRUE,145,1,Only source row,0,0,0,0,23,69,0,92,92,92,14,1,25,3,0,0,0,0,3.83,26.54,1.53,-0.77,31.13
School,Vocational/program record,2026,2025-09-30,34,Colonial School District,,Leach Exceptional VocEd,FALSE,146,1,Only source row,0,0,0,0,0,0,0,0,0,0,0,0,0,0,0,0,0,0,0,0,5.6,-2.8,2.8
School,School,2026,2025-09-30,34,Colonial School District,476,McCullough (Calvin R. ) Middle School,TRUE,143,1,Only source row,0,0,436,71,64,0,436,135,571,571,229,108,571,0,0,0,21.8,8.45,10.67,0,3.57,-1.79,42.7
School,School,2026,2025-09-30,34,Colonial School District,432,New Castle Elementary School,TRUE,138,1,Only source row,0,192,97,30,26,4,289,60,349,349,133,77,349,0,0,11.85,4.85,3.57,4.33,1.54,0,0,26.14
School,School,2026,2025-09-30,34,Colonial School District,490,Penn (William) High School,TRUE,144,1,Only source row,0,0,1446,198,319,42,1446,559,2005,2005,593,310,0,538,0,0,72.3,23.57,53.17,16.15,23.42,-11.71,176.9
School,School,2026,2025-09-30,34,Colonial School District,418,Pleasantville Elementary School,TRUE,134,1,Only source row,0,219,117,17,31,6,336,54,390,390,135,61,390,0,0,13.52,5.85,2.02,5.17,2.31,0,0,28.87
School,School,2026,2025-09-30,34,Colonial School District,474,Read (George) Middle School,TRUE,142,1,Only source row,0,0,396,70,91,36,396,197,593,593,190,116,593,0,0,0,19.8,8.33,15.17,13.85,7.18,-3.59,60.74
School,School,2026,2025-09-30,34,Colonial School District,427,Southern Elementary School,TRUE,137,1,Only source row,0,314,150,43,89,157,464,289,753,753,216,49,753,0,0,19.38,7.5,5.12,14.83,60.38,0,0,107.21
School,School,2026,2025-09-30,34,Colonial School District,450,The Colwyck Center,TRUE,139,1,Only source row,117,0,0,0,44,65,0,226,226,226,72,0,0,0,13.93,0,0,0,7.33,25,0,0,46.26
School,School,2026,2025-09-30,34,Colonial School District,422,Wilbur (Kathleen H.) Elementary,TRUE,136,1,Only source row,0,593,292,51,64,9,885,124,1009,1009,279,116,1009,0,0,36.6,14.6,6.07,10.67,3.46,0,0,71.4
School,School,2026,2025-09-30,34,Colonial School District,420,Wilmington Manor Elementary School,TRUE,135,1,Only source row,0,171,85,20,33,5,256,58,314,314,95,47,314,0,0,10.56,4.25,2.38,5.5,1.92,0,0,24.61
School,School,2026,2025-09-30,79,Delaware Military Academy,578,Delaware Military Academy,TRUE,148,1,Only source row,0,0,501,54,0,0,501,54,555,555,63,16,0,150,0,0,25.05,6.43,0,0,3.5,-1.75,33.23
School,School,2026,2025-09-30,37,Delmar School District,730,Delmar High School,TRUE,150,1,Only source row,0,0,630,40,15,9,630,64,694,694,82,38,0,175,0,0,31.5,4.76,2.5,3.46,10.14,-5.07,47.29
School,School,2026,2025-09-30,37,Delmar School District,733,Delmar Middle School,TRUE,151,1,Only source row,8,0,695,50,15,9,695,82,777,777,107,52,767,0,0.95,0,34.75,5.95,2.5,3.46,4.04,-2.02,49.63
School,School,2026,2025-09-30,14,Dover Air Force Base,893,Dover AFB Off Base,TRUE,67,1,Only source row,0,1,43,7,11,12,44,30,74,74,4,0,13,14,0,0.06,2.15,0.83,1.83,4.62,0.37,-0.19,9.67
School,School,2026,2025-09-30,14,Dover Air Force Base,891,Dover Air Force Base Middle School,TRUE,65,1,Only source row,0,0,106,11,1,0,106,12,118,118,3,4,118,0,0,0,5.3,1.31,0.17,0,0,0,6.78
School,School,2026,2025-09-30,14,Dover Air Force Base,892,Major George S. Welch Elementary School,TRUE,66,1,Only source row,0,173,70,35,6,1,243,42,285,285,15,4,285,0,0,10.68,3.5,4.17,1,0.38,0,0,19.73
School,School,2026,2025-09-30,9604,Early College High School at Del State,4040,Early College School at Del State,TRUE,153,1,Only source row,0,0,536,51,5,5,536,61,597,597,186,17,184,133,0,0,26.8,6.07,0.83,1.92,0,0,35.62
School,School,2026,2025-09-30,72,East Side Charter School,571,East Side Charter School,TRUE,155,1,Only source row,0,169,203,61,20,7,372,88,460,460,327,4,460,0,0,10.43,10.15,7.26,3.33,2.69,0,0,33.86
School,School,2026,2025-09-30,76,Edison (Thomas A.) Charter School,575,Edison (Thomas A.) Charter School,TRUE,157,1,Only source row,0,208,245,44,25,16,453,85,538,538,409,1,538,0,0,12.84,12.25,5.24,4.17,6.15,0,0,40.65
School,School,2026,2025-09-30,9607,First State Military Academy,4055,First State Military Academy,TRUE,159,1,Only source row,0,0,340,58,19,7,340,84,424,424,67,27,0,116,0,0,17,6.9,3.17,2.69,0,0,29.76
School,School,2026,2025-09-30,9606,First State Montessori Academy,4050,First State Montessori Academy,TRUE,161,1,Only source row,0,273,285,56,29,5,558,90,648,648,64,2,648,0,0,16.85,14.25,6.67,4.83,1.92,0,0,44.52
School,School,2026,2025-09-30,9612,Freire Charter School Wilmington,4080,Freire Charter School,TRUE,163,1,Only source row,0,0,257,68,37,8,257,113,370,370,176,19,71,64,0,0,12.85,8.1,6.17,3.08,0,0,30.2
School,School,2026,2025-09-30,92,Gateway Charter School,543,Gateway Charter School,TRUE,165,1,Only source row,0,66,59,49,26,11,125,86,211,211,98,4,211,0,0,4.07,2.95,5.83,4.33,4.23,0,0,21.41
School,School,2026,2025-09-30,9611,Great Oaks Charter School,4075,Great Oaks Charter School,TRUE,167,1,Only source row,0,0,80,23,29,9,80,61,141,141,87,5,0,39,0,0,4,2.74,4.83,3.46,0,0,15.03
School,School,2026,2025-09-30,36,Indian River School District,732,Clayton (John M.) Elementary School,TRUE,171,1,Only source row,0,253,117,40,17,13,370,70,440,440,114,138,440,0,0,15.62,5.85,4.76,2.83,5,0,0,34.06
School,School,2026,2025-09-30,36,Indian River School District,738,East Millsboro Elementary School,TRUE,174,1,Only source row,0,435,257,53,18,12,692,83,775,775,233,136,775,0,0,26.85,12.85,6.31,3,4.62,0,0,53.63
School,School,2026,2025-09-30,36,Indian River School District,750,Ennis (Howard T.) School,TRUE,182,1,Only source row,48,0,0,0,9,282,0,339,339,339,92,28,178,16,5.71,0,0,0,1.5,108.46,0.23,-0.12,115.78
School,School,2026,2025-09-30,36,Indian River School District,734,Georgetown Elementary School,TRUE,172,1,Only source row,0,482,231,69,39,33,713,141,854,854,257,411,854,0,0,29.75,11.55,8.21,6.5,12.69,0,0,68.7
School,School,2026,2025-09-30,36,Indian River School District,743,Georgetown Middle School,TRUE,177,1,Only source row,0,0,699,61,76,10,699,147,846,846,205,285,846,0,0,0,34.95,7.26,12.67,3.85,3.36,-1.68,60.41
School,School,2026,2025-09-30,36,Indian River School District,746,Indian River High School,TRUE,179,1,Only source row,0,0,850,125,66,18,850,209,1059,1059,149,120,0,242,0,0,42.5,14.88,11,6.92,12.57,-6.29,81.58
School,School,2026,2025-09-30,36,Indian River School District,745,Indian River Intensive Learning Center,TRUE,178,1,Only source row,63,7,2,1,13,23,9,100,109,109,31,0,10,0,7.5,0.43,0.1,0.12,2.17,8.85,0,0,19.17
School,School,2026,2025-09-30,36,Indian River School District,690,Long Neck Elementary School,TRUE,169,1,Only source row,0,414,214,26,36,8,628,70,698,698,228,182,698,0,0,25.56,10.7,3.1,6,3.08,0,0,48.44
School,School,2026,2025-09-30,36,Indian River School District,736,Lord Baltimore Elementary School,TRUE,173,1,Only source row,0,311,177,36,29,6,488,71,559,559,86,29,559,0,0,19.2,8.85,4.29,4.83,2.31,0,0,39.48
School,School,2026,2025-09-30,36,Indian River School District,692,North Georgetown Elementary School,TRUE,170,1,Only source row,0,475,220,57,26,11,695,94,789,789,217,500,789,0,0,29.32,11,6.79,4.33,4.23,0,0,55.67
School,School,2026,2025-09-30,36,Indian River School District,742,Selbyville Middle School,TRUE,176,1,Only source row,0,0,598,80,45,21,598,146,744,744,122,85,744,0,0,0,29.9,9.52,7.5,8.08,3.46,-1.73,56.73
School,School,2026,2025-09-30,36,Indian River School District,740,Showell (Phillip C.) Elementary School,TRUE,175,1,Only source row,0,194,78,20,21,5,272,46,318,318,71,77,318,0,0,11.98,3.9,2.38,3.5,1.92,0,0,23.68
School,School,2026,2025-09-30,36,Indian River School District,749,Southern Delaware School of the Arts,TRUE,181,1,Only source row,0,154,190,44,11,4,344,59,403,403,47,18,403,0,0,9.51,9.5,5.24,1.83,1.54,0,0,27.62
School,School,2026,2025-09-30,36,Indian River School District,748,Sussex Central High School,TRUE,180,1,Only source row,0,0,1668,99,164,21,1668,284,1952,1952,466,586,0,530,0,0,83.4,11.79,27.33,8.08,24.77,-12.39,142.98
School,School,2026,2025-09-30,36,Indian River School District,786,Sussex Central Middle,TRUE,183,1,Only source row,0,0,604,46,52,33,604,131,735,735,205,94,735,0,0,0,30.2,5.48,8.67,12.69,3.55,-1.78,58.81
School,School,2026,2025-09-30,82,Kuumba Academy Charter School,581,Kuumba Academy Charter School,TRUE,185,1,Only source row,0,228,237,55,30,6,465,91,556,556,342,2,556,0,0,14.07,11.85,6.55,5,2.31,0,0,39.78
School,School,2026,2025-09-30,15,Lake Forest School District,664,Chipman (W.T.) Middle School,TRUE,191,1,Only source row,0,0,707,159,28,22,707,209,916,916,317,41,916,0,0,0,35.35,18.93,4.67,8.46,3.32,-1.66,69.07
School,School,2026,2025-09-30,15,Lake Forest School District,663,Delaware Early Childhood Center,TRUE,190,1,Only source row,41,0,0,0,21,23,0,85,85,85,26,0,0,0,4.88,0,0,0,3.5,8.85,0,0,17.23
School,School,2026,2025-09-30,15,Lake Forest School District,669,Lake Forest Central Elementary School,TRUE,193,1,Only source row,0,0,460,92,24,16,460,132,592,592,188,17,592,0,0,0,23,10.95,4,6.15,0,0,44.1
School,School,2026,2025-09-30,15,Lake Forest School District,658,Lake Forest East Elementary School,TRUE,187,1,Only source row,0,307,0,17,18,13,307,48,355,355,96,45,355,0,0,18.95,0,2.02,3,5,0,0,28.97
School,School,2026,2025-09-30,15,Lake Forest School District,665,Lake Forest High School,TRUE,192,1,Only source row,0,0,803,163,24,15,803,202,1005,1005,277,45,0,279,0,0,40.15,19.4,4,5.77,13.06,-6.53,75.85
School,School,2026,2025-09-30,15,Lake Forest School District,660,Lake Forest North Elementary School,TRUE,188,1,Only source row,0,358,0,17,8,15,358,40,398,398,120,2,398,0,0,22.1,0,2.02,1.33,5.77,0,0,31.22
School,School,2026,2025-09-30,15,Lake Forest School District,662,Lake Forest South Elementary School,TRUE,189,1,Only source row,0,368,0,28,4,13,368,45,413,413,166,5,413,0,0,22.72,0,3.33,0.67,5,0,0,31.72
School,School,2026,2025-09-30,16,Laurel School District,783,Laurel Elementary School,TRUE,198,1,Only source row,0,343,483,114,17,20,826,151,977,977,385,232,977,0,0,21.17,24.15,13.57,2.83,7.69,0,0,69.41
School,School,2026,2025-09-30,16,Laurel School District,782,Laurel Middle School,TRUE,197,1,Only source row,0,0,311,43,7,4,311,54,365,365,135,82,365,0,0,0,15.55,5.12,1.17,1.54,4.33,-2.17,25.54
School,School,2026,2025-09-30,16,Laurel School District,756,Laurel Senior High School,TRUE,196,1,Only source row,0,0,553,99,14,17,553,130,683,683,229,141,0,199,0,0,27.65,11.79,2.33,6.54,7.71,-3.86,52.16
School,School,2026,2025-09-30,16,Laurel School District,752,North Laurel Early Learning Academy,TRUE,195,1,Only source row,25,375,0,23,25,26,375,99,474,474,216,126,426,0,2.98,23.15,0,2.74,4.17,10,0,0,43.04
School,School,2026,2025-09-30,88,MOT Charter School,587,MOT Charter School,TRUE,208,1,Only source row,0,273,986,85,36,10,1259,131,1390,1390,86,51,689,184,0,16.85,49.3,10.12,6,3.85,12.42,-6.21,92.33
School,School,2026,2025-09-30,18,Milford School District,668,Banneker (Benjamin) Elementary School,TRUE,200,1,Only source row,12,297,0,12,25,11,297,60,357,357,122,110,328,0,1.43,18.33,0,1.43,4.17,4.23,0,0,29.59
School,School,2026,2025-09-30,18,Milford School District,675,Milford Central Academy,TRUE,204,1,Only source row,0,0,565,93,19,13,565,125,690,690,200,136,690,0,0,0,28.25,11.07,3.17,5,3.03,-1.52,49
School,School,2026,2025-09-30,18,Milford School District,676,Milford Middle School,TRUE,205,1,Only source row,0,0,571,90,35,8,571,133,704,704,217,146,704,0,0,0,28.55,10.71,5.83,3.08,0,0,48.17
School,School,2026,2025-09-30,18,Milford School District,678,Milford Senior High School,TRUE,206,1,Only source row,0,0,1034,153,33,11,1034,197,1231,1231,328,266,0,286,0,0,51.7,18.21,5.5,4.23,16.24,-8.12,87.76
School,School,2026,2025-09-30,18,Milford School District,673,Mispillion Elementary,TRUE,203,1,Only source row,0,283,132,37,24,7,415,68,483,483,170,154,483,0,0,17.47,6.6,4.4,4,2.69,0,0,35.16
School,School,2026,2025-09-30,18,Milford School District,670,Morris (Evelyn I.) Early Childhood,TRUE,201,1,Only source row,22,350,0,15,37,11,350,85,435,435,124,96,392,0,2.62,21.6,0,1.79,6.17,4.23,0,0,36.41
School,School,2026,2025-09-30,18,Milford School District,672,Ross (Lulu M.) Elementary School,TRUE,202,1,Only source row,0,356,176,41,27,14,532,82,614,614,186,174,614,0,0,21.98,8.8,4.88,4.5,5.38,0,0,45.54
School,School,2026,2025-09-30,38,New Castle County Vocational-Technical School District,539,DelCastle ILC,TRUE,218,1,Only source row,0,0,0,0,20,16,0,36,36,36,7,1,0,5,0,0,0,0,3.33,6.15,0,0,9.48
School,School,2026,2025-09-30,38,New Castle County Vocational-Technical School District,80,Delcastle Technical High School,TRUE,217,2,Selected lowest absolute vocational row,0,0,1441,154,38,1,1441,193,1634,1634,386,236,0,414,0,0,72.05,18.33,6.33,0.38,55.27,-27.64,124.72
School,School,2026,2025-09-30,38,New Castle County Vocational-Technical School District,66,Hodgson (Paul M.) Vocational Technical High School,TRUE,215,2,Selected lowest absolute vocational row,0,0,1004,117,17,13,1004,147,1151,1151,302,59,0,278,0,0,50.2,13.93,2.83,5,38.22,-19.11,91.07
School,School,2026,2025-09-30,38,New Castle County Vocational-Technical School District,26,Howard High School of Technology,TRUE,211,2,Selected lowest absolute vocational row,0,0,812,71,24,6,812,101,913,913,367,118,0,238,0,0,40.6,8.45,4,2.31,30.95,-15.48,70.83
School,Vocational/program record,2026,2025-09-30,38,New Castle County Vocational-Technical School District,,NCC Exceptional VocEd,FALSE,219,2,Selected lowest absolute vocational row,0,0,0,0,0,0,0,0,0,0,0,0,0,0,0,0,0,0,0,0,2.53,-1.27,1.26
School,School,2026,2025-09-30,38,New Castle County Vocational-Technical School District,44,St. Georges Technical High School,TRUE,213,2,Selected lowest absolute vocational row,0,0,1050,115,35,4,1050,154,1204,1204,156,23,0,292,0,0,52.5,13.69,5.83,1.54,40.13,-20.07,93.62
School,School,2026,2025-09-30,89,Newark Charter School,588,Newark Charter School,TRUE,222,1,Only source row,0,875,1951,225,59,46,2826,330,3156,3156,298,68,2208,241,0,54.01,97.55,26.79,9.83,17.69,8.09,-4.05,209.91
School,School,2026,2025-09-30,86,Odyssey Charter School,585,Odyssey Charter School,TRUE,224,1,Only source row,0,750,1319,260,56,17,2069,333,2402,2402,501,332,1937,104,0,46.3,65.95,30.95,9.33,6.54,6.24,-3.12,162.19
School,School,2026,2025-09-30,39,Polytech School District,652,POLYTECH High School,TRUE,226,1,Only source row,0,0,1084,144,18,6,1084,168,1252,1252,201,24,0,330,0,0,54.2,17.14,3,2.31,41.73,-20.87,97.51
School,School,2026,2025-09-30,71,Positive Outcomes Charter School,570,Positive Outcomes Charter School,TRUE,228,1,Only source row,0,0,50,27,17,23,50,67,117,117,60,0,32,26,0,0,2.5,3.21,2.83,8.85,0.64,-0.32,17.71
School,School,2026,2025-09-30,87,Providence Creek Academy Charter School,586,Providence Creek Academy Charter School,TRUE,230,1,Only source row,0,361,313,91,14,7,674,112,786,786,125,14,786,0,0,22.28,15.65,10.83,2.33,2.69,0.34,-0.17,53.95
School,School,2026,2025-09-30,32,Red Clay Consolidated School District,252,Baltz (Austin D.) Elementary School,TRUE,238,1,Only source row,0,273,146,58,26,19,419,103,522,522,215,166,522,0,0,16.85,7.3,6.9,4.33,7.31,0,0,42.69
School,School,2026,2025-09-30,32,Red Clay Consolidated School District,261,Brandywine Springs School,TRUE,242,1,Only source row,0,385,433,113,25,27,818,165,983,983,143,75,983,0,0,23.77,21.65,13.45,4.17,10.38,0.72,-0.36,73.78
School,School,2026,2025-09-30,32,Red Clay Consolidated School District,286,Calloway (Cab) School of the Arts,TRUE,252,1,Only source row,0,0,848,71,16,6,848,93,941,941,100,19,453,117,0,0,42.4,8.45,2.67,2.31,2.34,-1.17,57
School,School,2026,2025-09-30,32,Red Clay Consolidated School District,284,Conrad Schools of Science,TRUE,251,1,Only source row,0,0,1087,70,5,1,1087,76,1163,1163,170,52,506,168,0,0,54.35,8.33,0.83,0.38,10.65,-5.33,69.21
School,School,2026,2025-09-30,32,Red Clay Consolidated School District,290,Dickinson (John) School,TRUE,253,1,Only source row,0,0,807,165,37,21,807,223,1030,1030,278,224,270,194,0,0,40.35,19.64,6.17,8.08,8.88,-4.44,78.68
School,School,2026,2025-09-30,32,Red Clay Consolidated School District,530,First State School,TRUE,258,1,Only source row,0,0,1,0,0,18,1,18,19,19,14,2,10,2,0,0,0.05,0,0,6.92,0,0,6.97
School,School,2026,2025-09-30,32,Red Clay Consolidated School District,240,Forest Oak Elementary School,TRUE,232,1,Only source row,0,252,120,43,14,7,372,64,436,436,136,190,436,0,0,15.56,6,5.12,2.33,2.69,0,0,31.7
School,School,2026,2025-09-30,32,Red Clay Consolidated School District,242,Heritage Elementary School,TRUE,233,1,Only source row,0,244,132,60,21,29,376,110,486,486,85,23,486,0,0,15.06,6.6,7.14,3.5,11.15,0,0,43.45
School,School,2026,2025-09-30,32,Red Clay Consolidated School District,244,Johnson (Joseph E. Jr) Elementary School,TRUE,234,1,Only source row,0,131,58,26,8,5,189,39,228,228,167,11,228,0,0,8.09,2.9,3.1,1.33,1.92,0,0,17.34
School,School,2026,2025-09-30,32,Red Clay Consolidated School District,246,Lewis (William C.) Dual Language Elementary School,TRUE,235,1,Only source row,0,207,81,47,10,10,288,67,355,355,175,126,355,0,0,12.78,4.05,5.6,1.67,3.85,0,0,27.95
School,School,2026,2025-09-30,32,Red Clay Consolidated School District,250,Linden Hill Elementary School,TRUE,237,1,Only source row,0,291,171,31,8,16,462,55,517,517,65,77,517,0,0,17.96,8.55,3.69,1.33,6.15,0,0,37.68
School,School,2026,2025-09-30,32,Red Clay Consolidated School District,256,Marbrook Elementary School,TRUE,240,1,Only source row,0,272,119,44,22,33,391,99,490,490,145,126,490,0,0,16.79,5.95,5.24,3.67,12.69,0,0,44.34
School,School,2026,2025-09-30,32,Red Clay Consolidated School District,294,McKean (Thomas) High School,TRUE,255,1,Only source row,0,0,643,124,108,42,643,274,917,917,320,231,0,226,0,0,32.15,14.76,18,16.15,10.99,-5.5,86.55
School,School,2026,2025-09-30,32,Red Clay Consolidated School District,516,Meadowood Program,TRUE,256,1,Only source row,0,0,0,0,6,150,0,156,156,156,36,1,77,4,0,0,0,0,1,57.69,3.1,-1.55,60.24
School,School,2026,2025-09-30,32,Red Clay Consolidated School District,264,Mote (Anna P.) Elementary School,TRUE,243,1,Only source row,0,155,46,30,23,45,201,98,299,299,110,96,299,0,0,9.57,2.3,3.57,3.83,17.31,0,0,36.58
School,School,2026,2025-09-30,32,Red Clay Consolidated School District,270,North Star Elementary School,TRUE,245,1,Only source row,0,348,176,26,11,21,524,58,582,582,25,33,582,0,0,21.48,8.8,3.1,1.83,8.08,0,0,43.29
School,School,2026,2025-09-30,32,Red Clay Consolidated School District,529,Red Clay Early Years Program,TRUE,257,1,Only source row,128,0,0,0,78,152,0,358,358,358,141,0,0,0,15.24,0,0,0,13,58.46,0,0,86.7
School,School,2026,2025-09-30,32,Red Clay Consolidated School District,254,Richardson Park Elementary School,TRUE,239,1,Only source row,0,278,130,59,24,48,408,131,539,539,243,166,539,0,0,17.16,6.5,7.02,4,18.46,0,0,53.14
School,School,2026,2025-09-30,32,Red Clay Consolidated School District,260,Richey Elementary School,TRUE,241,1,Only source row,0,210,124,30,7,14,334,51,385,385,128,63,385,0,0,12.96,6.2,3.57,1.17,5.38,0,0,29.28
School,School,2026,2025-09-30,32,Red Clay Consolidated School District,248,Shortlidge (Evan G.) Academy,TRUE,236,1,Only source row,0,268,0,29,8,35,268,72,340,340,225,24,340,0,0,16.54,0,3.45,1.33,13.46,0,0,34.78
School,School,2026,2025-09-30,32,Red Clay Consolidated School District,280,Skyline Middle School,TRUE,249,1,Only source row,0,0,254,91,30,10,254,131,385,385,175,54,385,0,0,0,12.7,10.83,5,3.85,1.1,-0.55,32.93
School,School,2026,2025-09-30,32,Red Clay Consolidated School District,282,Stanton Middle School,TRUE,250,1,Only source row,0,0,372,77,32,15,372,124,496,496,187,174,496,0,0,0,18.6,9.17,5.33,5.77,1.98,-0.99,39.86
School,School,2026,2025-09-30,32,Red Clay Consolidated School District,266,Warner Elementary School,TRUE,244,1,Only source row,0,73,181,67,28,17,254,112,366,366,227,44,366,0,0,4.51,9.05,7.98,4.67,6.54,0,0,32.75
School,School,2026,2025-09-30,32,Red Clay Consolidated School District,271,William F. Cooke Jr. Elementary,TRUE,246,1,Only source row,0,358,182,48,21,4,540,73,613,613,57,43,613,0,0,22.1,9.1,5.71,3.5,1.54,0,0,41.95
School,School,2026,2025-09-30,32,Red Clay Consolidated School District,292,duPont (Alexis I.) High School,TRUE,254,1,Only source row,0,0,366,146,22,9,366,177,543,543,253,122,0,140,0,0,18.3,17.38,3.67,3.46,5.97,-2.99,45.79
School,School,2026,2025-09-30,32,Red Clay Consolidated School District,274,duPont (Alexis I.) Middle School,TRUE,247,1,Only source row,0,0,309,73,22,7,309,102,411,411,182,97,411,0,0,0,15.45,8.69,3.67,2.69,2.2,-1.1,31.6
School,School,2026,2025-09-30,32,Red Clay Consolidated School District,276,duPont (H.B.) Middle School,TRUE,248,1,Only source row,0,0,648,98,21,8,648,127,775,775,129,55,775,0,0,0,32.4,11.67,3.5,3.08,3.09,-1.55,52.19
School,School,2026,2025-09-30,23,Seaford School District,761,Blades Elementary School,TRUE,262,1,Only source row,0,365,0,13,5,1,365,19,384,384,154,142,384,0,0,22.53,0,1.55,0.83,0.38,0,0,25.29
School,School,2026,2025-09-30,23,Seaford School District,762,Frederick Douglass Elementary School,TRUE,263,1,Only source row,0,131,269,38,7,1,400,46,446,446,183,157,446,0,0,8.09,13.45,4.52,1.17,0.38,0,0,27.61
School,School,2026,2025-09-30,23,Seaford School District,763,Seaford Autistic Program,TRUE,264,1,Only source row,0,0,0,6,21,59,0,86,86,86,26,14,64,4,0,0,0,0.71,3.5,22.69,0,0,26.9
School,School,2026,2025-09-30,23,Seaford School District,759,Seaford Central Elementary School,TRUE,260,1,Only source row,38,138,259,30,24,7,397,99,496,496,183,145,444,0,4.52,8.52,12.95,3.57,4,2.69,0,0,36.25
School,School,2026,2025-09-30,23,Seaford School District,764,Seaford Middle School,TRUE,265,1,Only source row,0,0,703,70,23,6,703,99,802,802,304,195,802,0,0,0,35.15,8.33,3.83,2.31,4.36,-2.18,51.8
School,School,2026,2025-09-30,23,Seaford School District,766,Seaford Senior High School,TRUE,266,1,Only source row,0,0,760,113,37,7,760,157,917,917,312,254,0,233,0,0,38,13.45,6.17,2.69,9.57,-4.79,65.09
School,School,2026,2025-09-30,23,Seaford School District,768,Sussex Orthopedic Program,TRUE,267,1,Only source row,0,0,1,1,11,44,1,56,57,57,21,6,26,6,0,0,0.05,0.12,1.83,16.92,0,0,18.92
School,School,2026,2025-09-30,23,Seaford School District,760,West Seaford Elementary School,TRUE,261,1,Only source row,0,416,0,18,4,5,416,27,443,443,166,197,443,0,0,25.68,0,2.14,0.67,1.92,0,0,30.41
School,School,2026,2025-09-30,24,Smyrna School District,680,Clayton Elementary School,TRUE,269,1,Only source row,0,348,90,23,12,15,438,50,488,488,77,21,488,0,0,21.48,4.5,2.74,2,5.77,0,0,36.49
School,School,2026,2025-09-30,24,Smyrna School District,696,Clayton Middle School,TRUE,276,1,Only source row,0,0,411,56,22,4,411,82,493,493,89,11,493,0,0,0,20.55,6.67,3.67,1.54,0,0,32.43
School,School,2026,2025-09-30,24,Smyrna School District,686,Moore (John Bassett) School,TRUE,274,1,Only source row,0,0,489,47,52,35,489,134,623,623,176,30,623,0,0,0,24.45,5.6,8.67,13.46,0,0,52.18
School,School,2026,2025-09-30,24,Smyrna School District,684,North Smyrna Elementary School,TRUE,272,1,Only source row,27,367,0,18,77,76,367,198,565,565,175,24,432,0,3.21,22.65,0,2.14,12.83,29.23,0,0,70.06
School,School,2026,2025-09-30,24,Smyrna School District,682,Smyrna Elementary School,TRUE,271,1,Only source row,0,290,0,14,16,39,290,69,359,359,116,22,359,0,0,17.9,0,1.67,2.67,15,0,0,37.24
School,School,2026,2025-09-30,24,Smyrna School District,688,Smyrna High School,TRUE,275,1,Only source row,0,0,1427,213,51,42,1427,306,1733,1733,293,56,0,432,0,0,71.35,25.36,8.5,16.15,27.8,-13.9,135.26
School,School,2026,2025-09-30,24,Smyrna School District,685,Smyrna Middle School,TRUE,273,1,Only source row,0,0,777,85,66,27,777,178,955,955,185,42,955,0,0,0,38.85,10.12,11,10.38,9.85,-4.93,75.27
School,School,2026,2025-09-30,24,Smyrna School District,681,Sunnyside Elementary School,TRUE,270,1,Only source row,0,338,109,26,21,11,447,58,505,505,102,19,505,0,0,20.86,5.45,3.1,3.5,4.23,0,0,37.14
School,School,2026,2025-09-30,77,Sussex Academy,576,Sussex Academy,TRUE,278,1,Only source row,0,174,913,93,10,0,1087,103,1190,1190,81,46,666,141,0,10.74,45.65,11.07,1.67,0,3.05,-1.53,70.65
School,School,2026,2025-09-30,9614,Sussex Montessori School,4090,Sussex Montessori School,TRUE,280,1,Only source row,0,227,124,11,17,13,351,41,392,392,133,25,392,0,0,14.01,6.2,1.31,2.83,5,0,0,29.35
School,School,2026,2025-09-30,40,Sussex Technical School District,770,Sussex Technical High School,TRUE,282,1,Only source row,0,0,1170,115,51,13,1170,179,1349,1349,282,139,0,341,0,0,58.5,13.69,8.5,5,44.97,-22.49,108.17
School,School,2026,2025-09-30,35,Woodbridge School District,779,Phillis Wheatley Elementary School,TRUE,286,1,Only source row,0,162,355,45,71,14,517,130,647,647,230,145,647,0,0,10,17.75,5.36,11.83,5.38,0,0,50.32
School,School,2026,2025-09-30,35,Woodbridge School District,776,Woodbridge Early Childhood Education Center,TRUE,285,1,Only source row,2,490,0,12,70,42,490,126,616,616,238,148,570,0,0.24,30.25,0,1.43,11.67,16.15,0,0,59.74
School,School,2026,2025-09-30,35,Woodbridge School District,780,Woodbridge High School,TRUE,287,1,Only source row,0,0,550,68,74,13,550,155,705,705,195,116,0,198,0,0,27.5,8.1,12.33,5,7.6,-3.8,56.73
School,School,2026,2025-09-30,35,Woodbridge School District,775,Woodbridge Middle School,TRUE,284,1,Only source row,0,0,488,72,61,14,488,147,635,635,199,74,635,0,0,0,24.4,8.57,10.17,5.38,4.77,-2.39,50.9
District,LEA total,2026,2025-09-30,69,ASPIRA Delaware,,District Totals,FALSE,30,,,0,384,814,141,116,20,1198,277,1475,1475,402,493,1097,90,0,23.7,40.7,16.79,19.33,7.69,3.63,-1.82,110.02
District,LEA total,2026,2025-09-30,9605,Academia Antonia Alonso,,District Totals,FALSE,4,,,0,373,476,48,19,7,849,74,923,923,275,536,923,0,0,23.02,23.8,5.71,3.17,2.69,0,0,58.39
District,LEA total,2026,2025-09-30,85,Academy of Dover Charter School,,District Totals,FALSE,6,,,0,185,179,52,27,11,364,90,454,454,180,57,454,0,0,11.42,8.95,6.19,4.5,4.23,0,0,35.29
District,LEA total,2026,2025-09-30,29,Appoquinimink School District,,District Totals,FALSE,28,,,51,3254,7554,1092,483,524,10808,2150,12958,12958,1415,562,8954,991,6.07,200.86,377.7,130,80.5,201.54,100.32,-50.16,1046.83
District,LEA total,2026,2025-09-30,31,Brandywine School District,,District Totals,FALSE,47,,,107,2500,5392,953,543,575,7892,2178,10070,10070,2526,655,6912,723,12.74,154.32,269.6,113.45,90.5,221.15,47.09,-23.55,885.3
District,LEA total,2026,2025-09-30,9615,Bryan Allen Stevenson School of Excellence,,District Totals,FALSE,49,,,0,0,84,22,13,4,84,39,123,123,40,3,104,0,0,0,4.2,2.62,2.17,1.54,0,0,10.53
District,LEA total,2026,2025-09-30,10,Caesar Rodney School District,,District Totals,FALSE,64,,,31,1846,4568,719,316,388,6414,1454,7868,7868,1952,547,5396,569,3.69,113.95,228.4,85.6,52.67,149.23,31.4,-15.7,649.24
District,LEA total,2026,2025-09-30,74,Campus Community School,,District Totals,FALSE,70,,,0,153,195,39,8,7,348,54,402,402,170,5,402,0,0,9.44,9.75,4.64,1.33,2.69,0.31,-0.16,28
District,LEA total,2026,2025-09-30,17,Cape Henlopen School District,,District Totals,FALSE,81,,,75,1677,3781,573,189,436,5458,1273,6731,6731,1128,607,4560,509,8.93,103.52,189.05,68.21,31.5,167.69,27.7,-13.85,582.75
District,LEA total,2026,2025-09-30,13,Capital School District,,District Totals,FALSE,96,,,43,1729,3252,666,266,428,4981,1403,6384,6384,2595,815,4367,394,5.12,106.73,162.6,79.29,44.33,164.62,24.53,-12.27,574.95
District,LEA total,2026,2025-09-30,80,Charter School of New Castle,,District Totals,FALSE,98,,,0,271,408,48,20,12,679,80,759,759,360,21,759,0,0,16.73,20.4,5.71,3.33,4.62,0,0,50.79
District,LEA total,2026,2025-09-30,70,Charter School of Wilmington,,District Totals,FALSE,100,,,0,0,966,11,2,1,966,14,980,980,28,4,0,249,0,0,48.3,1.31,0.33,0.38,0,0,50.32
District,LEA total,2026,2025-09-30,33,Christina School District,,District Totals,FALSE,131,,,265,3209,6025,1072,950,1278,9234,3565,12799,12799,4434,1899,8970,836,31.55,198.09,301.25,127.62,158.33,491.54,47.23,-23.62,1331.99
District,LEA total,2026,2025-09-30,34,Colonial School District,,District Totals,FALSE,147,,,117,2122,3993,690,931,420,6115,2158,8273,8273,2635,1212,5975,541,13.93,130.99,199.65,82.14,155.17,161.54,43.74,-21.87,765.29
District,LEA total,2026,2025-09-30,79,Delaware Military Academy,,District Totals,FALSE,149,,,0,0,501,54,0,0,501,54,555,555,63,16,0,150,0,0,25.05,6.43,0,0,3.5,-1.75,33.23
District,LEA total,2026,2025-09-30,37,Delmar School District,,District Totals,FALSE,152,,,8,0,1325,90,30,18,1325,146,1471,1471,189,90,767,175,0.95,0,66.25,10.71,5,6.92,14.18,-7.09,96.92
District,LEA total,2026,2025-09-30,14,Dover Air Force Base,,District Totals,FALSE,68,,,0,174,219,53,18,13,393,84,477,477,22,8,416,14,0,10.74,10.95,6.31,3,5,0.37,-0.19,36.18
District,LEA total,2026,2025-09-30,9604,Early College High School at Del State,,District Totals,FALSE,154,,,0,0,536,51,5,5,536,61,597,597,186,17,184,133,0,0,26.8,6.07,0.83,1.92,0,0,35.62
District,LEA total,2026,2025-09-30,72,East Side Charter School,,District Totals,FALSE,156,,,0,169,203,61,20,7,372,88,460,460,327,4,460,0,0,10.43,10.15,7.26,3.33,2.69,0,0,33.86
District,LEA total,2026,2025-09-30,76,Edison (Thomas A.) Charter School,,District Totals,FALSE,158,,,0,208,245,44,25,16,453,85,538,538,409,1,538,0,0,12.84,12.25,5.24,4.17,6.15,0,0,40.65
District,LEA total,2026,2025-09-30,9607,First State Military Academy,,District Totals,FALSE,160,,,0,0,340,58,19,7,340,84,424,424,67,27,0,116,0,0,17,6.9,3.17,2.69,0,0,29.76
District,LEA total,2026,2025-09-30,9606,First State Montessori Academy,,District Totals,FALSE,162,,,0,273,285,56,29,5,558,90,648,648,64,2,648,0,0,16.85,14.25,6.67,4.83,1.92,0,0,44.52
District,LEA total,2026,2025-09-30,9612,Freire Charter School Wilmington,,District Totals,FALSE,164,,,0,0,257,68,37,8,257,113,370,370,176,19,71,64,0,0,12.85,8.1,6.17,3.08,0,0,30.2
District,LEA total,2026,2025-09-30,92,Gateway Charter School,,District Totals,FALSE,166,,,0,66,59,49,26,11,125,86,211,211,98,4,211,0,0,4.07,2.95,5.83,4.33,4.23,0,0,21.41
District,LEA total,2026,2025-09-30,9611,Great Oaks Charter School,,District Totals,FALSE,168,,,0,0,80,23,29,9,80,61,141,141,87,5,0,39,0,0,4,2.74,4.83,3.46,0,0,15.03
District,LEA total,2026,2025-09-30,36,Indian River School District,,District Totals,FALSE,184,,,111,2725,5905,757,622,500,8630,1990,10620,10620,2523,2689,7349,788,13.21,168.21,295.25,90.12,103.67,192.31,47.95,-23.98,886.74
District,LEA total,2026,2025-09-30,82,Kuumba Academy Charter School,,District Totals,FALSE,186,,,0,228,237,55,30,6,465,91,556,556,342,2,556,0,0,14.07,11.85,6.55,5,2.31,0,0,39.78
District,LEA total,2026,2025-09-30,15,Lake Forest School District,,District Totals,FALSE,194,,,41,1033,1970,476,127,117,3003,761,3764,3764,1190,155,2674,279,4.88,63.77,98.5,56.67,21.17,45,16.39,-8.2,298.18
District,LEA total,2026,2025-09-30,16,Laurel School District,,District Totals,FALSE,199,,,25,718,1347,279,63,67,2065,434,2499,2499,965,581,1768,199,2.98,44.32,67.35,33.21,10.5,25.77,12.04,-6.02,190.15
District,LEA total,2026,2025-09-30,88,MOT Charter School,,District Totals,FALSE,209,,,0,273,986,85,36,10,1259,131,1390,1390,86,51,689,184,0,16.85,49.3,10.12,6,3.85,12.42,-6.21,92.33
District,LEA total,2026,2025-09-30,18,Milford School District,,District Totals,FALSE,207,,,34,1286,2478,441,200,75,3764,750,4514,4514,1347,1082,3211,286,4.05,79.38,123.9,52.5,33.33,28.85,19.27,-9.64,331.64
District,LEA total,2026,2025-09-30,38,New Castle County Vocational-Technical School District,,District Totals,FALSE,221,,,0,0,4307,457,134,40,4307,631,4938,4938,1218,437,0,1227,0,0,215.35,54.4,22.33,15.38,167.1,-83.55,391.01
District,LEA total,2026,2025-09-30,89,Newark Charter School,,District Totals,FALSE,223,,,0,875,1951,225,59,46,2826,330,3156,3156,298,68,2208,241,0,54.01,97.55,26.79,9.83,17.69,8.09,-4.05,209.91
District,LEA total,2026,2025-09-30,86,Odyssey Charter School,,District Totals,FALSE,225,,,0,750,1319,260,56,17,2069,333,2402,2402,501,332,1937,104,0,46.3,65.95,30.95,9.33,6.54,6.24,-3.12,162.19
District,LEA total,2026,2025-09-30,39,Polytech School District,,District Totals,FALSE,227,,,0,0,1084,144,18,6,1084,168,1252,1252,201,24,0,330,0,0,54.2,17.14,3,2.31,41.73,-20.87,97.51
District,LEA total,2026,2025-09-30,71,Positive Outcomes Charter School,,District Totals,FALSE,229,,,0,0,50,27,17,23,50,67,117,117,60,0,32,26,0,0,2.5,3.21,2.83,8.85,0.64,-0.32,17.71
District,LEA total,2026,2025-09-30,87,Providence Creek Academy Charter School,,District Totals,FALSE,231,,,0,361,313,91,14,7,674,112,786,786,125,14,786,0,0,22.28,15.65,10.83,2.33,2.69,0.34,-0.17,53.95
District,LEA total,2026,2025-09-30,32,Red Clay Consolidated School District,,District Totals,FALSE,259,,,128,3745,7434,1626,633,769,11179,3156,14335,14335,4131,2294,10524,851,15.24,231.17,371.7,193.57,105.5,295.77,51.02,-25.51,1238.46
District,LEA total,2026,2025-09-30,23,Seaford School District,,District Totals,FALSE,268,,,38,1050,1992,289,132,130,3042,589,3631,3631,1349,1110,2609,243,4.52,64.81,99.6,34.4,22,50,13.93,-6.97,282.29
District,LEA total,2026,2025-09-30,24,Smyrna School District,,District Totals,FALSE,277,,,27,1343,3303,482,317,249,4646,1075,5721,5721,1213,225,3855,432,3.21,82.9,165.15,57.38,52.83,95.77,37.65,-18.83,476.06
District,LEA total,2026,2025-09-30,77,Sussex Academy,,District Totals,FALSE,279,,,0,174,913,93,10,0,1087,103,1190,1190,81,46,666,141,0,10.74,45.65,11.07,1.67,0,3.05,-1.53,70.65
District,LEA total,2026,2025-09-30,9614,Sussex Montessori School,,District Totals,FALSE,281,,,0,227,124,11,17,13,351,41,392,392,133,25,392,0,0,14.01,6.2,1.31,2.83,5,0,0,29.35
District,LEA total,2026,2025-09-30,40,Sussex Technical School District,,District Totals,FALSE,283,,,0,0,1170,115,51,13,1170,179,1349,1349,282,139,0,341,0,0,58.5,13.69,8.5,5,44.97,-22.49,108.17
District,LEA total,2026,2025-09-30,35,Woodbridge School District,,District Totals,FALSE,288,,,2,652,1393,197,276,83,2045,558,2603,2603,862,483,1852,198,0.24,40.25,69.65,23.45,46,31.92,12.37,-6.19,217.69
Statewide,Statewide total,2026,2025-09-30,,State Total Excluding Dover Air Force Base,,State Total Excluding Dover Air Force Base,FALSE,289,,,1103,33859,79794,12790,6915,6368,113653,27176,140829,140829,36713,17358,92860,11449,131.31,2090.03,3989.7,1522.59,1152.47,2449.22,838.83,-419.49,11754.74
Statewide,Statewide total,2026,2025-09-30,,State Total Including Dover Air Force Base,,State Total Including Dover Air Force Base,FALSE,290,,,1103,34033,80013,12843,6933,6381,114046,27260,141306,141306,36735,17366,93276,11463,131.31,2100.77,4000.65,1528.9,1155.47,2454.22,839.2,-419.68,11790.92
