Priority,Component,Issue,AffectedRows,CurrentTreatment,Action
Needs data,Buildings and Grounds Supervisor,Required input is missing.,44,The funding quantity remains blank and the component remains incomplete.,Populate the applicable supplemental input.
Needs data,Custodians,Required input is missing.,232,The funding quantity remains blank and the component remains incomplete.,Populate the applicable supplemental input.
Needs data,Food Services Supervisor,Required input is missing.,11,The funding quantity remains blank and the component remains incomplete.,Populate the applicable supplemental input.
Needs review,Cafeteria Manager,Charter satellite counts are missing.,24,Only the base 0.73 position is calculated.,Provide satellite counts or confirm that all are zero.
Documented assumption,School-based positions,The current model uses one school code as one school.,,Rows without a school code retain vocational adjustments but receive no other school-based positions.,Revise only if the current-model definition changes.
Policy question,Division I special education teachers,Charter Pre-K eligibility cannot be isolated.,,EnrollmentPreK and UnitsPreK are treated as Basic Pre-K special education.,Confirm whether a separate charter exclusion is required.
Policy question,Nurse,The 30-percent fractional rule still needs confirmation.,,The fractional portion is multiplied by 30 percent.,Confirm the interpretation.
Documented assumption,Dover Air Force Base,DAFB is treated like a district for LEA-level formulas.,,DAFB is calculated normally and excluded from statewide summaries.,Revise only if DAFB eligibility changes.
Not modeled,District cafeteria positions,District cafeteria funding follows a separate process.,,Only charter cafeteria formulas are included.,Add the district process when it becomes available.
