SchoolYear,CountDate,DistrictCode,DistrictName,LEAType,IncludeInStatewide,SchoolCode,SchoolName,IsSchool,CalculatedPositions,CalculatorSuppliedFundingAmount,DocumentedCrosswalkFundingAmount,AnalyticalAssumptionFundingAmount,TotalModeledFundingAmount,ComponentsMissingInput,ComponentsMissingRate,InputComplete,ProvisionalQuantityRows,QuantityCalculationComplete,FundingRateComplete,OverallComplete
2026,2025-09-30,69,ASPIRA Delaware,Charter,TRUE,568,ASPIRA Academy,TRUE,149.69529285714287,11269102.100000001,850505.39825,1312786.7614285713,13432394.259678572,2,2,FALSE,1,FALSE,FALSE,FALSE
2026,2025-09-30,9605,Academia Antonia Alonso,Charter,TRUE,4045,Academia Antonia Alonso,TRUE,82.68309642857143,6036087.45,464421.438375,851876.4957142856,7352385.384089286,2,2,FALSE,1,FALSE,FALSE,FALSE
2026,2025-09-30,85,Academy of Dover Charter School,Charter,TRUE,584,Academy Of Dover Charter School,TRUE,48.38004642857143,3680640.95,200067.30462500002,459031.86571428576,4339740.120339286,2,2,FALSE,1,FALSE,FALSE,FALSE
2026,2025-09-30,29,Appoquinimink School District,District,TRUE,24,Appoquinimink High School,TRUE,133.45315,11115254.100000001,964737.53825,740170,12820161.63825,1,0,FALSE,0,FALSE,TRUE,FALSE
2026,2025-09-30,29,Appoquinimink School District,District,TRUE,13,Appoquinimink PreSchool Center,TRUE,33.385125,3024025.1499999994,75493.69437499999,148034,3247552.8443749994,1,0,FALSE,0,FALSE,TRUE,FALSE
2026,2025-09-30,29,Appoquinimink School District,District,TRUE,36,Brick Mill Early Childhood Center,TRUE,43.21641428571429,3706602.8000000003,143722.8785,333755.63714285713,4184081.315642857,1,0,FALSE,0,FALSE,TRUE,FALSE
2026,2025-09-30,29,Appoquinimink School District,District,TRUE,21,Brick Mill Elementary School,TRUE,53.895121428571436,4320071.7,299094.93525,569587.7657142857,5188754.400964286,1,0,FALSE,0,FALSE,TRUE,FALSE
2026,2025-09-30,29,Appoquinimink School District,District,TRUE,28,Bunker Hill Elementary School,TRUE,58.66356071428572,4765269.35,306664.737625,575329.5928571429,5647263.680482143,1,0,FALSE,0,FALSE,TRUE,FALSE
2026,2025-09-30,29,Appoquinimink School District,District,TRUE,33,Cantwells Bridge Middle School,TRUE,81.89165714285713,6560132.200000001,434505.21400000004,879958.8785714286,7874596.29257143,1,0,FALSE,0,FALSE,TRUE,FALSE
2026,2025-09-30,29,Appoquinimink School District,District,TRUE,22,Cedar Lane Early Childhood Center,TRUE,26.824114285714288,2183858.6,119078.35200000001,288969.7571428572,2591906.709142857,1,0,FALSE,0,FALSE,TRUE,FALSE
2026,2025-09-30,29,Appoquinimink School District,District,TRUE,11,Cedar Lane Elementary School,TRUE,61.54728214285715,4959502.45,342737.285875,622308.1785714286,5924547.914446428,1,0,FALSE,0,FALSE,TRUE,FALSE
2026,2025-09-30,29,Appoquinimink School District,District,TRUE,37,Crystal Run Elementary School,TRUE,44.328799999999994,3656602.1999999997,189502.27399999998,444938.29,4291042.7639999995,1,0,FALSE,0,FALSE,TRUE,FALSE
2026,2025-09-30,29,Appoquinimink School District,District,TRUE,35,Lorewood Grove Elementary School,TRUE,60.42938214285714,4909501.850000001,318131.221375,589423.1685714286,5817056.23994643,1,0,FALSE,0,FALSE,TRUE,FALSE
2026,2025-09-30,29,Appoquinimink School District,District,TRUE,20,Loss (Olive B.) Elementary School,TRUE,44.10090714285715,3570062.7,216545.86775,482521.15857142856,4269129.726321429,1,0,FALSE,0,FALSE,TRUE,FALSE
2026,2025-09-30,29,Appoquinimink School District,District,TRUE,17,Meredith (Everett) Middle School,TRUE,74.55733571428571,5973586.699999999,422413.72274999996,795502.1928571429,7191502.6156071415,1,0,FALSE,0,FALSE,TRUE,FALSE
2026,2025-09-30,29,Appoquinimink School District,District,TRUE,18,Middletown High School,TRUE,126.08494999999999,10446015.3,925487.0672500001,740170,12111672.367250001,1,0,FALSE,0,FALSE,TRUE,FALSE
2026,2025-09-30,29,Appoquinimink School District,District,TRUE,34,Odessa High School,TRUE,113.22822500000002,9251159.65,942148.3248750002,666153,10859460.974875,1,0,FALSE,0,FALSE,TRUE,FALSE
2026,2025-09-30,29,Appoquinimink School District,District,TRUE,32,Old State Elementary School,TRUE,75.50028571428571,6113973,401927.9,766271.0728571429,7282171.972857144,1,0,FALSE,0,FALSE,TRUE,FALSE
2026,2025-09-30,29,Appoquinimink School District,District,TRUE,16,Redding (Louis L.) Middle School,TRUE,59.410782142857144,4824885.449999999,312111.918375,582115.3885714286,5719112.756946428,1,0,FALSE,0,FALSE,TRUE,FALSE
2026,2025-09-30,29,Appoquinimink School District,District,TRUE,10,Silver Lake Elementary School,TRUE,48.44889285714286,3950836.5,234017.23125,502356.5614285714,4687210.292678571,1,0,FALSE,0,FALSE,TRUE,FALSE
2026,2025-09-30,29,Appoquinimink School District,District,TRUE,29,Spring Meadow Early Childhood Center,TRUE,27.051360714285718,2269436.55,92412.16662500001,251908.87285714288,2613757.5894821426,1,0,FALSE,0,FALSE,TRUE,FALSE
2026,2025-09-30,29,Appoquinimink School District,District,TRUE,27,Townsend Early Childhood Center,TRUE,22.791585714285713,1964625.1999999997,87433.7415,174237.98285714287,2226296.9243571428,1,0,FALSE,0,FALSE,TRUE,FALSE
2026,2025-09-30,29,Appoquinimink School District,District,TRUE,14,Townsend Elementary School,TRUE,40.55983571428572,3281597.7,193228.28025,453812.02285714285,3928638.003107143,1,0,FALSE,0,FALSE,TRUE,FALSE
2026,2025-09-30,29,Appoquinimink School District,District,TRUE,23,Waters (Alfred G.) Middle School,TRUE,87.77951071428569,7001483.65,489354.429875,949904.7728571428,8440742.852732142,1,0,FALSE,0,FALSE,TRUE,FALSE
2026,2025-09-30,31,Brandywine School District,District,TRUE,190,Brandywine High School,TRUE,82.60252500000001,6889943.850000001,608903.9413749999,444102,7942949.791375,1,0,FALSE,0,FALSE,TRUE,FALSE
2026,2025-09-30,31,Brandywine School District,District,TRUE,510,Bush (Charles W.) Pre-School,TRUE,74.221975,6472631.149999999,220384.856125,444102,7137118.006125,1,0,FALSE,0,FALSE,TRUE,FALSE
2026,2025-09-30,31,Brandywine School District,District,TRUE,112,Carrcroft Elementary School,TRUE,45.04488214285715,3697948.85,201350.973875,460597.81857142854,4359897.642446429,1,0,FALSE,0,FALSE,TRUE,FALSE
2026,2025-09-30,31,Brandywine School District,District,TRUE,151,Claymont Elementary School,TRUE,100.21375714285715,8182877.600000001,475284.54949999996,994168.6685714286,9652330.818071429,1,0,FALSE,0,FALSE,TRUE,FALSE
2026,2025-09-30,31,Brandywine School District,District,TRUE,194,Concord High School,TRUE,102.93405000000001,8530958.700000001,768667.87775,592136,9891762.577749997,1,0,FALSE,0,FALSE,TRUE,FALSE
2026,2025-09-30,31,Brandywine School District,District,TRUE,124,Forwood Elementary School,TRUE,47.589378571428576,4004683.3,176343.46225,423536.9342857143,4604563.696535713,1,0,FALSE,0,FALSE,TRUE,FALSE
2026,2025-09-30,31,Brandywine School District,District,TRUE,110,Hanby Elementary School,TRUE,53.437110714285716,4297956.05,289698.187875,557060.1428571428,5144714.380732142,1,0,FALSE,0,FALSE,TRUE,FALSE
2026,2025-09-30,31,Brandywine School District,District,TRUE,156,Harlan (David W. ) Elementary School,TRUE,53.187914285714285,4418149.8,229060.441,473542.65714285715,5120752.898142857,1,0,FALSE,0,FALSE,TRUE,FALSE
2026,2025-09-30,31,Brandywine School District,District,TRUE,128,Lancashire Elementary School,TRUE,48.54861785714285,3972952.1500000004,228798.418625,495048.78142857144,4696799.350053571,1,0,FALSE,0,FALSE,TRUE,FALSE
2026,2025-09-30,31,Brandywine School District,District,TRUE,130,Lombardy Elementary School,TRUE,47.366010714285714,3924874.65,200745.197375,457465.91285714286,4583085.760232143,1,0,FALSE,0,FALSE,TRUE,FALSE
2026,2025-09-30,31,Brandywine School District,District,TRUE,132,Maple Lane Elementary School,TRUE,45.55449642857143,3824873.45,168840.968375,415185.1857142857,4408899.604089286,1,0,FALSE,0,FALSE,TRUE,FALSE
2026,2025-09-30,31,Brandywine School District,District,TRUE,176,Mount Pleasant Elementary School,TRUE,67.81303571428572,5461203.4,356999.47625,711462.7228571428,6529665.599107143,1,0,FALSE,0,FALSE,TRUE,FALSE
2026,2025-09-30,31,Brandywine School District,District,TRUE,196,Mount Pleasant High School,TRUE,98.16352499999999,8216531.850000001,720539.896375,518119,9455190.746375,1,0,FALSE,0,FALSE,TRUE,FALSE
2026,2025-09-30,31,Brandywine School District,District,TRUE,178,Springer Middle School,TRUE,81.91481785714284,6622632.950000001,409204.42962500005,844985.9314285715,7876823.311053572,1,0,FALSE,0,FALSE,TRUE,FALSE
2026,2025-09-30,31,Brandywine School District,District,TRUE,180,Talley Middle School,TRUE,90.83291785714285,7264948.35,462483.91512500006,984772.9514285715,8712205.21655357,1,0,FALSE,0,FALSE,TRUE,FALSE
2026,2025-09-30,31,Brandywine School District,District,TRUE,170,duPont (Pierre S.) Middle School,TRUE,67.81109642857143,5458318.75,358131.701375,713028.6757142857,6529479.127089285,1,0,FALSE,0,FALSE,TRUE,FALSE
2026,2025-09-30,9615,Bryan Allen Stevenson School of Excellence,Charter,TRUE,4110,Bryan Allen Stevenson School of Excellence,TRUE,14.158146428571428,1012512.15,54902.101125,128303.36571428571,1195717.616839286,2,2,FALSE,1,FALSE,FALSE,FALSE
2026,2025-09-30,10,Caesar Rodney School District,District,TRUE,610,Allen Frear Elementary School,TRUE,43.329767857142855,3474869.25,225062.796875,495048.78142857144,4194980.828303572,1,0,FALSE,0,FALSE,TRUE,FALSE
2026,2025-09-30,10,Caesar Rodney School District,District,TRUE,626,Caesar Rodney High School,TRUE,190.18552499999998,15619413.85,1607281.3063750002,1036238,18262933.156375002,1,0,FALSE,0,FALSE,TRUE,FALSE
2026,2025-09-30,10,Caesar Rodney School District,District,TRUE,623,David E. Robinson Elementary School,TRUE,43.26301071428571,3501792.65,211033.782375,475735.36285714287,4188561.7952321433,1,0,FALSE,0,FALSE,TRUE,FALSE
2026,2025-09-30,10,Caesar Rodney School District,District,TRUE,,Dover AFB Choice,FALSE,0.11,10577.05,0,0,10577.05,0,0,TRUE,0,TRUE,TRUE,TRUE
2026,2025-09-30,10,Caesar Rodney School District,District,TRUE,,Dover Air Force Base Middle School,FALSE,0.22999999999999998,22115.649999999998,0,0,22115.649999999998,0,0,TRUE,0,TRUE,TRUE,TRUE
2026,2025-09-30,10,Caesar Rodney School District,District,TRUE,621,F. Niel Postlethwait Middle School,TRUE,72.96154285714287,5913970.6,382350.742,741737.8114285714,7038059.153428571,1,0,FALSE,0,FALSE,TRUE,FALSE
2026,2025-09-30,10,Caesar Rodney School District,District,TRUE,625,Fred Fifer III Middle School,TRUE,73.37020357142858,5918778.35,397002.360125,761573.2142857143,7077353.924410714,1,0,FALSE,0,FALSE,TRUE,FALSE
2026,2025-09-30,10,Caesar Rodney School District,District,TRUE,611,J. Ralph McIlvaine Early Childhood Center,TRUE,42.593424999999996,3459484.45,201485.590875,463207.74,4124177.7808749997,1,0,FALSE,0,FALSE,TRUE,FALSE
2026,2025-09-30,10,Caesar Rodney School District,District,TRUE,630,John S. Charlton School,TRUE,149.26804642857147,12817808.15,475724.45862499997,1041145.3957142857,14334678.004339287,1,0,FALSE,0,FALSE,TRUE,FALSE
2026,2025-09-30,10,Caesar Rodney School District,District,TRUE,613,Magnolia Middle School,TRUE,41.14688214285714,3313328.85,203851.003875,467905.59857142856,3985085.4524464286,1,0,FALSE,0,FALSE,TRUE,FALSE
2026,2025-09-30,10,Caesar Rodney School District,District,TRUE,616,Nellie Hughes Stokes Elementary School,TRUE,40.55633571428571,3262366.7,201161.06775000002,464773.6928571429,3928301.4606071427,1,0,FALSE,0,FALSE,TRUE,FALSE
2026,2025-09-30,10,Caesar Rodney School District,District,TRUE,618,Star Hill Elementary School,TRUE,39.38271071428571,3267174.4499999997,163888.985875,384388.1128571428,3815451.548732143,1,0,FALSE,0,FALSE,TRUE,FALSE
2026,2025-09-30,10,Caesar Rodney School District,District,TRUE,620,W. B. Simpson Elementary School,TRUE,39.38623214285714,3176788.75,189365.25312500002,449636.1485714286,3815790.1516964287,1,0,FALSE,0,FALSE,TRUE,FALSE
2026,2025-09-30,10,Caesar Rodney School District,District,TRUE,622,W. Reily Brown Elementary School,TRUE,44.22956428571428,3593139.9,212103.50675,476257.34714285715,4281500.753892858,1,0,FALSE,0,FALSE,TRUE,FALSE
2026,2025-09-30,74,Campus Community School,Charter,TRUE,573,Campus Community School,TRUE,38.87268571428572,2932677.9,174809.79,357871.6828571429,3465359.3728571427,2,2,FALSE,1,FALSE,FALSE,FALSE
2026,2025-09-30,17,Cape Henlopen School District,District,TRUE,724,Beacon Middle School,TRUE,43.23962857142857,3495061.8000000003,212906.40099999998,478345.28428571427,4186313.4852857147,1,0,FALSE,0,FALSE,TRUE,FALSE
2026,2025-09-30,17,Cape Henlopen School District,District,TRUE,726,Cape Henlopen High School,TRUE,160.997675,13179350.95,1394985.489625,888204,15462540.439624999,1,0,FALSE,0,FALSE,TRUE,FALSE
2026,2025-09-30,17,Cape Henlopen School District,District,TRUE,716,Frederick D Thomas Middle School,TRUE,43.44667857142857,3508523.5,215699.70375000002,481999.1742857143,4206222.378035715,1,0,FALSE,0,FALSE,TRUE,FALSE
2026,2025-09-30,17,Cape Henlopen School District,District,TRUE,710,H. O. Brittingham Elementary School,TRUE,46.27026428571429,3781603.6999999997,216209.32525,479911.23714285716,4477724.262392857,1,0,FALSE,0,FALSE,TRUE,FALSE
2026,2025-09-30,17,Cape Henlopen School District,District,TRUE,712,Lewes Elementary School,TRUE,53.58792142857143,4227762.899999999,325326.01925,606126.6657142857,5159215.584964286,1,0,FALSE,0,FALSE,TRUE,FALSE
2026,2025-09-30,17,Cape Henlopen School District,District,TRUE,718,Love Creek Elementary School,TRUE,58.753007142857136,4673922.1,348672.45325,633269.8485714286,5655864.401821429,1,0,FALSE,0,FALSE,TRUE,FALSE
2026,2025-09-30,17,Cape Henlopen School District,District,TRUE,720,Mariner Middle School,TRUE,47.656578571428575,3866220.1,237228.80825,507576.4042857143,4611025.312535714,1,0,FALSE,0,FALSE,TRUE,FALSE
2026,2025-09-30,17,Cape Henlopen School District,District,TRUE,721,Milton Elementary School,TRUE,49.026510714285706,3982567.65,244255.33487499997,515928.15285714285,4742751.137732143,1,0,FALSE,0,FALSE,TRUE,FALSE
2026,2025-09-30,17,Cape Henlopen School District,District,TRUE,722,Rehoboth Elementary School,TRUE,50.38108571428571,4118146.2,242579.83400000003,512274.2628571429,4873000.296857143,1,0,FALSE,0,FALSE,TRUE,FALSE
2026,2025-09-30,17,Cape Henlopen School District,District,TRUE,728,Sussex Consortium,TRUE,176.08133571428573,15279986.700000001,501260.82275,1125497.3128571429,16906744.83560714,1,0,FALSE,0,FALSE,TRUE,FALSE
2026,2025-09-30,13,Capital School District,District,TRUE,636,Booker T. Washington Elementary School,TRUE,28.257839285714287,2282898.25,135975.18937500002,310893.09714285715,2729766.5365178576,1,0,FALSE,0,FALSE,TRUE,FALSE
2026,2025-09-30,13,Capital School District,District,TRUE,645,Capital Early Childhood Center,TRUE,4.581,423082.00000000006,17404.055,0,440486.05500000005,1,0,FALSE,0,FALSE,TRUE,FALSE
2026,2025-09-30,13,Capital School District,District,TRUE,644,Central Elementary School,TRUE,55.39781071428571,4409495.85,322842.816375,600906.8228571429,5333245.489232143,1,0,FALSE,0,FALSE,TRUE,FALSE
2026,2025-09-30,13,Capital School District,District,TRUE,648,Dover High School,TRUE,161.06405,13338006.7,1242712.02775,888204,15468922.72775,1,0,FALSE,0,FALSE,TRUE,FALSE
2026,2025-09-30,13,Capital School District,District,TRUE,632,East Dover Early Childhood Center,TRUE,46.83927857142857,3977759.9000000004,174987.67674999998,379690.25428571424,4532437.8310357155,1,0,FALSE,0,FALSE,TRUE,FALSE
2026,2025-09-30,13,Capital School District,District,TRUE,638,Fairview Early Childhood Center,TRUE,19.653110714285717,1702122.0499999998,77387.947875,145006.86285714287,1924516.8607321428,1,0,FALSE,0,FALSE,TRUE,FALSE
2026,2025-09-30,13,Capital School District,District,TRUE,640,Hartly Elementary School,TRUE,24.212224999999997,2002125.65,129638.57487499999,231134.27,2362898.494875,1,0,FALSE,0,FALSE,TRUE,FALSE
2026,2025-09-30,13,Capital School District,District,TRUE,650,Kent County Community School,TRUE,121.45442500000001,10516208.450000001,318698.53587499994,831517.25,11666424.235875003,1,0,FALSE,0,FALSE,TRUE,FALSE
2026,2025-09-30,13,Capital School District,District,TRUE,655,Kent County Secondary ILC,TRUE,29.882500000000004,2682674.9,61779.587499999994,166303.45,2910757.9374999995,1,0,FALSE,0,FALSE,TRUE,FALSE
2026,2025-09-30,13,Capital School District,District,TRUE,633,Middle School of Excellence,TRUE,54.81216785714285,4351802.850000001,323179.358875,601950.7914285713,5276933.00030357,1,0,FALSE,0,FALSE,TRUE,FALSE
2026,2025-09-30,13,Capital School District,District,TRUE,637,Middle School of Innovation,TRUE,57.05949285714286,4496996.9,353884.05425000004,642143.5814285715,5493024.535678572,1,0,FALSE,0,FALSE,TRUE,FALSE
2026,2025-09-30,13,Capital School District,District,TRUE,635,North Dover Elementary School,TRUE,28.97289642857143,2336745.05,142532.960375,319244.84571428574,2798522.856089286,1,0,FALSE,0,FALSE,TRUE,FALSE
2026,2025-09-30,13,Capital School District,District,TRUE,634,South Dover Elementary School,TRUE,55.0099,4337379.6,337302.12450000003,621264.21,5295945.9345,1,0,FALSE,0,FALSE,TRUE,FALSE
2026,2025-09-30,13,Capital School District,District,TRUE,642,Towne Point Elementary School,TRUE,29.3697,2380014.8,140549.7635,316112.94,2836677.5035,1,0,FALSE,0,FALSE,TRUE,FALSE
2026,2025-09-30,80,Charter School of New Castle,Charter,TRUE,579,Charter School of New Castle,TRUE,72.113010714285707,5258316.350000001,395862.923375,766271.0728571429,6420450.346232143,2,2,FALSE,1,FALSE,FALSE,FALSE
2026,2025-09-30,70,Charter School of Wilmington,Charter,TRUE,295,Charter School of Wilmington,TRUE,71.7654,5213123.500000001,672065.757,370085,6255274.257,2,2,FALSE,1,FALSE,FALSE,FALSE
2026,2025-09-30,33,Christina School District,District,TRUE,339,Brader (Henry M.) Elementary School,TRUE,34.49429285714285,2896139,142996.90825,315068.97142857144,3354204.879678571,1,0,FALSE,0,FALSE,TRUE,FALSE
2026,2025-09-30,33,Christina School District,District,TRUE,538,Brennen School (The),TRUE,195.4553928571429,16968117.5,562146.16875,1255366.6314285714,18785630.300178573,1,0,FALSE,0,FALSE,TRUE,FALSE
2026,2025-09-30,33,Christina School District,District,TRUE,310,Brookside Elementary School,TRUE,27.537767857142857,2263667.25,114676.856875,282183.96142857143,2660528.0683035715,1,0,FALSE,0,FALSE,TRUE,FALSE
2026,2025-09-30,33,Christina School District,District,TRUE,390,Christiana High School,TRUE,121.57743928571429,9943124.65,942869.487375,814396.5371428571,11700390.674517859,1,0,FALSE,0,FALSE,TRUE,FALSE
2026,2025-09-30,33,Christina School District,District,TRUE,,Christina - Intensive Learning Center,FALSE,0.1,9615.500000000002,0,0,9615.500000000002,0,0,TRUE,0,TRUE,TRUE,TRUE
2026,2025-09-30,33,Christina School District,District,TRUE,545,Christina Early Education Center,TRUE,83.32237500000001,7195716.75,276193.21812499996,518119,7990028.968125001,1,0,FALSE,0,FALSE,TRUE,FALSE
2026,2025-09-30,33,Christina School District,District,TRUE,540,Delaware School for the Deaf School (DSD),TRUE,48.17856428571429,4170069.9000000004,145275.78175,323733.16714285716,4639078.848892858,1,0,FALSE,0,FALSE,TRUE,FALSE
2026,2025-09-30,33,Christina School District,District,TRUE,537,Douglass School,TRUE,36.41116071428571,3196019.75,91816.00562499999,241886.40285714285,3529722.158482143,1,0,FALSE,0,FALSE,TRUE,FALSE
2026,2025-09-30,33,Christina School District,District,TRUE,318,Downes (John R.) Elementary School,TRUE,35.13634999999999,2911523.8,162727.91425,341690.17,3415941.8842499997,1,0,FALSE,0,FALSE,TRUE,FALSE
2026,2025-09-30,33,Christina School District,District,TRUE,320,Gallaher (Robert S.) Elementary School,TRUE,51.851992857142854,4170069.9000000004,278738.92175,543488.5514285715,4992297.373178571,1,0,FALSE,0,FALSE,TRUE,FALSE
2026,2025-09-30,33,Christina School District,District,TRUE,372,Gauger-Cobbs Middle School,TRUE,64.96207857142858,5203508.000000001,348912.84075,703110.9742857143,6255531.815035716,1,0,FALSE,0,FALSE,TRUE,FALSE
2026,2025-09-30,33,Christina School District,District,TRUE,392,Glasgow High School,TRUE,94.75735,7957874.9,651676.08925,518119,9127669.98925,1,0,FALSE,0,FALSE,TRUE,FALSE
2026,2025-09-30,33,Christina School District,District,TRUE,314,Jones (Albert H.) Elementary School,TRUE,32.7601,2728829.3,142511.3255,316112.94,3187453.5655,1,0,FALSE,0,FALSE,TRUE,FALSE
2026,2025-09-30,33,Christina School District,District,TRUE,321,Keene (William B.) Elementary School,TRUE,43.59849642857143,3594101.45,185956.558375,440762.4157142857,4220820.4240892865,1,0,FALSE,0,FALSE,TRUE,FALSE
2026,2025-09-30,33,Christina School District,District,TRUE,374,Kirk (George V.) Middle School,TRUE,56.96099642857143,4574882.449999999,317160.05587499996,591511.1057142857,5483553.611589285,1,0,FALSE,0,FALSE,TRUE,FALSE
2026,2025-09-30,33,Christina School District,District,TRUE,322,Leasure (May B.) Elementary School,TRUE,31.89095357142857,2670174.75,131686.67637499998,302019.3642857143,3103880.790660714,1,0,FALSE,0,FALSE,TRUE,FALSE
2026,2025-09-30,33,Christina School District,District,TRUE,324,Maclary (R. Elisabeth) Elementary School,TRUE,23.924999999999997,2037703,102982.005,194595.37,2335280.375,1,0,FALSE,0,FALSE,TRUE,FALSE
2026,2025-09-30,33,Christina School District,District,TRUE,312,Marshall (Thurgood) Elementary School,TRUE,52.86526428571429,4204685.699999999,305537.32025,579505.4671428571,5089728.487392857,1,0,FALSE,0,FALSE,TRUE,FALSE
2026,2025-09-30,33,Christina School District,District,TRUE,353,Maurice Pritchett SR. Academy,TRUE,58.21546785714286,4701807.05,315035.03037500003,587335.2314285715,5604177.311803571,1,0,FALSE,0,FALSE,TRUE,FALSE
2026,2025-09-30,33,Christina School District,District,TRUE,326,McVey (Joseph M.) Elementary School,TRUE,39.66013214285715,3303713.3499999996,147239.74762500002,391173.90857142856,3842127.006196429,1,0,FALSE,0,FALSE,TRUE,FALSE
2026,2025-09-30,33,Christina School District,District,TRUE,394,Newark High School,TRUE,104.447075,8672306.55,772804.946625,592136,10037247.496625002,1,0,FALSE,0,FALSE,TRUE,FALSE
2026,2025-09-30,33,Christina School District,District,TRUE,327,Oberle (William) Elementary School,TRUE,48.038560714285715,3957567.3499999996,214452.09262500002,475735.36285714287,4647754.805482144,1,0,FALSE,0,FALSE,TRUE,FALSE
2026,2025-09-30,33,Christina School District,District,TRUE,358,Pulaski Early Education Center,TRUE,9.211403571428571,820202.1499999999,35767.256125,29753.104285714286,885722.5104107142,1,0,FALSE,0,FALSE,TRUE,FALSE
2026,2025-09-30,33,Christina School District,District,TRUE,512,REACH/CBIP,TRUE,93.14701785714286,8195377.75,209221.26062500002,568229.4914285714,8972828.50205357,1,0,FALSE,0,FALSE,TRUE,FALSE
2026,2025-09-30,33,Christina School District,District,TRUE,376,Shue-Medill Middle School,TRUE,77.28332857142857,6240897.600000001,380571.8745,810012.9842857142,7431482.458785715,1,0,FALSE,0,FALSE,TRUE,FALSE
2026,2025-09-30,33,Christina School District,District,TRUE,330,Smith (Jennie E.) Elementary School,TRUE,46.44546428571429,3873912.5,184593.56124999997,436064.5571428571,4494570.618392858,1,0,FALSE,0,FALSE,TRUE,FALSE
2026,2025-09-30,33,Christina School District,District,TRUE,362,Stubbs Early Education Center,TRUE,16.04085,1344246.9000000001,58159.35175,117863.68,1520269.93175,1,0,FALSE,0,FALSE,TRUE,FALSE
2026,2025-09-30,33,Christina School District,District,TRUE,352,The Bayard School,TRUE,58.26158571428571,4714307.2,311667.20149999997,582637.3728571429,5608611.774357144,1,0,FALSE,0,FALSE,TRUE,FALSE
2026,2025-09-30,33,Christina School District,District,TRUE,332,West Park Place Elementary School,TRUE,34.28438928571428,2864407.85,147758.984625,321854.76714285713,3334021.601767857,1,0,FALSE,0,FALSE,TRUE,FALSE
2026,2025-09-30,33,Christina School District,District,TRUE,334,Wilson (Etta J.) Elementary School,TRUE,26.906385714285715,2180012.4,124049.56549999998,295755.5528571429,2599817.518357143,1,0,FALSE,0,FALSE,TRUE,FALSE
2026,2025-09-30,34,Colonial School District,District,TRUE,470,Bedford (Gunning) Middle School,TRUE,78.99431428571427,6275513.4,435832.153,884656.7371428572,7596002.290142857,1,0,FALSE,0,FALSE,TRUE,FALSE
2026,2025-09-30,34,Colonial School District,District,TRUE,412,Castle Hills Elementary School,TRUE,39.89671428571429,3248905,179906.00499999998,436064.5571428571,3864875.562142858,1,0,FALSE,0,FALSE,TRUE,FALSE
2026,2025-09-30,34,Colonial School District,District,TRUE,410,Downie (Carrie) Elementary School,TRUE,26.927182142857145,2182897.05,123686.58037499999,295233.56857142854,2601817.1989464285,1,0,FALSE,0,FALSE,TRUE,FALSE
2026,2025-09-30,34,Colonial School District,District,TRUE,456,Eisenberg (Harry O.) Elementary School,TRUE,43.07432857142857,3529677.6,191627.29950000002,449114.1642857143,4170419.063785714,1,0,FALSE,0,FALSE,TRUE,FALSE
2026,2025-09-30,34,Colonial School District,District,TRUE,514,Leach (John G.) School,TRUE,36.89118928571428,3280636.1499999994,60142.548624999996,235100.60714285713,3575879.305767857,1,0,FALSE,0,FALSE,TRUE,FALSE
2026,2025-09-30,34,Colonial School District,District,TRUE,,Leach Exceptional VocEd,FALSE,2.8,269234,0,0,269234,0,0,TRUE,0,TRUE,TRUE,TRUE
2026,2025-09-30,34,Colonial School District,District,TRUE,476,McCullough (Calvin R. ) Middle School,TRUE,55.103964285714284,4393149.499999999,317720.15875,594121.0271428572,5304990.685892856,1,0,FALSE,0,FALSE,TRUE,FALSE
2026,2025-09-30,34,Colonial School District,District,TRUE,432,New Castle Elementary School,TRUE,33.27662142857143,2753829.6,153083.56775,330206.5157142857,3237119.6834642855,1,0,FALSE,0,FALSE,TRUE,FALSE
2026,2025-09-30,34,Colonial School District,District,TRUE,490,Penn (William) High School,TRUE,218.35074999999995,18237012.5,1581821.86625,1184272,21003106.36625,1,0,FALSE,0,FALSE,TRUE,FALSE
2026,2025-09-30,34,Colonial School District,District,TRUE,418,Pleasantville Elementary School,TRUE,36.413667857142855,3016332.75,170821.761375,351607.8714285714,3538762.382803571,1,0,FALSE,0,FALSE,TRUE,FALSE
2026,2025-09-30,34,Colonial School District,District,TRUE,474,Read (George) Middle School,TRUE,76.48669285714286,6262051.7,339191.57025,753638.6814285715,7354881.951678571,1,0,FALSE,0,FALSE,TRUE,FALSE
2026,2025-09-30,34,Colonial School District,District,TRUE,427,Southern Elementary School,TRUE,131.51378928571427,10998906.55,501551.691625,1133224.167142857,12633682.408767859,1,0,FALSE,0,FALSE,TRUE,FALSE
2026,2025-09-30,34,Colonial School District,District,TRUE,450,The Colwyck Center,TRUE,54.210950000000004,4735461.3,187593.59725,296068,5219122.89725,1,0,FALSE,0,FALSE,TRUE,FALSE
2026,2025-09-30,34,Colonial School District,District,TRUE,422,Wilbur (Kathleen H.) Elementary,TRUE,92.14892857142858,7287064,506881.08249999996,1044801.1442857143,8838746.226785716,1,0,FALSE,0,FALSE,TRUE,FALSE
2026,2025-09-30,34,Colonial School District,District,TRUE,420,Wilmington Manor Elementary School,TRUE,30.75514642857143,2519439.55,138518.48912500002,311937.0657142857,2969895.104839286,1,0,FALSE,0,FALSE,TRUE,FALSE
2026,2025-09-30,79,Delaware Military Academy,Charter,TRUE,578,Delaware Military Academy,TRUE,46.07022500000001,3482561.65,352814.329875,222051,4057426.979875,2,2,FALSE,1,FALSE,FALSE,FALSE
2026,2025-09-30,37,Delmar School District,District,TRUE,730,Delmar High School,TRUE,58.520675,4834500.949999999,502955.554625,296068,5633524.504625,1,0,FALSE,0,FALSE,TRUE,FALSE
2026,2025-09-30,37,Delmar School District,District,TRUE,733,Delmar Middle School,TRUE,63.973939285714295,5059503.65,401949.534875,696429.9471428571,6157883.132017857,1,0,FALSE,0,FALSE,TRUE,FALSE
2026,2025-09-30,14,Dover Air Force Base,Dover Air Force Base,FALSE,893,Dover AFB Off Base,TRUE,10.22109642857143,929818.8500000001,46204.881375,6785.795714285714,982809.5270892858,1,0,FALSE,0,FALSE,TRUE,FALSE
2026,2025-09-30,14,Dover Air Force Base,Dover Air Force Base,FALSE,891,Dover Air Force Base Middle School,TRUE,7.943421428571428,651930.9,50274.641749999995,61594.14571428571,763799.6874642858,1,0,FALSE,0,FALSE,TRUE,FALSE
2026,2025-09-30,14,Dover Air Force Base,Dover Air Force Base,FALSE,892,Major George S. Welch Elementary School,TRUE,24.565117857142855,2050203.15,123845.236125,222782.52142857143,2396830.9075535713,1,0,FALSE,0,FALSE,TRUE,FALSE
2026,2025-09-30,9604,Early College High School at Del State,Charter,TRUE,4040,Early College School at Del State,TRUE,49.76940714285715,3712372.1,357614.86825,318096.1085714286,4388083.076821429,2,2,FALSE,1,FALSE,FALSE,FALSE
2026,2025-09-30,72,East Side Charter School,Charter,TRUE,571,East Side Charter School,TRUE,47.03309285714286,3543139.3,201343.76225000003,462163.77142857143,4206646.8336785715,2,2,FALSE,1,FALSE,FALSE,FALSE
2026,2025-09-30,76,Edison (Thomas A.) Charter School,Charter,TRUE,575,Edison (Thomas A.) Charter School,TRUE,56.79304642857142,4196031.75,303549.31562500005,576895.5457142857,5076476.611339286,2,2,FALSE,1,FALSE,FALSE,FALSE
2026,2025-09-30,9607,First State Military Academy,Charter,TRUE,4055,First State Military Academy,TRUE,39.61599999999999,3101910.7,273772.51600000006,148034,3523717.2160000005,2,2,FALSE,1,FALSE,FALSE,FALSE
2026,2025-09-30,9606,First State Montessori Academy,Charter,TRUE,4050,First State Montessori Academy,TRUE,62.411214285714294,4568151.600000001,348648.4145,634313.8171428571,5551113.831642858,2,2,FALSE,1,FALSE,FALSE,FALSE
2026,2025-09-30,9612,Freire Charter School Wilmington,Charter,TRUE,4080,Freire Charter School,TRUE,40.82792857142857,3191212,213319.86750000002,259111.88428571427,3663643.751785714,2,2,FALSE,1,FALSE,FALSE,FALSE
2026,2025-09-30,92,Gateway Charter School,Charter,TRUE,543,Gateway Charter School,TRUE,28.598203571428574,2211743.5500000003,96594.90912499999,258172.6842857143,2566511.1434107143,2,2,FALSE,1,FALSE,FALSE,FALSE
2026,2025-09-30,9611,Great Oaks Charter School,Charter,TRUE,4075,Great Oaks Charter School,TRUE,19.622925000000002,1598274.65,95070.852375,74017,1767362.502375,2,2,FALSE,1,FALSE,FALSE,FALSE
2026,2025-09-30,36,Indian River School District,District,TRUE,732,Clayton (John M.) Elementary School,TRUE,43.46402142857143,3562370.3,193795.59475,451724.0857142857,4207889.980464285,1,0,FALSE,0,FALSE,TRUE,FALSE
2026,2025-09-30,36,Indian River School District,District,TRUE,738,East Millsboro Elementary School,TRUE,69.68936785714286,5531396.55,404064.944875,774622.8214285714,6710084.316303572,1,0,FALSE,0,FALSE,TRUE,FALSE
2026,2025-09-30,36,Indian River School District,District,TRUE,750,Ennis (Howard T.) School,TRUE,137.49863571428568,11957220.9,360807.21425,907100.2028571429,13225128.317107145,1,0,FALSE,0,FALSE,TRUE,FALSE
2026,2025-09-30,36,Indian River School District,District,TRUE,734,Georgetown Elementary School,TRUE,86.96725,7027445.5,445317.84375,889876.58,8362639.923749999,1,0,FALSE,0,FALSE,TRUE,FALSE
2026,2025-09-30,36,Indian River School District,District,TRUE,743,Georgetown Middle School,TRUE,78.53964642857143,6230320.55,436262.44662500004,885700.7057142857,7552283.702339287,1,0,FALSE,0,FALSE,TRUE,FALSE
2026,2025-09-30,36,Indian River School District,District,TRUE,746,Indian River High School,TRUE,101.76384999999999,8400187.9,786918.0967499999,592136,9779241.99675,1,0,FALSE,0,FALSE,TRUE,FALSE
2026,2025-09-30,36,Indian River School District,District,TRUE,745,Indian River Intensive Learning Center,TRUE,21.80406071428572,1996356.3499999999,55748.265125,79236.84285714285,2131341.457982143,1,0,FALSE,0,FALSE,TRUE,FALSE
2026,2025-09-30,36,Indian River School District,District,TRUE,690,Long Neck Elementary School,TRUE,62.084442857142854,4945079.199999999,370706.3715,660413.0314285714,5976198.6029285705,1,0,FALSE,0,FALSE,TRUE,FALSE
2026,2025-09-30,36,Indian River School District,District,TRUE,736,Lord Baltimore Elementary School,TRUE,50.04667142857143,4083530.4,243474.0755,513840.21571428573,4840844.691214287,1,0,FALSE,0,FALSE,TRUE,FALSE
2026,2025-09-30,36,Indian River School District,District,TRUE,692,North Georgetown Elementary School,TRUE,72.22666785714286,5774545.85,410920.79637500003,781930.6014285714,6967397.247803571,1,0,FALSE,0,FALSE,TRUE,FALSE
2026,2025-09-30,36,Indian River School District,District,TRUE,742,Selbyville Middle School,TRUE,72.87033214285712,5876470.149999999,394377.32862499997,758441.3085714285,7029288.7871964285,1,0,FALSE,0,FALSE,TRUE,FALSE
2026,2025-09-30,36,Indian River School District,District,TRUE,740,Showell (Phillip C.) Elementary School,TRUE,29.855885714285716,2430015.4000000004,139386.288,314025.0028571428,2883426.690857143,1,0,FALSE,0,FALSE,TRUE,FALSE
2026,2025-09-30,36,Indian River School District,District,TRUE,749,Southern Delaware School of the Arts,TRUE,35.27686428571428,2896139,174920.36825,358393.66714285716,3429453.0353928567,1,0,FALSE,0,FALSE,TRUE,FALSE
2026,2025-09-30,36,Indian River School District,District,TRUE,748,Sussex Central High School,TRUE,178.20035,14706902.9,1463512.75425,962221,17132636.65425,1,0,FALSE,0,FALSE,TRUE,FALSE
2026,2025-09-30,36,Indian River School District,District,TRUE,786,Sussex Central Middle,TRUE,74.881075,6076472.549999999,392415.76662500005,753743.45,7222631.766624999,1,0,FALSE,0,FALSE,TRUE,FALSE
2026,2025-09-30,82,Kuumba Academy Charter School,Charter,TRUE,581,Kuumba Academy Charter School,TRUE,54.49783571428571,4112376.9,242536.56425000002,512274.2628571429,4867187.727107143,2,2,FALSE,1,FALSE,FALSE,FALSE
2026,2025-09-30,15,Lake Forest School District,District,TRUE,664,Chipman (W.T.) Middle School,TRUE,87.92459642857142,7063022.85,469431.11387500004,922239.6057142857,8454693.569589285,1,0,FALSE,0,FALSE,TRUE,FALSE
2026,2025-09-30,15,Lake Forest School District,District,TRUE,663,Delaware Early Childhood Center,TRUE,19.699225000000002,1809815.65,45118.329875,74017,1928950.979875,1,0,FALSE,0,FALSE,TRUE,FALSE
2026,2025-09-30,15,Lake Forest School District,District,TRUE,669,Lake Forest Central Elementary School,TRUE,56.71246428571428,4527766.5,326806.80624999997,605082.6971428571,5459656.0033928575,1,0,FALSE,0,FALSE,TRUE,FALSE
2026,2025-09-30,15,Lake Forest School District,District,TRUE,658,Lake Forest East Elementary School,TRUE,36.18441785714286,3025948.25,157432.177625,333338.42142857146,3516718.8490535715,1,0,FALSE,0,FALSE,TRUE,FALSE
2026,2025-09-30,15,Lake Forest School District,District,TRUE,665,Lake Forest High School,TRUE,94.37087499999998,7849219.749999999,723169.7356250001,518119,9090508.485625,1,0,FALSE,0,FALSE,TRUE,FALSE
2026,2025-09-30,15,Lake Forest School District,District,TRUE,660,Lake Forest North Elementary School,TRUE,40.206721428571434,3289290.1,175593.45325000002,429800.74571428576,3894684.2989642858,1,0,FALSE,0,FALSE,TRUE,FALSE
2026,2025-09-30,15,Lake Forest School District,District,TRUE,662,Lake Forest South Elementary School,TRUE,40.85190000000001,3337367.6,181723.3345,437630.51,3956721.4445,1,0,FALSE,0,FALSE,TRUE,FALSE
2026,2025-09-30,16,Laurel School District,District,TRUE,783,Laurel Elementary School,TRUE,88.84228928571429,7095715.550000001,493138.129125,954080.6471428571,8542934.326267857,1,0,FALSE,0,FALSE,TRUE,FALSE
2026,2025-09-30,16,Laurel School District,District,TRUE,782,Laurel Middle School,TRUE,32.82297857142857,2696136.6,158804.79025,338558.26428571425,3193499.654535714,1,0,FALSE,0,FALSE,TRUE,FALSE
2026,2025-09-30,16,Laurel School District,District,TRUE,756,Laurel Senior High School,TRUE,65.22519999999999,5390048.7,520698.55600000004,370085,6280832.256,1,0,FALSE,0,FALSE,TRUE,FALSE
2026,2025-09-30,16,Laurel School District,District,TRUE,752,North Laurel Early Learning Academy,TRUE,54.27137142857142,4425842.2,280657.214,518433.3057142857,5224932.719714286,1,0,FALSE,0,FALSE,TRUE,FALSE
2026,2025-09-30,88,MOT Charter School,Charter,TRUE,587,MOT Charter School,TRUE,127.5427607142857,9433854.15,877363.8936249999,1025800.1728571429,11337018.216482142,2,2,FALSE,1,FALSE,FALSE,FALSE
2026,2025-09-30,18,Milford School District,District,TRUE,668,Banneker (Benjamin) Elementary School,TRUE,36.670496428571425,3085564.3499999996,158648.538375,319244.84571428574,3563457.7340892856,1,0,FALSE,0,FALSE,TRUE,FALSE
2026,2025-09-30,18,Milford School District,District,TRUE,675,Milford Central Academy,TRUE,62.573214285714286,4998926,368033.26249999995,656237.1571428571,6023196.419642858,1,0,FALSE,0,FALSE,TRUE,FALSE
2026,2025-09-30,18,Milford School District,District,TRUE,676,Milford Middle School,TRUE,61.868989285714285,4919117.350000001,372819.37762499996,663544.9371428571,5955481.664767858,1,0,FALSE,0,FALSE,TRUE,FALSE
2026,2025-09-30,18,Milford School District,District,TRUE,678,Milford Senior High School,TRUE,109.0302,8994425.8,891376.081,592136,10477937.881000001,1,0,FALSE,0,FALSE,TRUE,FALSE
2026,2025-09-30,18,Milford School District,District,TRUE,673,Mispillion Elementary,TRUE,44.9777,3668140.8,211127.5335,474169.41,4353437.7435,1,0,FALSE,0,FALSE,TRUE,FALSE
2026,2025-09-30,18,Milford School District,District,TRUE,670,Morris (Evelyn I.) Early Childhood,TRUE,45.551075,3788334.5500000003,193567.226625,426668.84,4408570.616625,1,0,FALSE,0,FALSE,TRUE,FALSE
2026,2025-09-30,18,Milford School District,District,TRUE,672,Ross (Lulu M.) Elementary School,TRUE,58.370692857142856,4666229.699999999,336306.92024999997,616566.3514285714,5619102.971678572,1,0,FALSE,0,FALSE,TRUE,FALSE
2026,2025-09-30,38,New Castle County Vocational-Technical School District,District,TRUE,539,DelCastle ILC,TRUE,9.7351,911549.4,24529.1405,0,936078.5404999999,1,0,FALSE,0,FALSE,TRUE,FALSE
2026,2025-09-30,38,New Castle County Vocational-Technical School District,District,TRUE,80,Delcastle Technical High School,TRUE,155.6034,12816846.600000001,1238803.327,888204,14943853.927000001,1,0,FALSE,0,FALSE,TRUE,FALSE
2026,2025-09-30,38,New Castle County Vocational-Technical School District,District,TRUE,66,Hodgson (Paul M.) Vocational Technical High School,TRUE,112.98102500000002,9312698.850000001,856839.6088750002,666153,10835691.458875,1,0,FALSE,0,FALSE,TRUE,FALSE
2026,2025-09-30,38,New Castle County Vocational-Technical School District,District,TRUE,26,Howard High School of Technology,TRUE,87.61722499999999,7232255.649999999,652625.619875,518119,8403000.269875001,1,0,FALSE,0,FALSE,TRUE,FALSE
2026,2025-09-30,38,New Castle County Vocational-Technical School District,District,TRUE,,NCC Exceptional VocEd,FALSE,1.2599999999999998,121155.29999999999,0,0,121155.29999999999,0,0,TRUE,0,TRUE,TRUE,TRUE
2026,2025-09-30,38,New Castle County Vocational-Technical School District,District,TRUE,44,St. Georges Technical High School,TRUE,115.87414999999999,9557894.100000001,889832.7932499999,666153,11113879.893250002,1,0,FALSE,0,FALSE,TRUE,FALSE
2026,2025-09-30,89,Newark Charter School,Charter,TRUE,588,Newark Charter School,TRUE,290.81981071428567,21545355.049999997,1887169.280375,2558864.302857143,25991388.63323214,2,2,FALSE,1,FALSE,FALSE,FALSE
2026,2025-09-30,86,Odyssey Charter School,Charter,TRUE,585,Odyssey Charter School,TRUE,225.78396785714287,16688306.45,1390057.545875,2121338.5614285716,20199702.55730357,2,2,FALSE,1,FALSE,FALSE,FALSE
2026,2025-09-30,39,Polytech School District,District,TRUE,652,POLYTECH High School,TRUE,121.28932499999999,10066203.05,940330.9953749999,666153,11672687.045375,1,0,FALSE,0,FALSE,TRUE,FALSE
2026,2025-09-30,71,Positive Outcomes Charter School,Charter,TRUE,570,Positive Outcomes Charter School,TRUE,22.147939285714287,1855970.05,77772.567875,90720.49714285714,2024463.115017857,2,2,FALSE,1,FALSE,FALSE,FALSE
2026,2025-09-30,87,Providence Creek Academy Charter School,Charter,TRUE,586,Providence Creek Academy Charter School,TRUE,75.71868214285715,5562166.15,408526.536875,780364.6485714286,6751057.3354464285,2,2,FALSE,1,FALSE,FALSE,FALSE
2026,2025-09-30,32,Red Clay Consolidated School District,District,TRUE,252,Baltz (Austin D.) Elementary School,TRUE,54.63188928571429,4392187.95,298866.567125,568543.7971428572,5259598.314267858,1,0,FALSE,0,FALSE,TRUE,FALSE
2026,2025-09-30,32,Red Clay Consolidated School District,District,TRUE,261,Brandywine Springs School,TRUE,94.30163571428572,7515912.899999999,498597.32925,1031229.5528571429,9045739.78210714,1,0,FALSE,0,FALSE,TRUE,FALSE
2026,2025-09-30,32,Red Clay Consolidated School District,District,TRUE,286,Calloway (Cab) School of the Arts,TRUE,73.28664285714287,5902432,560343.2625,606543.8814285714,7069319.143928572,1,0,FALSE,0,FALSE,TRUE,FALSE
2026,2025-09-30,32,Red Clay Consolidated School District,District,TRUE,284,Conrad Schools of Science,TRUE,88.17193214285714,7076484.550000001,693765.536625,708226.0485714285,8478476.135196429,1,0,FALSE,0,FALSE,TRUE,FALSE
2026,2025-09-30,32,Red Clay Consolidated School District,District,TRUE,290,Dickinson (John) School,TRUE,98.10781428571428,8121338.4,669440.7255000001,659054.7571428572,9449833.882642858,1,0,FALSE,0,FALSE,TRUE,FALSE
2026,2025-09-30,32,Red Clay Consolidated School District,District,TRUE,530,First State School,TRUE,7.168560714285714,670200.35,13872.762625,5219.842857142857,689292.9554821427,1,0,FALSE,0,FALSE,TRUE,FALSE
2026,2025-09-30,32,Red Clay Consolidated School District,District,TRUE,240,Forest Oak Elementary School,TRUE,41.04860714285714,3335444.5,190555.17125,449636.1485714286,3975635.819821428,1,0,FALSE,0,FALSE,TRUE,FALSE
2026,2025-09-30,32,Red Clay Consolidated School District,District,TRUE,242,Heritage Elementary School,TRUE,55.05816071428571,4465265.75,285568.330625,549752.3628571429,5300586.443482143,1,0,FALSE,0,FALSE,TRUE,FALSE
2026,2025-09-30,32,Red Clay Consolidated School District,District,TRUE,244,Johnson (Joseph E. Jr) Elementary School,TRUE,21.61976428571429,1820392.7,100198.31775,193029.41714285716,2113620.4348928574,1,0,FALSE,0,FALSE,TRUE,FALSE
2026,2025-09-30,32,Red Clay Consolidated School District,District,TRUE,246,Lewis (William C.) Dual Language Elementary School,TRUE,35.15676785714286,2927870.15,156696.591875,333338.42142857146,3417905.1633035713,1,0,FALSE,0,FALSE,TRUE,FALSE
2026,2025-09-30,32,Red Clay Consolidated School District,District,TRUE,250,Linden Hill Elementary School,TRUE,47.83717142857143,3910451.4000000004,226021.943,491916.8757142857,4628390.218714286,1,0,FALSE,0,FALSE,TRUE,FALSE
2026,2025-09-30,32,Red Clay Consolidated School District,District,TRUE,256,Marbrook Elementary School,TRUE,55.99255,4550843.7,287748.64525,551840.3,5390432.64525,1,0,FALSE,0,FALSE,TRUE,FALSE
2026,2025-09-30,32,Red Clay Consolidated School District,District,TRUE,294,McKean (Thomas) High School,TRUE,106.075125,8878078.25,723578.394375,592136,10193792.644375,1,0,FALSE,0,FALSE,TRUE,FALSE
2026,2025-09-30,32,Red Clay Consolidated School District,District,TRUE,516,Meadowood Program,TRUE,71.46579999999999,6213974.2,173829.009,484294.79,6872097.999,1,0,FALSE,0,FALSE,TRUE,FALSE
2026,2025-09-30,32,Red Clay Consolidated School District,District,TRUE,264,Mote (Anna P.) Elementary School,TRUE,44.67349285714285,3804680.9,141381.50425,378124.3014285714,4324186.705678571,1,0,FALSE,0,FALSE,TRUE,FALSE
2026,2025-09-30,32,Red Clay Consolidated School District,District,TRUE,270,North Star Elementary School,TRUE,55.802103571428574,4449880.95,322376.464625,599862.8542857142,5372120.268910714,1,0,FALSE,0,FALSE,TRUE,FALSE
2026,2025-09-30,32,Red Clay Consolidated School District,District,TRUE,529,Red Clay Early Years Program,TRUE,102.18225,8892501.5,334835.74875,592136,9819473.24875,1,0,FALSE,0,FALSE,TRUE,FALSE
2026,2025-09-30,32,Red Clay Consolidated School District,District,TRUE,254,Richardson Park Elementary School,TRUE,66.97055,5484280.6,312941.25525000005,651434.53,6448656.385249999,1,0,FALSE,0,FALSE,TRUE,FALSE
2026,2025-09-30,32,Red Clay Consolidated School District,District,TRUE,260,Richey Elementary School,TRUE,36.779599999999995,3055756.3,169194.33800000002,348997.95,3573948.588,1,0,FALSE,0,FALSE,TRUE,FALSE
2026,2025-09-30,32,Red Clay Consolidated School District,District,TRUE,248,Shortlidge (Evan G.) Academy,TRUE,43.246564285714285,3631601.9,155852.83175,399525.65714285715,4186980.3888928574,1,0,FALSE,0,FALSE,TRUE,FALSE
2026,2025-09-30,32,Red Clay Consolidated School District,District,TRUE,280,Skyline Middle School,TRUE,41.806975,3453715.15,171826.58112500003,423014.95,4048556.6811249997,1,0,FALSE,0,FALSE,TRUE,FALSE
2026,2025-09-30,32,Red Clay Consolidated School District,District,TRUE,282,Stanton Middle School,TRUE,49.83552142857142,4120069.3,219517.05724999998,480955.2057142857,4820541.562964287,1,0,FALSE,0,FALSE,TRUE,FALSE
2026,2025-09-30,32,Red Clay Consolidated School District,District,TRUE,266,Warner Elementary School,TRUE,41.446482142857135,3436407.25,164388.99187499998,413097.2485714286,4013893.490446429,1,0,FALSE,0,FALSE,TRUE,FALSE
2026,2025-09-30,32,Red Clay Consolidated School District,District,TRUE,271,William F. Cooke Jr. Elementary,TRUE,54.74433928571429,4321033.25,333333.326875,616044.3671428572,5270410.944017857,1,0,FALSE,0,FALSE,TRUE,FALSE
2026,2025-09-30,32,Red Clay Consolidated School District,District,TRUE,292,duPont (Alexis I.) High School,TRUE,56.125425,4690268.449999999,416872.790875,296068,5403209.240874999,1,0,FALSE,0,FALSE,TRUE,FALSE
2026,2025-09-30,32,Red Clay Consolidated School District,District,TRUE,274,duPont (Alexis I.) Middle School,TRUE,40.71214285714286,3325829.0000000005,180867.555,436586.54142857145,3943283.0964285713,1,0,FALSE,0,FALSE,TRUE,FALSE
2026,2025-09-30,32,Red Clay Consolidated School District,District,TRUE,276,duPont (H.B.) Middle School,TRUE,68.23856785714285,5392933.350000001,403026.470875,774622.8214285714,6570582.642303572,1,0,FALSE,0,FALSE,TRUE,FALSE
2026,2025-09-30,23,Seaford School District,District,TRUE,761,Blades Elementary School,TRUE,32.75024642857143,2672097.85,165932.27962500002,348475.96571428573,3186506.095339285,1,0,FALSE,0,FALSE,TRUE,FALSE
2026,2025-09-30,23,Seaford School District,District,TRUE,762,Frederick Douglass Elementary School,TRUE,35.672217857142854,2895177.45,191451.81662499998,380838.9914285714,3467468.2580535715,1,0,FALSE,0,FALSE,TRUE,FALSE
2026,2025-09-30,23,Seaford School District,District,TRUE,763,Seaford Autistic Program,TRUE,31.475178571428575,2826907.4000000004,55553.551250000004,181440.9942857143,3063901.9455357147,1,0,FALSE,0,FALSE,TRUE,FALSE
2026,2025-09-30,23,Seaford School District,District,TRUE,759,Seaford Central Elementary School,TRUE,45.916160714285724,3772949.75,216913.660625,453812.02285714285,4443675.433482143,1,0,FALSE,0,FALSE,TRUE,FALSE
2026,2025-09-30,23,Seaford School District,District,TRUE,764,Seaford Middle School,TRUE,68.10021428571429,5355432.899999999,413129.9575,788716.3971428571,6557279.254642857,1,0,FALSE,0,FALSE,TRUE,FALSE
2026,2025-09-30,23,Seaford School District,District,TRUE,766,Seaford Senior High School,TRUE,80.81017499999999,6680325.949999999,646178.427125,444102,7770606.377125,1,0,FALSE,0,FALSE,TRUE,FALSE
2026,2025-09-30,23,Seaford School District,District,TRUE,768,Sussex Orthopedic Program,TRUE,21.479042857142858,1972317.6,40183.1745,87588.59142857142,2100089.3659285717,1,0,FALSE,0,FALSE,TRUE,FALSE
2026,2025-09-30,23,Seaford School District,District,TRUE,760,West Seaford Elementary School,TRUE,39.81493214285714,3211404.55,192317.211625,453290.03857142857,3857011.8001964283,1,0,FALSE,0,FALSE,TRUE,FALSE
2026,2025-09-30,24,Smyrna School District,District,TRUE,680,Clayton Elementary School,TRUE,46.36481785714286,3796026.95,214009.779625,476779.33142857143,4486816.061053571,1,0,FALSE,0,FALSE,TRUE,FALSE
2026,2025-09-30,24,Smyrna School District,District,TRUE,696,Clayton Middle School,TRUE,42.32151071428572,3405637.6500000004,213004.959875,479389.2528571428,4098031.8627321436,1,0,FALSE,0,FALSE,TRUE,FALSE
2026,2025-09-30,24,Smyrna School District,District,TRUE,686,Moore (John Bassett) School,TRUE,66.79535,5391971.8,344557.01925,695281.21,6431810.02925,1,0,FALSE,0,FALSE,TRUE,FALSE
2026,2025-09-30,24,Smyrna School District,District,TRUE,684,North Smyrna Elementary School,TRUE,85.89059285714283,7158216.3,335143.44474999997,743616.2114285715,8236975.956178572,1,0,FALSE,0,FALSE,TRUE,FALSE
2026,2025-09-30,24,Smyrna School District,District,TRUE,682,Smyrna Elementary School,TRUE,45.904157142857144,3868143.2,164934.6715,409443.3585714286,4442521.230071428,1,0,FALSE,0,FALSE,TRUE,FALSE
2026,2025-09-30,24,Smyrna School District,District,TRUE,688,Smyrna High School,TRUE,167.76245,13964586.299999999,1298328.07975,888204,16151118.379749998,1,0,FALSE,0,FALSE,TRUE,FALSE
2026,2025-09-30,24,Smyrna School District,District,TRUE,685,Smyrna Middle School,TRUE,96.53881071428572,7793449.85,488902.501375,1016613.9928571428,9298966.344232144,1,0,FALSE,0,FALSE,TRUE,FALSE
2026,2025-09-30,24,Smyrna School District,District,TRUE,681,Sunnyside Elementary School,TRUE,47.17997857142857,3858527.7,221017.07525,485653.0642857143,4565197.839535715,1,0,FALSE,0,FALSE,TRUE,FALSE
2026,2025-09-30,77,Sussex Academy,Charter,TRUE,576,Sussex Academy,TRUE,99.49130357142857,7214947.749999999,684419.270625,865760.5342857143,8765127.554910714,2,2,FALSE,1,FALSE,FALSE,FALSE
2026,2025-09-30,9614,Sussex Montessori School,Charter,TRUE,4090,Sussex Montessori School,TRUE,40.076525000000004,3062487.1500000004,171937.15937500002,352651.84,3587076.149375,2,2,FALSE,1,FALSE,FALSE,FALSE
2026,2025-09-30,40,Sussex Technical School District,District,TRUE,770,Sussex Technical High School,TRUE,133.50527499999998,11091215.35,993788.367625,740170,12825173.717625,1,0,FALSE,0,FALSE,TRUE,FALSE
2026,2025-09-30,35,Woodbridge School District,District,TRUE,779,Phillis Wheatley Elementary School,TRUE,65.14768571428571,5213123.5,352446.537,707808.8328571429,6273378.869857143,1,0,FALSE,0,FALSE,TRUE,FALSE
2026,2025-09-30,35,Woodbridge School District,District,TRUE,776,Woodbridge Early Childhood Education Center,TRUE,74.44633571428571,6165896.7,347316.66774999996,667616.0428571429,7180829.410607143,1,0,FALSE,0,FALSE,TRUE,FALSE
2026,2025-09-30,35,Woodbridge School District,District,TRUE,780,Woodbridge High School,TRUE,70.259475,5876470.15,531686.6686249999,370085,6778241.818624999,1,0,FALSE,0,FALSE,TRUE,FALSE
2026,2025-09-30,35,Woodbridge School District,District,TRUE,775,Woodbridge Middle School,TRUE,65.61889285714287,5268893.399999999,348249.37125,701545.0214285714,6318687.79267857,1,0,FALSE,0,FALSE,TRUE,FALSE
