DistrictCode,DistrictName,CalculatorLEAName,IncludeInStatewide,CalculatorRow,CalculationUnitSequence,SchoolCalculationUnitCount,CalculationUnitName,CalculatorK3,Calculator4To12,CalculatorBasicPreK12,CalculatorIntensive,CalculatorComplex,CalculatorEnrollment,CalculatorVocationalDeduct,CalculatorVocationalDivisionI
69,ASPIRA Delaware,Las_Americas_Aspira_Academy_Charter_School,TRUE,193,1,3,Aspira Primary,384,178,68,55,9,694,0,0
69,ASPIRA Delaware,Las_Americas_Aspira_Academy_Charter_School,TRUE,194,2,3,Aspira Junior High,0,346,27,28,3,404,0,0
69,ASPIRA Delaware,Las_Americas_Aspira_Academy_Charter_School,TRUE,195,3,3,Aspira High School,0,291,46,33,8,378,-1.82,3.63
70,Charter School of Wilmington,Charter_School_of_Wilmington,TRUE,80,1,1,Charter_School_of_Wilmington,0,966,11,2,1,980,0,0
71,Positive Outcomes Charter School,Positive_Outcomes_Charter_School,TRUE,232,1,2,Positive Middle School,0,15,7,5,5,32,0,0
71,Positive Outcomes Charter School,Positive_Outcomes_Charter_School,TRUE,233,2,2,Postive High School,0,35,20,12,18,85,-0.32,0.64
72,East Side Charter School,East_Side_Charter_School,TRUE,150,1,2,East Side Primary,169,79,36,15,6,305,0,0
72,East Side Charter School,East_Side_Charter_School,TRUE,151,2,2,East Side Junior,0,124,25,5,1,155,0,0
74,Campus Community School,Campus_Community_School_Charter_School,TRUE,48,1,2,Campus Community Primary,153,80,20,4,6,263,0,0
74,Campus Community School,Campus_Community_School_Charter_School,TRUE,49,2,2,Campus Community Junior High,0,115,19,4,1,139,-0.16,0.31
76,Edison (Thomas A.) Charter School,Edison_Charter_School,TRUE,153,1,3,Edison Primary,208,0,9,13,7,237,0,0
76,Edison (Thomas A.) Charter School,Edison_Charter_School,TRUE,154,2,3,Edison Intermediate,0,104,11,4,4,123,0,0
76,Edison (Thomas A.) Charter School,Edison_Charter_School,TRUE,155,3,3,Edison Junior High,0,141,24,8,5,178,0,0
77,Sussex Academy,Sussex_Academy_Charter_School,TRUE,284,1,3,SAS Primary,174,76,25,3,0,279,0,0
77,Sussex Academy,Sussex_Academy_Charter_School,TRUE,285,2,3,SAS Junior High,0,347,37,5,0,388,-0.32,0.64
77,Sussex Academy,Sussex_Academy_Charter_School,TRUE,286,3,3,SAS High School,0,490,31,2,0,523,-1.21,2.41
79,Delaware Military Academy,Delaware_Military_Academy_Charter_School,TRUE,140,1,1,Delaware_Military_Academy_Charter_School,0,501,54,0,0,555,-1.75,3.5
80,Charter School of New Castle,Charter_School_of_New_Castle,TRUE,77,1,2,New Castle Primary,271,162,21,9,8,471,0,0
80,Charter School of New Castle,Charter_School_of_New_Castle,TRUE,78,2,2,New Castle Junior,0,246,27,11,4,288,0,0
82,Kuumba Academy Charter School,Kuumba_Academy_Charter_School,TRUE,182,1,2,Kuumba Primary,228,106,25,16,1,376,0,0
82,Kuumba Academy Charter School,Kuumba_Academy_Charter_School,TRUE,183,2,2,Kuumba Junior High,0,131,30,14,5,180,0,0
85,Academy of Dover Charter School,Academy_of_Dover_Charter_School,TRUE,5,1,2,Academy of Dover Early Learning,136,0,17,11,6,170,0,0
85,Academy of Dover Charter School,Academy_of_Dover_Charter_School,TRUE,6,2,2,Academy of Dover Main,49,179,35,16,5,284,0,0
86,Odyssey Charter School,Odyssey_Charter_School,TRUE,225,1,4,Odyssey Primary,750,0,57,22,5,834,0,0
86,Odyssey Charter School,Odyssey_Charter_School,TRUE,226,2,4,Odyssey Intermediate,0,349,57,9,5,420,0,0
86,Odyssey Charter School,Odyssey_Charter_School,TRUE,227,3,4,Odyssey Middle School,0,581,82,18,2,683,0,0
86,Odyssey Charter School,Odyssey_Charter_School,TRUE,228,4,4,Odyssey High School,0,389,64,7,5,465,-3.12,6.24
87,Providence Creek Academy Charter School,Providence_Creek_Academy_Charter_School,TRUE,235,1,2,Providence Primary,361,131,52,6,6,556,0,0
87,Providence Creek Academy Charter School,Providence_Creek_Academy_Charter_School,TRUE,236,2,2,Providence Junior High,0,182,39,8,1,230,-0.17,0.34
88,MOT Charter School,MOT_Charter_School,TRUE,210,1,3,MOT Elementary,273,132,27,17,5,454,0,0
88,MOT Charter School,MOT_Charter_School,TRUE,211,2,3,MOT Middle School,0,216,14,5,0,235,-1.08,2.16
88,MOT Charter School,MOT_Charter_School,TRUE,212,3,3,MOT High School,0,638,44,14,5,701,-5.13,10.26
89,Newark Charter School,Newark_Charter_School,TRUE,220,1,4,Newark Elementary,668,0,27,19,20,734,0,0
89,Newark Charter School,Newark_Charter_School,TRUE,221,2,4,Newark Intermediate,207,434,67,13,12,733,0,0
89,Newark Charter School,Newark_Charter_School,TRUE,222,3,4,Newark Middle School,0,654,68,11,8,741,-0.68,1.37
89,Newark Charter School,Newark_Charter_School,TRUE,223,4,4,Newark High School,0,863,63,16,6,948,-3.37,6.72
92,Gateway Charter School,Gateway_Charter_School,TRUE,162,1,2,Gateway Primary,66,18,20,14,6,124,0,0
92,Gateway Charter School,Gateway_Charter_School,TRUE,163,2,2,Gateway Secondary,0,41,29,12,5,87,0,0
9604,Early College High School at Del State,Early_College_High_School_at_Del_State_Charter_School,TRUE,149,1,1,Early_College_High_School_at_Del_State_Charter_School,0,536,51,5,5,597,0,0
9605,Academia Antonia Alonso,Academia_Antonia_Alonso_ Charter_School,TRUE,2,1,2,Academia Primary,373,195,20,15,3,606,0,0
9605,Academia Antonia Alonso,Academia_Antonia_Alonso_ Charter_School,TRUE,3,2,2,Academia Junior High,0,281,28,4,4,317,0,0
9606,First State Montessori Academy,First_State_Montessori_Academy_Charter_School,TRUE,158,1,2,First State Elementary,273,185,37,22,3,520,0,0
9606,First State Montessori Academy,First_State_Montessori_Academy_Charter_School,TRUE,159,2,2,First State Middle School,0,100,19,7,2,128,0,0
9607,First State Military Academy,First_State_Military_Academy_Charter_School,TRUE,157,1,1,First_State_Military_Academy_Charter_School,0,340,58,19,7,424,0,0
9611,Great Oaks Charter School,Great_Oaks_Charter_School,TRUE,165,1,1,Great_Oaks_Charter_School,0,80,23,29,9,141,0,0
9612,Freire Charter School Wilmington,Freire_Charter_School_of_Wilmington,TRUE,161,1,1,Freire_Charter_School_of_Wilmington,0,257,68,37,8,370,0,0
9614,Sussex Montessori School,Sussex_Montessori_School_Charter_School,TRUE,288,1,1,Sussex_Montessori_School_Charter_School,227,124,11,17,13,392,0,0
9615,Bryan Allen Stevenson School of Excellence,Bryan_Allen_Stevenson_School_of_Excellence_Charter_School,TRUE,47,1,1,Bryan_Allen_Stevenson_School_of_Excellence_Charter_School,0,84,22,13,4,123,0,0
