SchoolYear,CountDate,DistrictCode,DistrictName,LEAType,IncludeInStatewide,SchoolCode,SchoolName,IsSchool,SchoolCalculationUnitCount,LEASchoolCalculationUnitCount,EnrollmentPreK,EnrollmentK3,Enrollment4_12,EnrollmentBasicK12,EnrollmentIntense,EnrollmentComplex,RegularEdEnrollment,SpecialEdEnrollment,Enrollment,LI,MLL,VocationalEnrollment,VocationalEnrollmentStatus,OperationalEnrollmentCount,OperationalEnrollmentBasis,CharterBuildingPolicy
2026,2025-09-30,69,ASPIRA Delaware,Charter,TRUE,568,ASPIRA Academy,TRUE,3,3,0,384,814,141,116,20,1198,277,1475,402,493,48,Calculator charter organization-total row,1475,total,Districts use one school code per calculation unit; charters use calculator building rows and retain the shared charter totals; student enrollment categories use largest remainder
2026,2025-09-30,9605,Academia Antonia Alonso,Charter,TRUE,4045,Academia Antonia Alonso,TRUE,2,2,0,373,476,48,19,7,849,74,923,275,536,0,Calculator charter organization-total row,923,total,Districts use one school code per calculation unit; charters use calculator building rows and retain the shared charter totals; student enrollment categories use largest remainder
2026,2025-09-30,85,Academy of Dover Charter School,Charter,TRUE,584,Academy Of Dover Charter School,TRUE,2,2,0,185,179,52,27,11,364,90,454,180,57,0,Calculator charter organization-total row,454,total,Districts use one school code per calculation unit; charters use calculator building rows and retain the shared charter totals; student enrollment categories use largest remainder
2026,2025-09-30,29,Appoquinimink School District,District,TRUE,24,Appoquinimink High School,TRUE,1,21,0,0,1090,135,11,63,1090,209,1299,145,59,398,Calculator school row,1299,total,Districts use one school code per calculation unit; charters use calculator building rows and retain the shared charter totals; student enrollment categories use largest remainder
2026,2025-09-30,29,Appoquinimink School District,District,TRUE,13,Appoquinimink PreSchool Center,TRUE,1,21,40,0,0,0,69,33,0,142,142,21,0,0,Calculator school row,142,total,Districts use one school code per calculation unit; charters use calculator building rows and retain the shared charter totals; student enrollment categories use largest remainder
2026,2025-09-30,29,Appoquinimink School District,District,TRUE,36,Brick Mill Early Childhood Center,TRUE,1,21,11,198,0,4,67,27,198,109,307,43,15,0,Calculator school row,307,total,Districts use one school code per calculation unit; charters use calculator building rows and retain the shared charter totals; student enrollment categories use largest remainder
2026,2025-09-30,29,Appoquinimink School District,District,TRUE,21,Brick Mill Elementary School,TRUE,1,21,0,263,163,43,40,15,426,98,524,93,29,0,Calculator school row,524,total,Districts use one school code per calculation unit; charters use calculator building rows and retain the shared charter totals; student enrollment categories use largest remainder
2026,2025-09-30,29,Appoquinimink School District,District,TRUE,28,Bunker Hill Elementary School,TRUE,1,21,0,271,179,28,20,37,450,85,535,95,42,0,Calculator school row,535,total,Districts use one school code per calculation unit; charters use calculator building rows and retain the shared charter totals; student enrollment categories use largest remainder
2026,2025-09-30,29,Appoquinimink School District,District,TRUE,33,Cantwells Bridge Middle School,TRUE,1,21,0,0,683,100,29,23,683,152,835,83,19,0,Calculator school row,835,total,Districts use one school code per calculation unit; charters use calculator building rows and retain the shared charter totals; student enrollment categories use largest remainder
2026,2025-09-30,29,Appoquinimink School District,District,TRUE,22,Cedar Lane Early Childhood Center,TRUE,1,21,0,242,0,5,15,8,242,28,270,12,32,0,Calculator school row,270,total,Districts use one school code per calculation unit; charters use calculator building rows and retain the shared charter totals; student enrollment categories use largest remainder
2026,2025-09-30,29,Appoquinimink School District,District,TRUE,11,Cedar Lane Elementary School,TRUE,1,21,0,315,226,38,20,26,541,84,625,24,36,0,Calculator school row,625,total,Districts use one school code per calculation unit; charters use calculator building rows and retain the shared charter totals; student enrollment categories use largest remainder
2026,2025-09-30,29,Appoquinimink School District,District,TRUE,37,Crystal Run Elementary School,TRUE,1,21,0,220,146,26,11,24,366,61,427,31,15,0,Calculator school row,427,total,Districts use one school code per calculation unit; charters use calculator building rows and retain the shared charter totals; student enrollment categories use largest remainder
2026,2025-09-30,29,Appoquinimink School District,District,TRUE,35,Lorewood Grove Elementary School,TRUE,1,21,0,263,206,38,19,36,469,93,562,41,47,0,Calculator school row,562,total,Districts use one school code per calculation unit; charters use calculator building rows and retain the shared charter totals; student enrollment categories use largest remainder
2026,2025-09-30,29,Appoquinimink School District,District,TRUE,20,Loss (Olive B.) Elementary School,TRUE,1,21,0,260,193,25,12,9,453,46,499,47,39,0,Calculator school row,499,total,Districts use one school code per calculation unit; charters use calculator building rows and retain the shared charter totals; student enrollment categories use largest remainder
2026,2025-09-30,29,Appoquinimink School District,District,TRUE,17,Meredith (Everett) Middle School,TRUE,1,21,0,0,687,102,13,13,687,128,815,90,39,221,Calculator school row,815,total,Districts use one school code per calculation unit; charters use calculator building rows and retain the shared charter totals; student enrollment categories use largest remainder
2026,2025-09-30,29,Appoquinimink School District,District,TRUE,18,Middletown High School,TRUE,1,21,0,0,1008,121,26,55,1008,202,1210,133,38,378,Calculator school row,1210,total,Districts use one school code per calculation unit; charters use calculator building rows and retain the shared charter totals; student enrollment categories use largest remainder
2026,2025-09-30,29,Appoquinimink School District,District,TRUE,34,Odessa High School,TRUE,1,21,0,0,1092,137,20,11,1092,168,1260,106,19,370,Calculator school row,1260,total,Districts use one school code per calculation unit; charters use calculator building rows and retain the shared charter totals; student enrollment categories use largest remainder
2026,2025-09-30,29,Appoquinimink School District,District,TRUE,32,Old State Elementary School,TRUE,1,21,0,388,267,46,27,31,655,104,759,78,9,0,Calculator school row,759,total,Districts use one school code per calculation unit; charters use calculator building rows and retain the shared charter totals; student enrollment categories use largest remainder
2026,2025-09-30,29,Appoquinimink School District,District,TRUE,16,Redding (Louis L.) Middle School,TRUE,1,21,0,0,419,81,19,29,419,129,548,117,29,84,Calculator school row,548,total,Districts use one school code per calculation unit; charters use calculator building rows and retain the shared charter totals; student enrollment categories use largest remainder
2026,2025-09-30,29,Appoquinimink School District,District,TRUE,10,Silver Lake Elementary School,TRUE,1,21,0,265,210,36,14,12,475,62,537,102,32,0,Calculator school row,537,total,Districts use one school code per calculation unit; charters use calculator building rows and retain the shared charter totals; student enrollment categories use largest remainder
2026,2025-09-30,29,Appoquinimink School District,District,TRUE,29,Spring Meadow Early Childhood Center,TRUE,1,21,0,161,0,3,8,27,161,38,199,27,4,0,Calculator school row,199,total,Districts use one school code per calculation unit; charters use calculator building rows and retain the shared charter totals; student enrollment categories use largest remainder
2026,2025-09-30,29,Appoquinimink School District,District,TRUE,27,Townsend Early Childhood Center,TRUE,1,21,0,164,0,2,7,19,164,28,192,32,12,0,Calculator school row,192,total,Districts use one school code per calculation unit; charters use calculator building rows and retain the shared charter totals; student enrollment categories use largest remainder
2026,2025-09-30,29,Appoquinimink School District,District,TRUE,14,Townsend Elementary School,TRUE,1,21,0,244,144,37,13,6,388,56,444,44,18,0,Calculator school row,444,total,Districts use one school code per calculation unit; charters use calculator building rows and retain the shared charter totals; student enrollment categories use largest remainder
2026,2025-09-30,29,Appoquinimink School District,District,TRUE,23,Waters (Alfred G.) Middle School,TRUE,1,21,0,0,841,85,23,20,841,128,969,51,29,276,Calculator school row,969,total,Districts use one school code per calculation unit; charters use calculator building rows and retain the shared charter totals; student enrollment categories use largest remainder
2026,2025-09-30,31,Brandywine School District,District,TRUE,190,Brandywine High School,TRUE,1,16,0,0,690,115,33,24,690,172,862,206,55,112,Calculator school row,862,total,Districts use one school code per calculation unit; charters use calculator building rows and retain the shared charter totals; student enrollment categories use largest remainder
2026,2025-09-30,31,Brandywine School District,District,TRUE,510,Bush (Charles W.) Pre-School,TRUE,1,16,107,0,0,0,75,98,0,280,280,77,0,0,Calculator school row,280,total,Districts use one school code per calculation unit; charters use calculator building rows and retain the shared charter totals; student enrollment categories use largest remainder
2026,2025-09-30,31,Brandywine School District,District,TRUE,112,Carrcroft Elementary School,TRUE,1,16,0,264,122,38,19,14,386,71,457,146,24,0,Calculator school row,457,total,Districts use one school code per calculation unit; charters use calculator building rows and retain the shared charter totals; student enrollment categories use largest remainder
2026,2025-09-30,31,Brandywine School District,District,TRUE,151,Claymont Elementary School,TRUE,1,16,0,409,344,43,59,57,753,159,912,266,162,0,Calculator school row,912,total,Districts use one school code per calculation unit; charters use calculator building rows and retain the shared charter totals; student enrollment categories use largest remainder
2026,2025-09-30,31,Brandywine School District,District,TRUE,194,Concord High School,TRUE,1,16,0,0,806,95,45,51,806,191,997,204,33,103,Calculator school row,997,total,Districts use one school code per calculation unit; charters use calculator building rows and retain the shared charter totals; student enrollment categories use largest remainder
2026,2025-09-30,31,Brandywine School District,District,TRUE,124,Forwood Elementary School,TRUE,1,16,0,204,90,43,11,38,294,92,386,80,27,0,Calculator school row,386,total,Districts use one school code per calculation unit; charters use calculator building rows and retain the shared charter totals; student enrollment categories use largest remainder
2026,2025-09-30,31,Brandywine School District,District,TRUE,110,Hanby Elementary School,TRUE,1,16,0,288,127,38,23,24,415,85,500,88,24,0,Calculator school row,500,total,Districts use one school code per calculation unit; charters use calculator building rows and retain the shared charter totals; student enrollment categories use largest remainder
2026,2025-09-30,31,Brandywine School District,District,TRUE,156,Harlan (David W. ) Elementary School,TRUE,1,16,0,157,72,31,22,58,229,111,340,159,14,0,Calculator school row,340,total,Districts use one school code per calculation unit; charters use calculator building rows and retain the shared charter totals; student enrollment categories use largest remainder
2026,2025-09-30,31,Brandywine School District,District,TRUE,128,Lancashire Elementary School,TRUE,1,16,0,308,141,38,28,8,449,74,523,80,35,0,Calculator school row,523,total,Districts use one school code per calculation unit; charters use calculator building rows and retain the shared charter totals; student enrollment categories use largest remainder
2026,2025-09-30,31,Brandywine School District,District,TRUE,130,Lombardy Elementary School,TRUE,1,16,0,258,107,45,21,20,365,86,451,96,19,0,Calculator school row,451,total,Districts use one school code per calculation unit; charters use calculator building rows and retain the shared charter totals; student enrollment categories use largest remainder
2026,2025-09-30,31,Brandywine School District,District,TRUE,132,Maple Lane Elementary School,TRUE,1,16,0,191,101,28,12,38,292,78,370,111,38,0,Calculator school row,370,total,Districts use one school code per calculation unit; charters use calculator building rows and retain the shared charter totals; student enrollment categories use largest remainder
2026,2025-09-30,31,Brandywine School District,District,TRUE,176,Mount Pleasant Elementary School,TRUE,1,16,0,421,116,44,56,17,537,117,654,194,36,0,Calculator school row,654,total,Districts use one school code per calculation unit; charters use calculator building rows and retain the shared charter totals; student enrollment categories use largest remainder
2026,2025-09-30,31,Brandywine School District,District,TRUE,196,Mount Pleasant High School,TRUE,1,16,0,0,829,121,32,37,829,190,1019,230,57,116,Calculator school row,1019,total,Districts use one school code per calculation unit; charters use calculator building rows and retain the shared charter totals; student enrollment categories use largest remainder
2026,2025-09-30,31,Brandywine School District,District,TRUE,178,Springer Middle School,TRUE,1,16,0,0,596,115,17,40,596,172,768,175,32,106,Calculator school row,768,total,Districts use one school code per calculation unit; charters use calculator building rows and retain the shared charter totals; student enrollment categories use largest remainder
2026,2025-09-30,31,Brandywine School District,District,TRUE,180,Talley Middle School,TRUE,1,16,0,0,725,87,54,28,725,169,894,230,72,141,Calculator school row,894,total,Districts use one school code per calculation unit; charters use calculator building rows and retain the shared charter totals; student enrollment categories use largest remainder
2026,2025-09-30,31,Brandywine School District,District,TRUE,170,duPont (Pierre S.) Middle School,TRUE,1,16,0,0,526,72,36,23,526,131,657,184,27,82,Calculator school row,657,total,Districts use one school code per calculation unit; charters use calculator building rows and retain the shared charter totals; student enrollment categories use largest remainder
2026,2025-09-30,9615,Bryan Allen Stevenson School of Excellence,Charter,TRUE,4110,Bryan Allen Stevenson School of Excellence,TRUE,1,1,0,0,84,22,13,4,84,39,123,40,3,0,Calculator charter organization-total row,123,total,Districts use one school code per calculation unit; charters use calculator building rows and retain the shared charter totals; student enrollment categories use largest remainder
2026,2025-09-30,10,Caesar Rodney School District,District,TRUE,610,Allen Frear Elementary School,TRUE,1,12,0,272,214,29,4,4,486,37,523,99,25,0,Calculator school row,523,total,Districts use one school code per calculation unit; charters use calculator building rows and retain the shared charter totals; student enrollment categories use largest remainder
2026,2025-09-30,10,Caesar Rodney School District,District,TRUE,626,Caesar Rodney High School,TRUE,1,12,0,0,1917,257,64,18,1917,339,2256,478,148,246,Calculator school row,2256,total,Districts use one school code per calculation unit; charters use calculator building rows and retain the shared charter totals; student enrollment categories use largest remainder
2026,2025-09-30,10,Caesar Rodney School District,District,TRUE,623,David E. Robinson Elementary School,TRUE,1,12,0,203,207,58,15,3,410,76,486,147,44,0,Calculator school row,486,total,Districts use one school code per calculation unit; charters use calculator building rows and retain the shared charter totals; student enrollment categories use largest remainder
2026,2025-09-30,10,Caesar Rodney School District,District,TRUE,,Dover AFB Choice,FALSE,0,12,0,0,0,0,0,0,0,0,0,0,0,0,Zero for a zero-enrollment record without a school code,0,total,Districts use one school code per calculation unit; charters use calculator building rows and retain the shared charter totals; student enrollment categories use largest remainder
2026,2025-09-30,10,Caesar Rodney School District,District,TRUE,,Dover Air Force Base Middle School,FALSE,0,12,0,0,0,0,0,0,0,0,0,0,0,0,Zero for a zero-enrollment record without a school code,0,total,Districts use one school code per calculation unit; charters use calculator building rows and retain the shared charter totals; student enrollment categories use largest remainder
2026,2025-09-30,10,Caesar Rodney School District,District,TRUE,621,F. Niel Postlethwait Middle School,TRUE,1,12,0,0,581,78,16,37,581,131,712,180,53,82,Calculator school row,712,total,Districts use one school code per calculation unit; charters use calculator building rows and retain the shared charter totals; student enrollment categories use largest remainder
2026,2025-09-30,10,Caesar Rodney School District,District,TRUE,625,Fred Fifer III Middle School,TRUE,1,12,0,0,593,94,46,17,593,157,750,199,48,85,Calculator school row,750,total,Districts use one school code per calculation unit; charters use calculator building rows and retain the shared charter totals; student enrollment categories use largest remainder
2026,2025-09-30,10,Caesar Rodney School District,District,TRUE,611,J. Ralph McIlvaine Early Childhood Center,TRUE,1,12,0,426,0,4,28,4,426,36,462,124,44,0,Calculator school row,462,total,Districts use one school code per calculation unit; charters use calculator building rows and retain the shared charter totals; student enrollment categories use largest remainder
2026,2025-09-30,10,Caesar Rodney School District,District,TRUE,630,John S. Charlton School,TRUE,1,12,24,76,53,5,5,289,129,323,452,91,10,452,Calculator school row,452,total,Districts use one school code per calculation unit; charters use calculator building rows and retain the shared charter totals; student enrollment categories use largest remainder
2026,2025-09-30,10,Caesar Rodney School District,District,TRUE,613,Magnolia Middle School,TRUE,1,12,0,0,394,61,12,4,394,77,471,101,23,36,Calculator school row,471,total,Districts use one school code per calculation unit; charters use calculator building rows and retain the shared charter totals; student enrollment categories use largest remainder
2026,2025-09-30,10,Caesar Rodney School District,District,TRUE,616,Nellie Hughes Stokes Elementary School,TRUE,1,12,0,238,173,34,19,1,411,54,465,124,20,0,Calculator school row,465,total,Districts use one school code per calculation unit; charters use calculator building rows and retain the shared charter totals; student enrollment categories use largest remainder
2026,2025-09-30,10,Caesar Rodney School District,District,TRUE,618,Star Hill Elementary School,TRUE,1,12,7,153,109,35,62,2,262,106,368,136,33,0,Calculator school row,368,total,Districts use one school code per calculation unit; charters use calculator building rows and retain the shared charter totals; student enrollment categories use largest remainder
2026,2025-09-30,10,Caesar Rodney School District,District,TRUE,620,W. B. Simpson Elementary School,TRUE,1,12,0,222,163,29,17,5,385,51,436,119,10,0,Calculator school row,436,total,Districts use one school code per calculation unit; charters use calculator building rows and retain the shared charter totals; student enrollment categories use largest remainder
2026,2025-09-30,10,Caesar Rodney School District,District,TRUE,622,W. Reily Brown Elementary School,TRUE,1,12,0,256,164,35,28,4,420,67,487,154,89,0,Calculator school row,487,total,Districts use one school code per calculation unit; charters use calculator building rows and retain the shared charter totals; student enrollment categories use largest remainder
2026,2025-09-30,74,Campus Community School,Charter,TRUE,573,Campus Community School,TRUE,2,2,0,153,195,39,8,7,348,54,402,170,5,11,Calculator charter organization-total row,402,total,Districts use one school code per calculation unit; charters use calculator building rows and retain the shared charter totals; student enrollment categories use largest remainder
2026,2025-09-30,17,Cape Henlopen School District,District,TRUE,724,Beacon Middle School,TRUE,1,10,0,0,410,59,15,7,410,81,491,81,26,77,Calculator school row,491,total,Districts use one school code per calculation unit; charters use calculator building rows and retain the shared charter totals; student enrollment categories use largest remainder
2026,2025-09-30,17,Cape Henlopen School District,District,TRUE,726,Cape Henlopen High School,TRUE,1,10,0,0,1636,198,35,20,1636,253,1889,282,175,270,Calculator school row,1889,total,Districts use one school code per calculation unit; charters use calculator building rows and retain the shared charter totals; student enrollment categories use largest remainder
2026,2025-09-30,17,Cape Henlopen School District,District,TRUE,716,Frederick D Thomas Middle School,TRUE,1,10,0,0,412,62,20,4,412,86,498,94,32,80,Calculator school row,498,total,Districts use one school code per calculation unit; charters use calculator building rows and retain the shared charter totals; student enrollment categories use largest remainder
2026,2025-09-30,17,Cape Henlopen School District,District,TRUE,710,H. O. Brittingham Elementary School,TRUE,1,10,0,286,143,31,24,10,429,65,494,102,49,0,Calculator school row,494,total,Districts use one school code per calculation unit; charters use calculator building rows and retain the shared charter totals; student enrollment categories use largest remainder
2026,2025-09-30,17,Cape Henlopen School District,District,TRUE,712,Lewes Elementary School,TRUE,1,10,0,337,184,57,9,7,521,73,594,103,75,0,Calculator school row,594,total,Districts use one school code per calculation unit; charters use calculator building rows and retain the shared charter totals; student enrollment categories use largest remainder
2026,2025-09-30,17,Cape Henlopen School District,District,TRUE,718,Love Creek Elementary School,TRUE,1,10,0,375,206,36,15,14,581,65,646,85,51,0,Calculator school row,646,total,Districts use one school code per calculation unit; charters use calculator building rows and retain the shared charter totals; student enrollment categories use largest remainder
2026,2025-09-30,17,Cape Henlopen School District,District,TRUE,720,Mariner Middle School,TRUE,1,10,0,0,467,58,10,12,467,80,547,89,54,86,Calculator school row,547,total,Districts use one school code per calculation unit; charters use calculator building rows and retain the shared charter totals; student enrollment categories use largest remainder
2026,2025-09-30,17,Cape Henlopen School District,District,TRUE,721,Milton Elementary School,TRUE,1,10,0,349,167,31,6,10,516,47,563,86,85,0,Calculator school row,563,total,Districts use one school code per calculation unit; charters use calculator building rows and retain the shared charter totals; student enrollment categories use largest remainder
2026,2025-09-30,17,Cape Henlopen School District,District,TRUE,722,Rehoboth Elementary School,TRUE,1,10,0,330,156,41,20,9,486,70,556,106,50,0,Calculator school row,556,total,Districts use one school code per calculation unit; charters use calculator building rows and retain the shared charter totals; student enrollment categories use largest remainder
2026,2025-09-30,17,Cape Henlopen School District,District,TRUE,728,Sussex Consortium,TRUE,1,10,75,0,0,0,35,343,0,453,453,100,10,0,Calculator school row,453,total,Districts use one school code per calculation unit; charters use calculator building rows and retain the shared charter totals; student enrollment categories use largest remainder
2026,2025-09-30,13,Capital School District,District,TRUE,636,Booker T. Washington Elementary School,TRUE,1,14,0,147,117,39,4,5,264,48,312,139,27,0,Calculator school row,312,total,Districts use one school code per calculation unit; charters use calculator building rows and retain the shared charter totals; student enrollment categories use largest remainder
2026,2025-09-30,13,Capital School District,District,TRUE,645,Capital Early Childhood Center,TRUE,1,14,37,0,0,0,0,0,0,37,37,18,0,0,Calculator school row,37,total,Districts use one school code per calculation unit; charters use calculator building rows and retain the shared charter totals; student enrollment categories use largest remainder
2026,2025-09-30,13,Capital School District,District,TRUE,644,Central Elementary School,TRUE,1,14,0,308,192,54,17,13,500,84,584,262,122,0,Calculator school row,584,total,Districts use one school code per calculation unit; charters use calculator building rows and retain the shared charter totals; student enrollment categories use largest remainder
2026,2025-09-30,13,Capital School District,District,TRUE,648,Dover High School,TRUE,1,14,0,0,1389,245,63,31,1389,339,1728,592,234,297,Calculator school row,1728,total,Districts use one school code per calculation unit; charters use calculator building rows and retain the shared charter totals; student enrollment categories use largest remainder
2026,2025-09-30,13,Capital School District,District,TRUE,632,East Dover Early Childhood Center,TRUE,1,14,2,269,0,22,72,18,269,114,383,178,51,0,Calculator school row,383,total,Districts use one school code per calculation unit; charters use calculator building rows and retain the shared charter totals; student enrollment categories use largest remainder
2026,2025-09-30,13,Capital School District,District,TRUE,638,Fairview Early Childhood Center,TRUE,1,14,4,123,0,8,31,5,123,48,171,87,27,0,Calculator school row,171,total,Districts use one school code per calculation unit; charters use calculator building rows and retain the shared charter totals; student enrollment categories use largest remainder
2026,2025-09-30,13,Capital School District,District,TRUE,640,Hartly Elementary School,TRUE,1,14,0,203,76,16,6,0,279,22,301,79,27,0,Calculator school row,301,total,Districts use one school code per calculation unit; charters use calculator building rows and retain the shared charter totals; student enrollment categories use largest remainder
2026,2025-09-30,13,Capital School District,District,TRUE,650,Kent County Community School,TRUE,1,14,0,0,0,0,1,264,0,265,265,85,11,265,Calculator school row,265,total,Districts use one school code per calculation unit; charters use calculator building rows and retain the shared charter totals; student enrollment categories use largest remainder
2026,2025-09-30,13,Capital School District,District,TRUE,655,Kent County Secondary ILC,TRUE,1,14,0,0,0,0,27,54,0,81,81,49,1,6,Calculator school row,81,total,Districts use one school code per calculation unit; charters use calculator building rows and retain the shared charter totals; student enrollment categories use largest remainder
2026,2025-09-30,13,Capital School District,District,TRUE,633,Middle School of Excellence,TRUE,1,14,0,0,484,73,14,15,484,102,586,224,55,68,Calculator school row,586,total,Districts use one school code per calculation unit; charters use calculator building rows and retain the shared charter totals; student enrollment categories use largest remainder
2026,2025-09-30,13,Capital School District,District,TRUE,637,Middle School of Innovation,TRUE,1,14,0,0,549,101,9,4,549,114,663,273,88,64,Calculator school row,663,total,Districts use one school code per calculation unit; charters use calculator building rows and retain the shared charter totals; student enrollment categories use largest remainder
2026,2025-09-30,13,Capital School District,District,TRUE,635,North Dover Elementary School,TRUE,1,14,0,171,118,28,6,5,289,39,328,149,39,0,Calculator school row,328,total,Districts use one school code per calculation unit; charters use calculator building rows and retain the shared charter totals; student enrollment categories use largest remainder
2026,2025-09-30,13,Capital School District,District,TRUE,634,South Dover Elementary School,TRUE,1,14,0,335,217,58,6,7,552,71,623,305,89,0,Calculator school row,623,total,Districts use one school code per calculation unit; charters use calculator building rows and retain the shared charter totals; student enrollment categories use largest remainder
2026,2025-09-30,13,Capital School District,District,TRUE,642,Towne Point Elementary School,TRUE,1,14,0,173,110,22,10,7,283,39,322,155,44,0,Calculator school row,322,total,Districts use one school code per calculation unit; charters use calculator building rows and retain the shared charter totals; student enrollment categories use largest remainder
2026,2025-09-30,80,Charter School of New Castle,Charter,TRUE,579,Charter School of New Castle,TRUE,2,2,0,271,408,48,20,12,679,80,759,360,21,0,Calculator charter organization-total row,759,total,Districts use one school code per calculation unit; charters use calculator building rows and retain the shared charter totals; student enrollment categories use largest remainder
2026,2025-09-30,70,Charter School of Wilmington,Charter,TRUE,295,Charter School of Wilmington,TRUE,1,1,0,0,966,11,2,1,966,14,980,28,4,0,Calculator charter organization-total row,980,total,Districts use one school code per calculation unit; charters use calculator building rows and retain the shared charter totals; student enrollment categories use largest remainder
2026,2025-09-30,33,Christina School District,District,TRUE,339,Brader (Henry M.) Elementary School,TRUE,1,29,0,172,89,30,10,19,261,59,320,108,47,0,Calculator school row,320,total,Districts use one school code per calculation unit; charters use calculator building rows and retain the shared charter totals; student enrollment categories use largest remainder
2026,2025-09-30,33,Christina School District,District,TRUE,538,Brennen School (The),TRUE,1,29,0,1,0,0,2,423,1,425,426,104,3,125,Calculator school row,426,total,Districts use one school code per calculation unit; charters use calculator building rows and retain the shared charter totals; student enrollment categories use largest remainder
2026,2025-09-30,33,Christina School District,District,TRUE,310,Brookside Elementary School,TRUE,1,29,0,137,73,13,22,12,210,47,257,118,69,0,Calculator school row,257,total,Districts use one school code per calculation unit; charters use calculator building rows and retain the shared charter totals; student enrollment categories use largest remainder
2026,2025-09-30,33,Christina School District,District,TRUE,390,Christiana High School,TRUE,1,29,0,0,1130,93,94,16,1130,203,1333,319,148,241,Calculator school row,1333,total,Districts use one school code per calculation unit; charters use calculator building rows and retain the shared charter totals; student enrollment categories use largest remainder
2026,2025-09-30,33,Christina School District,District,TRUE,,Christina - Intensive Learning Center,FALSE,0,29,0,0,0,0,0,0,0,0,0,0,0,0,Zero for a zero-enrollment record without a school code,0,total,Districts use one school code per calculation unit; charters use calculator building rows and retain the shared charter totals; student enrollment categories use largest remainder
2026,2025-09-30,33,Christina School District,District,TRUE,545,Christina Early Education Center,TRUE,1,29,229,0,0,0,123,59,0,411,411,114,0,0,Calculator school row,411,total,Districts use one school code per calculation unit; charters use calculator building rows and retain the shared charter totals; student enrollment categories use largest remainder
2026,2025-09-30,33,Christina School District,District,TRUE,540,Delaware School for the Deaf School (DSD),TRUE,1,29,0,0,0,0,0,105,0,105,105,28,7,0,Calculator school row,105,total,Districts use one school code per calculation unit; charters use calculator building rows and retain the shared charter totals; student enrollment categories use largest remainder
2026,2025-09-30,33,Christina School District,District,TRUE,537,Douglass School,TRUE,1,29,0,0,50,4,9,67,50,80,130,80,4,0,Calculator school row,130,total,Districts use one school code per calculation unit; charters use calculator building rows and retain the shared charter totals; student enrollment categories use largest remainder
2026,2025-09-30,33,Christina School District,District,TRUE,318,Downes (John R.) Elementary School,TRUE,1,29,0,199,117,31,15,9,316,55,371,87,52,0,Calculator school row,371,total,Districts use one school code per calculation unit; charters use calculator building rows and retain the shared charter totals; student enrollment categories use largest remainder
2026,2025-09-30,33,Christina School District,District,TRUE,320,Gallaher (Robert S.) Elementary School,TRUE,1,29,0,246,143,24,38,23,389,85,474,181,93,0,Calculator school row,474,total,Districts use one school code per calculation unit; charters use calculator building rows and retain the shared charter totals; student enrollment categories use largest remainder
2026,2025-09-30,33,Christina School District,District,TRUE,372,Gauger-Cobbs Middle School,TRUE,1,29,0,0,491,79,53,15,491,147,638,202,141,116,Calculator school row,638,total,Districts use one school code per calculation unit; charters use calculator building rows and retain the shared charter totals; student enrollment categories use largest remainder
2026,2025-09-30,33,Christina School District,District,TRUE,392,Glasgow High School,TRUE,1,29,0,0,692,128,55,32,692,215,907,314,192,175,Calculator school row,907,total,Districts use one school code per calculation unit; charters use calculator building rows and retain the shared charter totals; student enrollment categories use largest remainder
2026,2025-09-30,33,Christina School District,District,TRUE,314,Jones (Albert H.) Elementary School,TRUE,1,29,0,183,85,27,15,12,268,54,322,134,34,0,Calculator school row,322,total,Districts use one school code per calculation unit; charters use calculator building rows and retain the shared charter totals; student enrollment categories use largest remainder
2026,2025-09-30,33,Christina School District,District,TRUE,321,Keene (William B.) Elementary School,TRUE,1,29,0,226,114,40,23,16,340,79,419,138,40,0,Calculator school row,419,total,Districts use one school code per calculation unit; charters use calculator building rows and retain the shared charter totals; student enrollment categories use largest remainder
2026,2025-09-30,33,Christina School District,District,TRUE,374,Kirk (George V.) Middle School,TRUE,1,29,0,0,442,64,41,19,442,124,566,178,108,46,Calculator school row,566,total,Districts use one school code per calculation unit; charters use calculator building rows and retain the shared charter totals; student enrollment categories use largest remainder
2026,2025-09-30,33,Christina School District,District,TRUE,322,Leasure (May B.) Elementary School,TRUE,1,29,0,154,72,32,27,10,226,69,295,120,38,0,Calculator school row,295,total,Districts use one school code per calculation unit; charters use calculator building rows and retain the shared charter totals; student enrollment categories use largest remainder
2026,2025-09-30,33,Christina School District,District,TRUE,324,Maclary (R. Elisabeth) Elementary School,TRUE,1,29,0,112,73,17,19,10,185,46,231,74,50,0,Calculator school row,231,total,Districts use one school code per calculation unit; charters use calculator building rows and retain the shared charter totals; student enrollment categories use largest remainder
2026,2025-09-30,33,Christina School District,District,TRUE,312,Marshall (Thurgood) Elementary School,TRUE,1,29,0,333,130,43,26,11,463,80,543,110,75,0,Calculator school row,543,total,Districts use one school code per calculation unit; charters use calculator building rows and retain the shared charter totals; student enrollment categories use largest remainder
2026,2025-09-30,33,Christina School District,District,TRUE,353,Maurice Pritchett SR. Academy,TRUE,1,29,0,167,275,55,39,22,442,116,558,390,36,47,Calculator school row,558,total,Districts use one school code per calculation unit; charters use calculator building rows and retain the shared charter totals; student enrollment categories use largest remainder
2026,2025-09-30,33,Christina School District,District,TRUE,326,McVey (Joseph M.) Elementary School,TRUE,1,29,0,161,93,16,27,27,254,70,324,117,30,0,Calculator school row,324,total,Districts use one school code per calculation unit; charters use calculator building rows and retain the shared charter totals; student enrollment categories use largest remainder
2026,2025-09-30,33,Christina School District,District,TRUE,394,Newark High School,TRUE,1,29,0,0,742,124,92,35,742,251,993,333,151,160,Calculator school row,993,total,Districts use one school code per calculation unit; charters use calculator building rows and retain the shared charter totals; student enrollment categories use largest remainder
2026,2025-09-30,33,Christina School District,District,TRUE,327,Oberle (William) Elementary School,TRUE,1,29,0,272,150,24,20,20,422,64,486,134,210,0,Calculator school row,486,total,Districts use one school code per calculation unit; charters use calculator building rows and retain the shared charter totals; student enrollment categories use largest remainder
2026,2025-09-30,33,Christina School District,District,TRUE,358,Pulaski Early Education Center,TRUE,1,29,10,48,0,2,11,6,48,29,77,41,10,0,Calculator school row,77,total,Districts use one school code per calculation unit; charters use calculator building rows and retain the shared charter totals; student enrollment categories use largest remainder
2026,2025-09-30,33,Christina School District,District,TRUE,512,REACH/CBIP,TRUE,1,29,0,0,0,0,13,199,0,212,212,55,3,0,Calculator school row,212,total,Districts use one school code per calculation unit; charters use calculator building rows and retain the shared charter totals; student enrollment categories use largest remainder
2026,2025-09-30,33,Christina School District,District,TRUE,376,Shue-Medill Middle School,TRUE,1,29,0,0,514,95,61,31,514,187,701,245,79,79,Calculator school row,701,total,Districts use one school code per calculation unit; charters use calculator building rows and retain the shared charter totals; student enrollment categories use largest remainder
2026,2025-09-30,33,Christina School District,District,TRUE,330,Smith (Jennie E.) Elementary School,TRUE,1,29,0,211,120,30,19,30,331,79,410,151,101,0,Calculator school row,410,total,Districts use one school code per calculation unit; charters use calculator building rows and retain the shared charter totals; student enrollment categories use largest remainder
2026,2025-09-30,33,Christina School District,District,TRUE,362,Stubbs Early Education Center,TRUE,1,29,26,70,0,5,15,9,70,55,125,86,6,0,Calculator school row,125,total,Districts use one school code per calculation unit; charters use calculator building rows and retain the shared charter totals; student enrollment categories use largest remainder
2026,2025-09-30,33,Christina School District,District,TRUE,352,The Bayard School,TRUE,1,29,0,157,264,60,48,20,421,128,549,346,107,48,Calculator school row,549,total,Districts use one school code per calculation unit; charters use calculator building rows and retain the shared charter totals; student enrollment categories use largest remainder
2026,2025-09-30,33,Christina School District,District,TRUE,332,West Park Place Elementary School,TRUE,1,29,0,196,88,18,15,16,284,49,333,67,33,0,Calculator school row,333,total,Districts use one school code per calculation unit; charters use calculator building rows and retain the shared charter totals; student enrollment categories use largest remainder
2026,2025-09-30,33,Christina School District,District,TRUE,334,Wilson (Etta J.) Elementary School,TRUE,1,29,0,164,78,18,18,5,242,41,283,60,32,0,Calculator school row,283,total,Districts use one school code per calculation unit; charters use calculator building rows and retain the shared charter totals; student enrollment categories use largest remainder
2026,2025-09-30,34,Colonial School District,District,TRUE,470,Bedford (Gunning) Middle School,TRUE,1,14,0,0,671,103,60,10,671,173,844,209,74,132,Calculator school row,844,total,Districts use one school code per calculation unit; charters use calculator building rows and retain the shared charter totals; student enrollment categories use largest remainder
2026,2025-09-30,34,Colonial School District,District,TRUE,412,Castle Hills Elementary School,TRUE,1,14,0,227,119,24,34,6,346,64,410,162,99,0,Calculator school row,410,total,Districts use one school code per calculation unit; charters use calculator building rows and retain the shared charter totals; student enrollment categories use largest remainder
2026,2025-09-30,34,Colonial School District,District,TRUE,410,Downie (Carrie) Elementary School,TRUE,1,14,0,152,81,24,22,3,233,49,282,112,55,0,Calculator school row,282,total,Districts use one school code per calculation unit; charters use calculator building rows and retain the shared charter totals; student enrollment categories use largest remainder
2026,2025-09-30,34,Colonial School District,District,TRUE,456,Eisenberg (Harry O.) Elementary School,TRUE,1,14,0,254,103,39,31,8,357,78,435,196,99,0,Calculator school row,435,total,Districts use one school code per calculation unit; charters use calculator building rows and retain the shared charter totals; student enrollment categories use largest remainder
2026,2025-09-30,34,Colonial School District,District,TRUE,514,Leach (John G.) School,TRUE,1,14,0,0,0,0,23,69,0,92,92,14,1,0,Calculator school row,92,total,Districts use one school code per calculation unit; charters use calculator building rows and retain the shared charter totals; student enrollment categories use largest remainder
2026,2025-09-30,34,Colonial School District,District,TRUE,,Leach Exceptional VocEd,FALSE,0,14,0,0,0,0,0,0,0,0,0,0,0,0,Zero for a zero-enrollment record without a school code,0,total,Districts use one school code per calculation unit; charters use calculator building rows and retain the shared charter totals; student enrollment categories use largest remainder
2026,2025-09-30,34,Colonial School District,District,TRUE,476,McCullough (Calvin R. ) Middle School,TRUE,1,14,0,0,436,71,64,0,436,135,571,229,108,91,Calculator school row,571,total,Districts use one school code per calculation unit; charters use calculator building rows and retain the shared charter totals; student enrollment categories use largest remainder
2026,2025-09-30,34,Colonial School District,District,TRUE,432,New Castle Elementary School,TRUE,1,14,0,192,97,30,26,4,289,60,349,133,77,0,Calculator school row,349,total,Districts use one school code per calculation unit; charters use calculator building rows and retain the shared charter totals; student enrollment categories use largest remainder
2026,2025-09-30,34,Colonial School District,District,TRUE,490,Penn (William) High School,TRUE,1,14,0,0,1446,198,319,42,1446,559,2005,593,310,361,Calculator school row,2005,total,Districts use one school code per calculation unit; charters use calculator building rows and retain the shared charter totals; student enrollment categories use largest remainder
2026,2025-09-30,34,Colonial School District,District,TRUE,418,Pleasantville Elementary School,TRUE,1,14,0,219,117,17,31,6,336,54,390,135,61,0,Calculator school row,390,total,Districts use one school code per calculation unit; charters use calculator building rows and retain the shared charter totals; student enrollment categories use largest remainder
2026,2025-09-30,34,Colonial School District,District,TRUE,474,Read (George) Middle School,TRUE,1,14,0,0,396,70,91,36,396,197,593,190,116,122,Calculator school row,593,total,Districts use one school code per calculation unit; charters use calculator building rows and retain the shared charter totals; student enrollment categories use largest remainder
2026,2025-09-30,34,Colonial School District,District,TRUE,427,Southern Elementary School,TRUE,1,14,0,314,150,43,89,157,464,289,753,216,49,0,Calculator school row,753,total,Districts use one school code per calculation unit; charters use calculator building rows and retain the shared charter totals; student enrollment categories use largest remainder
2026,2025-09-30,34,Colonial School District,District,TRUE,450,The Colwyck Center,TRUE,1,14,117,0,0,0,44,65,0,226,226,72,0,0,Calculator school row,226,total,Districts use one school code per calculation unit; charters use calculator building rows and retain the shared charter totals; student enrollment categories use largest remainder
2026,2025-09-30,34,Colonial School District,District,TRUE,422,Wilbur (Kathleen H.) Elementary,TRUE,1,14,0,593,292,51,64,9,885,124,1009,279,116,0,Calculator school row,1009,total,Districts use one school code per calculation unit; charters use calculator building rows and retain the shared charter totals; student enrollment categories use largest remainder
2026,2025-09-30,34,Colonial School District,District,TRUE,420,Wilmington Manor Elementary School,TRUE,1,14,0,171,85,20,33,5,256,58,314,95,47,0,Calculator school row,314,total,Districts use one school code per calculation unit; charters use calculator building rows and retain the shared charter totals; student enrollment categories use largest remainder
2026,2025-09-30,79,Delaware Military Academy,Charter,TRUE,578,Delaware Military Academy,TRUE,1,1,0,0,501,54,0,0,501,54,555,63,16,0,Calculator charter organization-total row,555,total,Districts use one school code per calculation unit; charters use calculator building rows and retain the shared charter totals; student enrollment categories use largest remainder
2026,2025-09-30,37,Delmar School District,District,TRUE,730,Delmar High School,TRUE,1,2,0,0,630,40,15,9,630,64,694,82,38,155,Calculator school row,694,total,Districts use one school code per calculation unit; charters use calculator building rows and retain the shared charter totals; student enrollment categories use largest remainder
2026,2025-09-30,37,Delmar School District,District,TRUE,733,Delmar Middle School,TRUE,1,2,8,0,695,50,15,9,695,82,777,107,52,100,Calculator school row,777,total,Districts use one school code per calculation unit; charters use calculator building rows and retain the shared charter totals; student enrollment categories use largest remainder
2026,2025-09-30,14,Dover Air Force Base,Dover Air Force Base,FALSE,893,Dover AFB Off Base,TRUE,1,3,0,1,43,7,11,12,44,30,74,4,0,0,Calculator school row,74,total,Districts use one school code per calculation unit; charters use calculator building rows and retain the shared charter totals; student enrollment categories use largest remainder
2026,2025-09-30,14,Dover Air Force Base,Dover Air Force Base,FALSE,891,Dover Air Force Base Middle School,TRUE,1,3,0,0,106,11,1,0,106,12,118,3,4,13,Calculator school row,118,total,Districts use one school code per calculation unit; charters use calculator building rows and retain the shared charter totals; student enrollment categories use largest remainder
2026,2025-09-30,14,Dover Air Force Base,Dover Air Force Base,FALSE,892,Major George S. Welch Elementary School,TRUE,1,3,0,173,70,35,6,1,243,42,285,15,4,0,Calculator school row,285,total,Districts use one school code per calculation unit; charters use calculator building rows and retain the shared charter totals; student enrollment categories use largest remainder
2026,2025-09-30,9604,Early College High School at Del State,Charter,TRUE,4040,Early College School at Del State,TRUE,1,1,0,0,536,51,5,5,536,61,597,186,17,104,Calculator charter organization-total row,597,total,Districts use one school code per calculation unit; charters use calculator building rows and retain the shared charter totals; student enrollment categories use largest remainder
2026,2025-09-30,72,East Side Charter School,Charter,TRUE,571,East Side Charter School,TRUE,2,2,0,169,203,61,20,7,372,88,460,327,4,0,Calculator charter organization-total row,460,total,Districts use one school code per calculation unit; charters use calculator building rows and retain the shared charter totals; student enrollment categories use largest remainder
2026,2025-09-30,76,Edison (Thomas A.) Charter School,Charter,TRUE,575,Edison (Thomas A.) Charter School,TRUE,3,3,0,208,245,44,25,16,453,85,538,409,1,0,Calculator charter organization-total row,538,total,Districts use one school code per calculation unit; charters use calculator building rows and retain the shared charter totals; student enrollment categories use largest remainder
2026,2025-09-30,9607,First State Military Academy,Charter,TRUE,4055,First State Military Academy,TRUE,1,1,0,0,340,58,19,7,340,84,424,67,27,0,Calculator charter organization-total row,424,total,Districts use one school code per calculation unit; charters use calculator building rows and retain the shared charter totals; student enrollment categories use largest remainder
2026,2025-09-30,9606,First State Montessori Academy,Charter,TRUE,4050,First State Montessori Academy,TRUE,2,2,0,273,285,56,29,5,558,90,648,64,2,0,Calculator charter organization-total row,648,total,Districts use one school code per calculation unit; charters use calculator building rows and retain the shared charter totals; student enrollment categories use largest remainder
2026,2025-09-30,9612,Freire Charter School Wilmington,Charter,TRUE,4080,Freire Charter School,TRUE,1,1,0,0,257,68,37,8,257,113,370,176,19,0,Calculator charter organization-total row,370,total,Districts use one school code per calculation unit; charters use calculator building rows and retain the shared charter totals; student enrollment categories use largest remainder
2026,2025-09-30,92,Gateway Charter School,Charter,TRUE,543,Gateway Charter School,TRUE,2,2,0,66,59,49,26,11,125,86,211,98,4,0,Calculator charter organization-total row,211,total,Districts use one school code per calculation unit; charters use calculator building rows and retain the shared charter totals; student enrollment categories use largest remainder
2026,2025-09-30,9611,Great Oaks Charter School,Charter,TRUE,4075,Great Oaks Charter School,TRUE,1,1,0,0,80,23,29,9,80,61,141,87,5,23,Calculator charter organization-total row,141,total,Districts use one school code per calculation unit; charters use calculator building rows and retain the shared charter totals; student enrollment categories use largest remainder
2026,2025-09-30,36,Indian River School District,District,TRUE,732,Clayton (John M.) Elementary School,TRUE,1,15,0,253,117,40,17,13,370,70,440,114,138,0,Calculator school row,440,total,Districts use one school code per calculation unit; charters use calculator building rows and retain the shared charter totals; student enrollment categories use largest remainder
2026,2025-09-30,36,Indian River School District,District,TRUE,738,East Millsboro Elementary School,TRUE,1,15,0,435,257,53,18,12,692,83,775,233,136,0,Calculator school row,775,total,Districts use one school code per calculation unit; charters use calculator building rows and retain the shared charter totals; student enrollment categories use largest remainder
2026,2025-09-30,36,Indian River School District,District,TRUE,750,Ennis (Howard T.) School,TRUE,1,15,48,0,0,0,9,282,0,339,339,92,28,155,Calculator school row,339,total,Districts use one school code per calculation unit; charters use calculator building rows and retain the shared charter totals; student enrollment categories use largest remainder
2026,2025-09-30,36,Indian River School District,District,TRUE,734,Georgetown Elementary School,TRUE,1,15,0,482,231,69,39,33,713,141,854,257,411,0,Calculator school row,854,total,Districts use one school code per calculation unit; charters use calculator building rows and retain the shared charter totals; student enrollment categories use largest remainder
2026,2025-09-30,36,Indian River School District,District,TRUE,743,Georgetown Middle School,TRUE,1,15,0,0,699,61,76,10,699,147,846,205,285,73,Calculator school row,846,total,Districts use one school code per calculation unit; charters use calculator building rows and retain the shared charter totals; student enrollment categories use largest remainder
2026,2025-09-30,36,Indian River School District,District,TRUE,746,Indian River High School,TRUE,1,15,0,0,850,125,66,18,850,209,1059,149,120,174,Calculator school row,1059,total,Districts use one school code per calculation unit; charters use calculator building rows and retain the shared charter totals; student enrollment categories use largest remainder
2026,2025-09-30,36,Indian River School District,District,TRUE,745,Indian River Intensive Learning Center,TRUE,1,15,63,7,2,1,13,23,9,100,109,31,0,0,Calculator school row,109,total,Districts use one school code per calculation unit; charters use calculator building rows and retain the shared charter totals; student enrollment categories use largest remainder
2026,2025-09-30,36,Indian River School District,District,TRUE,690,Long Neck Elementary School,TRUE,1,15,0,414,214,26,36,8,628,70,698,228,182,0,Calculator school row,698,total,Districts use one school code per calculation unit; charters use calculator building rows and retain the shared charter totals; student enrollment categories use largest remainder
2026,2025-09-30,36,Indian River School District,District,TRUE,736,Lord Baltimore Elementary School,TRUE,1,15,0,311,177,36,29,6,488,71,559,86,29,0,Calculator school row,559,total,Districts use one school code per calculation unit; charters use calculator building rows and retain the shared charter totals; student enrollment categories use largest remainder
2026,2025-09-30,36,Indian River School District,District,TRUE,692,North Georgetown Elementary School,TRUE,1,15,0,475,220,57,26,11,695,94,789,217,500,0,Calculator school row,789,total,Districts use one school code per calculation unit; charters use calculator building rows and retain the shared charter totals; student enrollment categories use largest remainder
2026,2025-09-30,36,Indian River School District,District,TRUE,742,Selbyville Middle School,TRUE,1,15,0,0,598,80,45,21,598,146,744,122,85,73,Calculator school row,744,total,Districts use one school code per calculation unit; charters use calculator building rows and retain the shared charter totals; student enrollment categories use largest remainder
2026,2025-09-30,36,Indian River School District,District,TRUE,740,Showell (Phillip C.) Elementary School,TRUE,1,15,0,194,78,20,21,5,272,46,318,71,77,0,Calculator school row,318,total,Districts use one school code per calculation unit; charters use calculator building rows and retain the shared charter totals; student enrollment categories use largest remainder
2026,2025-09-30,36,Indian River School District,District,TRUE,749,Southern Delaware School of the Arts,TRUE,1,15,0,154,190,44,11,4,344,59,403,47,18,0,Calculator school row,403,total,Districts use one school code per calculation unit; charters use calculator building rows and retain the shared charter totals; student enrollment categories use largest remainder
2026,2025-09-30,36,Indian River School District,District,TRUE,748,Sussex Central High School,TRUE,1,15,0,0,1668,99,164,21,1668,284,1952,466,586,401,Calculator school row,1952,total,Districts use one school code per calculation unit; charters use calculator building rows and retain the shared charter totals; student enrollment categories use largest remainder
2026,2025-09-30,36,Indian River School District,District,TRUE,786,Sussex Central Middle,TRUE,1,15,0,0,604,46,52,33,604,131,735,205,94,74,Calculator school row,735,total,Districts use one school code per calculation unit; charters use calculator building rows and retain the shared charter totals; student enrollment categories use largest remainder
2026,2025-09-30,82,Kuumba Academy Charter School,Charter,TRUE,581,Kuumba Academy Charter School,TRUE,2,2,0,228,237,55,30,6,465,91,556,342,2,0,Calculator charter organization-total row,556,total,Districts use one school code per calculation unit; charters use calculator building rows and retain the shared charter totals; student enrollment categories use largest remainder
2026,2025-09-30,15,Lake Forest School District,District,TRUE,664,Chipman (W.T.) Middle School,TRUE,1,7,0,0,707,159,28,22,707,209,916,317,41,80,Calculator school row,916,total,Districts use one school code per calculation unit; charters use calculator building rows and retain the shared charter totals; student enrollment categories use largest remainder
2026,2025-09-30,15,Lake Forest School District,District,TRUE,663,Delaware Early Childhood Center,TRUE,1,7,41,0,0,0,21,23,0,85,85,26,0,0,Calculator school row,85,total,Districts use one school code per calculation unit; charters use calculator building rows and retain the shared charter totals; student enrollment categories use largest remainder
2026,2025-09-30,15,Lake Forest School District,District,TRUE,669,Lake Forest Central Elementary School,TRUE,1,7,0,0,460,92,24,16,460,132,592,188,17,0,Calculator school row,592,total,Districts use one school code per calculation unit; charters use calculator building rows and retain the shared charter totals; student enrollment categories use largest remainder
2026,2025-09-30,15,Lake Forest School District,District,TRUE,658,Lake Forest East Elementary School,TRUE,1,7,0,307,0,17,18,13,307,48,355,96,45,0,Calculator school row,355,total,Districts use one school code per calculation unit; charters use calculator building rows and retain the shared charter totals; student enrollment categories use largest remainder
2026,2025-09-30,15,Lake Forest School District,District,TRUE,665,Lake Forest High School,TRUE,1,7,0,0,803,163,24,15,803,202,1005,277,45,225,Calculator school row,1005,total,Districts use one school code per calculation unit; charters use calculator building rows and retain the shared charter totals; student enrollment categories use largest remainder
2026,2025-09-30,15,Lake Forest School District,District,TRUE,660,Lake Forest North Elementary School,TRUE,1,7,0,358,0,17,8,15,358,40,398,120,2,0,Calculator school row,398,total,Districts use one school code per calculation unit; charters use calculator building rows and retain the shared charter totals; student enrollment categories use largest remainder
2026,2025-09-30,15,Lake Forest School District,District,TRUE,662,Lake Forest South Elementary School,TRUE,1,7,0,368,0,28,4,13,368,45,413,166,5,0,Calculator school row,413,total,Districts use one school code per calculation unit; charters use calculator building rows and retain the shared charter totals; student enrollment categories use largest remainder
2026,2025-09-30,16,Laurel School District,District,TRUE,783,Laurel Elementary School,TRUE,1,4,0,343,483,114,17,20,826,151,977,385,232,0,Calculator school row,977,total,Districts use one school code per calculation unit; charters use calculator building rows and retain the shared charter totals; student enrollment categories use largest remainder
2026,2025-09-30,16,Laurel School District,District,TRUE,782,Laurel Middle School,TRUE,1,4,0,0,311,43,7,4,311,54,365,135,82,84,Calculator school row,365,total,Districts use one school code per calculation unit; charters use calculator building rows and retain the shared charter totals; student enrollment categories use largest remainder
2026,2025-09-30,16,Laurel School District,District,TRUE,756,Laurel Senior High School,TRUE,1,4,0,0,553,99,14,17,553,130,683,229,141,133,Calculator school row,683,total,Districts use one school code per calculation unit; charters use calculator building rows and retain the shared charter totals; student enrollment categories use largest remainder
2026,2025-09-30,16,Laurel School District,District,TRUE,752,North Laurel Early Learning Academy,TRUE,1,4,25,375,0,23,25,26,375,99,474,216,126,0,Calculator school row,474,total,Districts use one school code per calculation unit; charters use calculator building rows and retain the shared charter totals; student enrollment categories use largest remainder
2026,2025-09-30,88,MOT Charter School,Charter,TRUE,587,MOT Charter School,TRUE,3,3,0,273,986,85,36,10,1259,131,1390,86,51,184,Calculator charter organization-total row,1390,total,Districts use one school code per calculation unit; charters use calculator building rows and retain the shared charter totals; student enrollment categories use largest remainder
2026,2025-09-30,18,Milford School District,District,TRUE,668,Banneker (Benjamin) Elementary School,TRUE,1,7,12,297,0,12,25,11,297,60,357,122,110,0,Calculator school row,357,total,Districts use one school code per calculation unit; charters use calculator building rows and retain the shared charter totals; student enrollment categories use largest remainder
2026,2025-09-30,18,Milford School District,District,TRUE,675,Milford Central Academy,TRUE,1,7,0,0,565,93,19,13,565,125,690,200,136,53,Calculator school row,690,total,Districts use one school code per calculation unit; charters use calculator building rows and retain the shared charter totals; student enrollment categories use largest remainder
2026,2025-09-30,18,Milford School District,District,TRUE,676,Milford Middle School,TRUE,1,7,0,0,571,90,35,8,571,133,704,217,146,0,Calculator school row,704,total,Districts use one school code per calculation unit; charters use calculator building rows and retain the shared charter totals; student enrollment categories use largest remainder
2026,2025-09-30,18,Milford School District,District,TRUE,678,Milford Senior High School,TRUE,1,7,0,0,1034,153,33,11,1034,197,1231,328,266,273,Calculator school row,1231,total,Districts use one school code per calculation unit; charters use calculator building rows and retain the shared charter totals; student enrollment categories use largest remainder
2026,2025-09-30,18,Milford School District,District,TRUE,673,Mispillion Elementary,TRUE,1,7,0,283,132,37,24,7,415,68,483,170,154,0,Calculator school row,483,total,Districts use one school code per calculation unit; charters use calculator building rows and retain the shared charter totals; student enrollment categories use largest remainder
2026,2025-09-30,18,Milford School District,District,TRUE,670,Morris (Evelyn I.) Early Childhood,TRUE,1,7,22,350,0,15,37,11,350,85,435,124,96,0,Calculator school row,435,total,Districts use one school code per calculation unit; charters use calculator building rows and retain the shared charter totals; student enrollment categories use largest remainder
2026,2025-09-30,18,Milford School District,District,TRUE,672,Ross (Lulu M.) Elementary School,TRUE,1,7,0,356,176,41,27,14,532,82,614,186,174,0,Calculator school row,614,total,Districts use one school code per calculation unit; charters use calculator building rows and retain the shared charter totals; student enrollment categories use largest remainder
2026,2025-09-30,38,New Castle County Vocational-Technical School District,District,TRUE,539,DelCastle ILC,TRUE,1,5,0,0,0,0,20,16,0,36,36,7,1,0,Calculator school row,36,total,Districts use one school code per calculation unit; charters use calculator building rows and retain the shared charter totals; student enrollment categories use largest remainder
2026,2025-09-30,38,New Castle County Vocational-Technical School District,District,TRUE,80,Delcastle Technical High School,TRUE,1,5,0,0,1441,154,38,1,1441,193,1634,386,236,1634,Calculator school row,1634,total,Districts use one school code per calculation unit; charters use calculator building rows and retain the shared charter totals; student enrollment categories use largest remainder
2026,2025-09-30,38,New Castle County Vocational-Technical School District,District,TRUE,66,Hodgson (Paul M.) Vocational Technical High School,TRUE,1,5,0,0,1004,117,17,13,1004,147,1151,302,59,1151,Calculator school row,1151,total,Districts use one school code per calculation unit; charters use calculator building rows and retain the shared charter totals; student enrollment categories use largest remainder
2026,2025-09-30,38,New Castle County Vocational-Technical School District,District,TRUE,26,Howard High School of Technology,TRUE,1,5,0,0,812,71,24,6,812,101,913,367,118,913,Calculator school row,913,total,Districts use one school code per calculation unit; charters use calculator building rows and retain the shared charter totals; student enrollment categories use largest remainder
2026,2025-09-30,38,New Castle County Vocational-Technical School District,District,TRUE,,NCC Exceptional VocEd,FALSE,0,5,0,0,0,0,0,0,0,0,0,0,0,0,Zero for a zero-enrollment record without a school code,0,total,Districts use one school code per calculation unit; charters use calculator building rows and retain the shared charter totals; student enrollment categories use largest remainder
2026,2025-09-30,38,New Castle County Vocational-Technical School District,District,TRUE,44,St. Georges Technical High School,TRUE,1,5,0,0,1050,115,35,4,1050,154,1204,156,23,1204,Calculator school row,1204,total,Districts use one school code per calculation unit; charters use calculator building rows and retain the shared charter totals; student enrollment categories use largest remainder
2026,2025-09-30,89,Newark Charter School,Charter,TRUE,588,Newark Charter School,TRUE,4,4,0,875,1951,225,59,46,2826,330,3156,298,68,181,Calculator charter organization-total row,3156,total,Districts use one school code per calculation unit; charters use calculator building rows and retain the shared charter totals; student enrollment categories use largest remainder
2026,2025-09-30,86,Odyssey Charter School,Charter,TRUE,585,Odyssey Charter School,TRUE,4,4,0,750,1319,260,56,17,2069,333,2402,501,332,96,Calculator charter organization-total row,2402,total,Districts use one school code per calculation unit; charters use calculator building rows and retain the shared charter totals; student enrollment categories use largest remainder
2026,2025-09-30,39,Polytech School District,District,TRUE,652,POLYTECH High School,TRUE,1,1,0,0,1084,144,18,6,1084,168,1252,201,24,1252,Calculator school row,1252,total,Districts use one school code per calculation unit; charters use calculator building rows and retain the shared charter totals; student enrollment categories use largest remainder
2026,2025-09-30,71,Positive Outcomes Charter School,Charter,TRUE,570,Positive Outcomes Charter School,TRUE,2,2,0,0,50,27,17,23,50,67,117,60,0,4,Calculator charter organization-total row,117,total,Districts use one school code per calculation unit; charters use calculator building rows and retain the shared charter totals; student enrollment categories use largest remainder
2026,2025-09-30,87,Providence Creek Academy Charter School,Charter,TRUE,586,Providence Creek Academy Charter School,TRUE,2,2,0,361,313,91,14,7,674,112,786,125,14,9,Calculator charter organization-total row,786,total,Districts use one school code per calculation unit; charters use calculator building rows and retain the shared charter totals; student enrollment categories use largest remainder
2026,2025-09-30,32,Red Clay Consolidated School District,District,TRUE,252,Baltz (Austin D.) Elementary School,TRUE,1,27,0,273,146,58,26,19,419,103,522,215,166,0,Calculator school row,522,total,Districts use one school code per calculation unit; charters use calculator building rows and retain the shared charter totals; student enrollment categories use largest remainder
2026,2025-09-30,32,Red Clay Consolidated School District,District,TRUE,261,Brandywine Springs School,TRUE,1,27,0,385,433,113,25,27,818,165,983,143,75,59,Calculator school row,983,total,Districts use one school code per calculation unit; charters use calculator building rows and retain the shared charter totals; student enrollment categories use largest remainder
2026,2025-09-30,32,Red Clay Consolidated School District,District,TRUE,286,Calloway (Cab) School of the Arts,TRUE,1,27,0,0,848,71,16,6,848,93,941,100,19,33,Calculator school row,941,total,Districts use one school code per calculation unit; charters use calculator building rows and retain the shared charter totals; student enrollment categories use largest remainder
2026,2025-09-30,32,Red Clay Consolidated School District,District,TRUE,284,Conrad Schools of Science,TRUE,1,27,0,0,1087,70,5,1,1087,76,1163,170,52,186,Calculator school row,1163,total,Districts use one school code per calculation unit; charters use calculator building rows and retain the shared charter totals; student enrollment categories use largest remainder
2026,2025-09-30,32,Red Clay Consolidated School District,District,TRUE,290,Dickinson (John) School,TRUE,1,27,0,0,807,165,37,21,807,223,1030,278,224,127,Calculator school row,1030,total,Districts use one school code per calculation unit; charters use calculator building rows and retain the shared charter totals; student enrollment categories use largest remainder
2026,2025-09-30,32,Red Clay Consolidated School District,District,TRUE,530,First State School,TRUE,1,27,0,0,1,0,0,18,1,18,19,14,2,0,Calculator school row,19,total,Districts use one school code per calculation unit; charters use calculator building rows and retain the shared charter totals; student enrollment categories use largest remainder
2026,2025-09-30,32,Red Clay Consolidated School District,District,TRUE,240,Forest Oak Elementary School,TRUE,1,27,0,252,120,43,14,7,372,64,436,136,190,0,Calculator school row,436,total,Districts use one school code per calculation unit; charters use calculator building rows and retain the shared charter totals; student enrollment categories use largest remainder
2026,2025-09-30,32,Red Clay Consolidated School District,District,TRUE,242,Heritage Elementary School,TRUE,1,27,0,244,132,60,21,29,376,110,486,85,23,0,Calculator school row,486,total,Districts use one school code per calculation unit; charters use calculator building rows and retain the shared charter totals; student enrollment categories use largest remainder
2026,2025-09-30,32,Red Clay Consolidated School District,District,TRUE,244,Johnson (Joseph E. Jr) Elementary School,TRUE,1,27,0,131,58,26,8,5,189,39,228,167,11,0,Calculator school row,228,total,Districts use one school code per calculation unit; charters use calculator building rows and retain the shared charter totals; student enrollment categories use largest remainder
2026,2025-09-30,32,Red Clay Consolidated School District,District,TRUE,246,Lewis (William C.) Dual Language Elementary School,TRUE,1,27,0,207,81,47,10,10,288,67,355,175,126,0,Calculator school row,355,total,Districts use one school code per calculation unit; charters use calculator building rows and retain the shared charter totals; student enrollment categories use largest remainder
2026,2025-09-30,32,Red Clay Consolidated School District,District,TRUE,250,Linden Hill Elementary School,TRUE,1,27,0,291,171,31,8,16,462,55,517,65,77,0,Calculator school row,517,total,Districts use one school code per calculation unit; charters use calculator building rows and retain the shared charter totals; student enrollment categories use largest remainder
2026,2025-09-30,32,Red Clay Consolidated School District,District,TRUE,256,Marbrook Elementary School,TRUE,1,27,0,272,119,44,22,33,391,99,490,145,126,0,Calculator school row,490,total,Districts use one school code per calculation unit; charters use calculator building rows and retain the shared charter totals; student enrollment categories use largest remainder
2026,2025-09-30,32,Red Clay Consolidated School District,District,TRUE,294,McKean (Thomas) High School,TRUE,1,27,0,0,643,124,108,42,643,274,917,320,231,176,Calculator school row,917,total,Districts use one school code per calculation unit; charters use calculator building rows and retain the shared charter totals; student enrollment categories use largest remainder
2026,2025-09-30,32,Red Clay Consolidated School District,District,TRUE,516,Meadowood Program,TRUE,1,27,0,0,0,0,6,150,0,156,156,36,1,0,Calculator school row,156,total,Districts use one school code per calculation unit; charters use calculator building rows and retain the shared charter totals; student enrollment categories use largest remainder
2026,2025-09-30,32,Red Clay Consolidated School District,District,TRUE,264,Mote (Anna P.) Elementary School,TRUE,1,27,0,155,46,30,23,45,201,98,299,110,96,0,Calculator school row,299,total,Districts use one school code per calculation unit; charters use calculator building rows and retain the shared charter totals; student enrollment categories use largest remainder
2026,2025-09-30,32,Red Clay Consolidated School District,District,TRUE,270,North Star Elementary School,TRUE,1,27,0,348,176,26,11,21,524,58,582,25,33,0,Calculator school row,582,total,Districts use one school code per calculation unit; charters use calculator building rows and retain the shared charter totals; student enrollment categories use largest remainder
2026,2025-09-30,32,Red Clay Consolidated School District,District,TRUE,529,Red Clay Early Years Program,TRUE,1,27,128,0,0,0,78,152,0,358,358,141,0,0,Calculator school row,358,total,Districts use one school code per calculation unit; charters use calculator building rows and retain the shared charter totals; student enrollment categories use largest remainder
2026,2025-09-30,32,Red Clay Consolidated School District,District,TRUE,254,Richardson Park Elementary School,TRUE,1,27,0,278,130,59,24,48,408,131,539,243,166,0,Calculator school row,539,total,Districts use one school code per calculation unit; charters use calculator building rows and retain the shared charter totals; student enrollment categories use largest remainder
2026,2025-09-30,32,Red Clay Consolidated School District,District,TRUE,260,Richey Elementary School,TRUE,1,27,0,210,124,30,7,14,334,51,385,128,63,0,Calculator school row,385,total,Districts use one school code per calculation unit; charters use calculator building rows and retain the shared charter totals; student enrollment categories use largest remainder
2026,2025-09-30,32,Red Clay Consolidated School District,District,TRUE,248,Shortlidge (Evan G.) Academy,TRUE,1,27,0,268,0,29,8,35,268,72,340,225,24,0,Calculator school row,340,total,Districts use one school code per calculation unit; charters use calculator building rows and retain the shared charter totals; student enrollment categories use largest remainder
2026,2025-09-30,32,Red Clay Consolidated School District,District,TRUE,280,Skyline Middle School,TRUE,1,27,0,0,254,91,30,10,254,131,385,175,54,34,Calculator school row,385,total,Districts use one school code per calculation unit; charters use calculator building rows and retain the shared charter totals; student enrollment categories use largest remainder
2026,2025-09-30,32,Red Clay Consolidated School District,District,TRUE,282,Stanton Middle School,TRUE,1,27,0,0,372,77,32,15,372,124,496,187,174,46,Calculator school row,496,total,Districts use one school code per calculation unit; charters use calculator building rows and retain the shared charter totals; student enrollment categories use largest remainder
2026,2025-09-30,32,Red Clay Consolidated School District,District,TRUE,266,Warner Elementary School,TRUE,1,27,0,73,181,67,28,17,254,112,366,227,44,0,Calculator school row,366,total,Districts use one school code per calculation unit; charters use calculator building rows and retain the shared charter totals; student enrollment categories use largest remainder
2026,2025-09-30,32,Red Clay Consolidated School District,District,TRUE,271,William F. Cooke Jr. Elementary,TRUE,1,27,0,358,182,48,21,4,540,73,613,57,43,0,Calculator school row,613,total,Districts use one school code per calculation unit; charters use calculator building rows and retain the shared charter totals; student enrollment categories use largest remainder
2026,2025-09-30,32,Red Clay Consolidated School District,District,TRUE,292,duPont (Alexis I.) High School,TRUE,1,27,0,0,366,146,22,9,366,177,543,253,122,85,Calculator school row,543,total,Districts use one school code per calculation unit; charters use calculator building rows and retain the shared charter totals; student enrollment categories use largest remainder
2026,2025-09-30,32,Red Clay Consolidated School District,District,TRUE,274,duPont (Alexis I.) Middle School,TRUE,1,27,0,0,309,73,22,7,309,102,411,182,97,37,Calculator school row,411,total,Districts use one school code per calculation unit; charters use calculator building rows and retain the shared charter totals; student enrollment categories use largest remainder
2026,2025-09-30,32,Red Clay Consolidated School District,District,TRUE,276,duPont (H.B.) Middle School,TRUE,1,27,0,0,648,98,21,8,648,127,775,129,55,58,Calculator school row,775,total,Districts use one school code per calculation unit; charters use calculator building rows and retain the shared charter totals; student enrollment categories use largest remainder
2026,2025-09-30,23,Seaford School District,District,TRUE,761,Blades Elementary School,TRUE,1,8,0,365,0,13,5,1,365,19,384,154,142,0,Calculator school row,384,total,Districts use one school code per calculation unit; charters use calculator building rows and retain the shared charter totals; student enrollment categories use largest remainder
2026,2025-09-30,23,Seaford School District,District,TRUE,762,Frederick Douglass Elementary School,TRUE,1,8,0,131,269,38,7,1,400,46,446,183,157,0,Calculator school row,446,total,Districts use one school code per calculation unit; charters use calculator building rows and retain the shared charter totals; student enrollment categories use largest remainder
2026,2025-09-30,23,Seaford School District,District,TRUE,763,Seaford Autistic Program,TRUE,1,8,0,0,0,6,21,59,0,86,86,26,14,0,Calculator school row,86,total,Districts use one school code per calculation unit; charters use calculator building rows and retain the shared charter totals; student enrollment categories use largest remainder
2026,2025-09-30,23,Seaford School District,District,TRUE,759,Seaford Central Elementary School,TRUE,1,8,38,138,259,30,24,7,397,99,496,183,145,0,Calculator school row,496,total,Districts use one school code per calculation unit; charters use calculator building rows and retain the shared charter totals; student enrollment categories use largest remainder
2026,2025-09-30,23,Seaford School District,District,TRUE,764,Seaford Middle School,TRUE,1,8,0,0,703,70,23,6,703,99,802,304,195,73,Calculator school row,802,total,Districts use one school code per calculation unit; charters use calculator building rows and retain the shared charter totals; student enrollment categories use largest remainder
2026,2025-09-30,23,Seaford School District,District,TRUE,766,Seaford Senior High School,TRUE,1,8,0,0,760,113,37,7,760,157,917,312,254,151,Calculator school row,917,total,Districts use one school code per calculation unit; charters use calculator building rows and retain the shared charter totals; student enrollment categories use largest remainder
2026,2025-09-30,23,Seaford School District,District,TRUE,768,Sussex Orthopedic Program,TRUE,1,8,0,0,1,1,11,44,1,56,57,21,6,0,Calculator school row,57,total,Districts use one school code per calculation unit; charters use calculator building rows and retain the shared charter totals; student enrollment categories use largest remainder
2026,2025-09-30,23,Seaford School District,District,TRUE,760,West Seaford Elementary School,TRUE,1,8,0,416,0,18,4,5,416,27,443,166,197,0,Calculator school row,443,total,Districts use one school code per calculation unit; charters use calculator building rows and retain the shared charter totals; student enrollment categories use largest remainder
2026,2025-09-30,24,Smyrna School District,District,TRUE,680,Clayton Elementary School,TRUE,1,8,0,348,90,23,12,15,438,50,488,77,21,0,Calculator school row,488,total,Districts use one school code per calculation unit; charters use calculator building rows and retain the shared charter totals; student enrollment categories use largest remainder
2026,2025-09-30,24,Smyrna School District,District,TRUE,696,Clayton Middle School,TRUE,1,8,0,0,411,56,22,4,411,82,493,89,11,0,Calculator school row,493,total,Districts use one school code per calculation unit; charters use calculator building rows and retain the shared charter totals; student enrollment categories use largest remainder
2026,2025-09-30,24,Smyrna School District,District,TRUE,686,Moore (John Bassett) School,TRUE,1,8,0,0,489,47,52,35,489,134,623,176,30,0,Calculator school row,623,total,Districts use one school code per calculation unit; charters use calculator building rows and retain the shared charter totals; student enrollment categories use largest remainder
2026,2025-09-30,24,Smyrna School District,District,TRUE,684,North Smyrna Elementary School,TRUE,1,8,27,367,0,18,77,76,367,198,565,175,24,0,Calculator school row,565,total,Districts use one school code per calculation unit; charters use calculator building rows and retain the shared charter totals; student enrollment categories use largest remainder
2026,2025-09-30,24,Smyrna School District,District,TRUE,682,Smyrna Elementary School,TRUE,1,8,0,290,0,14,16,39,290,69,359,116,22,0,Calculator school row,359,total,Districts use one school code per calculation unit; charters use calculator building rows and retain the shared charter totals; student enrollment categories use largest remainder
2026,2025-09-30,24,Smyrna School District,District,TRUE,688,Smyrna High School,TRUE,1,8,0,0,1427,213,51,42,1427,306,1733,293,56,329,Calculator school row,1733,total,Districts use one school code per calculation unit; charters use calculator building rows and retain the shared charter totals; student enrollment categories use largest remainder
2026,2025-09-30,24,Smyrna School District,District,TRUE,685,Smyrna Middle School,TRUE,1,8,0,0,777,85,66,27,777,178,955,185,42,142,Calculator school row,955,total,Districts use one school code per calculation unit; charters use calculator building rows and retain the shared charter totals; student enrollment categories use largest remainder
2026,2025-09-30,24,Smyrna School District,District,TRUE,681,Sunnyside Elementary School,TRUE,1,8,0,338,109,26,21,11,447,58,505,102,19,0,Calculator school row,505,total,Districts use one school code per calculation unit; charters use calculator building rows and retain the shared charter totals; student enrollment categories use largest remainder
2026,2025-09-30,77,Sussex Academy,Charter,TRUE,576,Sussex Academy,TRUE,3,3,0,174,913,93,10,0,1087,103,1190,81,46,47,Calculator charter organization-total row,1190,total,Districts use one school code per calculation unit; charters use calculator building rows and retain the shared charter totals; student enrollment categories use largest remainder
2026,2025-09-30,9614,Sussex Montessori School,Charter,TRUE,4090,Sussex Montessori School,TRUE,1,1,0,227,124,11,17,13,351,41,392,133,25,0,Calculator charter organization-total row,392,total,Districts use one school code per calculation unit; charters use calculator building rows and retain the shared charter totals; student enrollment categories use largest remainder
2026,2025-09-30,40,Sussex Technical School District,District,TRUE,770,Sussex Technical High School,TRUE,1,1,0,0,1170,115,51,13,1170,179,1349,282,139,1349,Calculator school row,1349,total,Districts use one school code per calculation unit; charters use calculator building rows and retain the shared charter totals; student enrollment categories use largest remainder
2026,2025-09-30,35,Woodbridge School District,District,TRUE,779,Phillis Wheatley Elementary School,TRUE,1,4,0,162,355,45,71,14,517,130,647,230,145,0,Calculator school row,647,total,Districts use one school code per calculation unit; charters use calculator building rows and retain the shared charter totals; student enrollment categories use largest remainder
2026,2025-09-30,35,Woodbridge School District,District,TRUE,776,Woodbridge Early Childhood Education Center,TRUE,1,4,2,490,0,12,70,42,490,126,616,238,148,0,Calculator school row,616,total,Districts use one school code per calculation unit; charters use calculator building rows and retain the shared charter totals; student enrollment categories use largest remainder
2026,2025-09-30,35,Woodbridge School District,District,TRUE,780,Woodbridge High School,TRUE,1,4,0,0,550,68,74,13,550,155,705,195,116,119,Calculator school row,705,total,Districts use one school code per calculation unit; charters use calculator building rows and retain the shared charter totals; student enrollment categories use largest remainder
2026,2025-09-30,35,Woodbridge School District,District,TRUE,775,Woodbridge Middle School,TRUE,1,4,0,0,488,72,61,14,488,147,635,199,74,74,Calculator school row,635,total,Districts use one school code per calculation unit; charters use calculator building rows and retain the shared charter totals; student enrollment categories use largest remainder
