DistrictCode,DistrictName,ParentSchoolCode,ParentSchoolName,CalculatorLEAName,CalculatorRow,CalculationUnitSequence,SchoolCalculationUnitCount,CalculationUnitName,InputCategory,CalculatorValue,CalculatorBuildingTotal,CalculatorOrganizationTotal,SharedLEATotal,BuildingVsSharedDifference,OrganizationVsSharedDifference,AllocationShare,AllocationMethod,AllocationRule,ProportionalAdjustedValue,IntegerAdjustedValue,Remainder,RemainderRank,StudentsRemaining,StudentsAddedByLargestRemainder,FinalAdjustedValue
69,ASPIRA Delaware,568,ASPIRA Academy,Las_Americas_Aspira_Academy_Charter_School,193,1,3,Aspira Primary,BasicPreK12Enrollment,68,141,141,141,0,0,0.48226950354609927,Calculator category share,Largest remainder; ties by CalculationUnitSequence,68,68,0,2,0,0,68
69,ASPIRA Delaware,568,ASPIRA Academy,Las_Americas_Aspira_Academy_Charter_School,193,1,3,Aspira Primary,Enrollment4_12,178,815,815,814,-1,-1,0.2184049079754601,Calculator category share,Largest remainder; ties by CalculationUnitSequence,177.78159509202453,177,0.7815950920245314,1,2,1,178
69,ASPIRA Delaware,568,ASPIRA Academy,Las_Americas_Aspira_Academy_Charter_School,193,1,3,Aspira Primary,EnrollmentComplex,9,20,20,20,0,0,0.45,Calculator category share,Largest remainder; ties by CalculationUnitSequence,9,9,0,1,0,0,9
69,ASPIRA Delaware,568,ASPIRA Academy,Las_Americas_Aspira_Academy_Charter_School,193,1,3,Aspira Primary,EnrollmentIntense,55,116,116,116,0,0,0.47413793103448276,Calculator category share,Largest remainder; ties by CalculationUnitSequence,55,55,0,1,0,0,55
69,ASPIRA Delaware,568,ASPIRA Academy,Las_Americas_Aspira_Academy_Charter_School,193,1,3,Aspira Primary,EnrollmentK3,384,384,384,384,0,0,1,Calculator category share,Largest remainder; ties by CalculationUnitSequence,384,384,0,1,0,0,384
69,ASPIRA Delaware,568,ASPIRA Academy,Las_Americas_Aspira_Academy_Charter_School,193,1,3,Aspira Primary,UnitsVocational,0,3.63,3.63,3.63,0,0,0,Calculator category share,Full-precision proportional allocation,0,,,,,0,0
69,ASPIRA Delaware,568,ASPIRA Academy,Las_Americas_Aspira_Academy_Charter_School,193,1,3,Aspira Primary,UnitsVocationalDeduct,0,-1.82,-1.82,-1.82,0,0,0,Calculator category share,Full-precision proportional allocation,-0,,,,,0,-0
69,ASPIRA Delaware,568,ASPIRA Academy,Las_Americas_Aspira_Academy_Charter_School,194,2,3,Aspira Junior High,BasicPreK12Enrollment,27,141,141,141,0,0,0.19148936170212766,Calculator category share,Largest remainder; ties by CalculationUnitSequence,27,27,0,3,0,0,27
69,ASPIRA Delaware,568,ASPIRA Academy,Las_Americas_Aspira_Academy_Charter_School,194,2,3,Aspira Junior High,Enrollment4_12,346,815,815,814,-1,-1,0.4245398773006135,Calculator category share,Largest remainder; ties by CalculationUnitSequence,345.5754601226994,345,0.5754601226993827,3,2,0,345
69,ASPIRA Delaware,568,ASPIRA Academy,Las_Americas_Aspira_Academy_Charter_School,194,2,3,Aspira Junior High,EnrollmentComplex,3,20,20,20,0,0,0.15,Calculator category share,Largest remainder; ties by CalculationUnitSequence,3,3,0,2,0,0,3
69,ASPIRA Delaware,568,ASPIRA Academy,Las_Americas_Aspira_Academy_Charter_School,194,2,3,Aspira Junior High,EnrollmentIntense,28,116,116,116,0,0,0.2413793103448276,Calculator category share,Largest remainder; ties by CalculationUnitSequence,28,28,0,2,0,0,28
69,ASPIRA Delaware,568,ASPIRA Academy,Las_Americas_Aspira_Academy_Charter_School,194,2,3,Aspira Junior High,EnrollmentK3,0,384,384,384,0,0,0,Calculator category share,Largest remainder; ties by CalculationUnitSequence,0,0,0,2,0,0,0
69,ASPIRA Delaware,568,ASPIRA Academy,Las_Americas_Aspira_Academy_Charter_School,194,2,3,Aspira Junior High,UnitsVocational,0,3.63,3.63,3.63,0,0,0,Calculator category share,Full-precision proportional allocation,0,,,,,0,0
69,ASPIRA Delaware,568,ASPIRA Academy,Las_Americas_Aspira_Academy_Charter_School,194,2,3,Aspira Junior High,UnitsVocationalDeduct,0,-1.82,-1.82,-1.82,0,0,0,Calculator category share,Full-precision proportional allocation,-0,,,,,0,-0
69,ASPIRA Delaware,568,ASPIRA Academy,Las_Americas_Aspira_Academy_Charter_School,195,3,3,Aspira High School,BasicPreK12Enrollment,46,141,141,141,0,0,0.3262411347517731,Calculator category share,Largest remainder; ties by CalculationUnitSequence,46.00000000000001,46,7.105427357601002e-15,1,0,0,46
69,ASPIRA Delaware,568,ASPIRA Academy,Las_Americas_Aspira_Academy_Charter_School,195,3,3,Aspira High School,Enrollment4_12,291,815,815,814,-1,-1,0.3570552147239264,Calculator category share,Largest remainder; ties by CalculationUnitSequence,290.6429447852761,290,0.6429447852760859,2,2,1,291
69,ASPIRA Delaware,568,ASPIRA Academy,Las_Americas_Aspira_Academy_Charter_School,195,3,3,Aspira High School,EnrollmentComplex,8,20,20,20,0,0,0.4,Calculator category share,Largest remainder; ties by CalculationUnitSequence,8,8,0,3,0,0,8
69,ASPIRA Delaware,568,ASPIRA Academy,Las_Americas_Aspira_Academy_Charter_School,195,3,3,Aspira High School,EnrollmentIntense,33,116,116,116,0,0,0.28448275862068967,Calculator category share,Largest remainder; ties by CalculationUnitSequence,33,33,0,3,0,0,33
69,ASPIRA Delaware,568,ASPIRA Academy,Las_Americas_Aspira_Academy_Charter_School,195,3,3,Aspira High School,EnrollmentK3,0,384,384,384,0,0,0,Calculator category share,Largest remainder; ties by CalculationUnitSequence,0,0,0,3,0,0,0
69,ASPIRA Delaware,568,ASPIRA Academy,Las_Americas_Aspira_Academy_Charter_School,195,3,3,Aspira High School,UnitsVocational,3.63,3.63,3.63,3.63,0,0,1,Calculator category share,Full-precision proportional allocation,3.63,,,,,0,3.63
69,ASPIRA Delaware,568,ASPIRA Academy,Las_Americas_Aspira_Academy_Charter_School,195,3,3,Aspira High School,UnitsVocationalDeduct,-1.82,-1.82,-1.82,-1.82,0,0,1,Calculator category share,Full-precision proportional allocation,-1.82,,,,,0,-1.82
9605,Academia Antonia Alonso,4045,Academia Antonia Alonso,Academia_Antonia_Alonso_ Charter_School,2,1,2,Academia Primary,BasicPreK12Enrollment,20,48,48,48,0,0,0.4166666666666667,Calculator category share,Largest remainder; ties by CalculationUnitSequence,20,20,0,1,0,0,20
9605,Academia Antonia Alonso,4045,Academia Antonia Alonso,Academia_Antonia_Alonso_ Charter_School,2,1,2,Academia Primary,Enrollment4_12,195,476,476,476,0,0,0.4096638655462185,Calculator category share,Largest remainder; ties by CalculationUnitSequence,195,195,0,1,0,0,195
9605,Academia Antonia Alonso,4045,Academia Antonia Alonso,Academia_Antonia_Alonso_ Charter_School,2,1,2,Academia Primary,EnrollmentComplex,3,7,7,7,0,0,0.42857142857142855,Calculator category share,Largest remainder; ties by CalculationUnitSequence,3,3,0,1,0,0,3
9605,Academia Antonia Alonso,4045,Academia Antonia Alonso,Academia_Antonia_Alonso_ Charter_School,2,1,2,Academia Primary,EnrollmentIntense,15,19,19,19,0,0,0.7894736842105263,Calculator category share,Largest remainder; ties by CalculationUnitSequence,15,15,0,1,0,0,15
9605,Academia Antonia Alonso,4045,Academia Antonia Alonso,Academia_Antonia_Alonso_ Charter_School,2,1,2,Academia Primary,EnrollmentK3,373,373,373,373,0,0,1,Calculator category share,Largest remainder; ties by CalculationUnitSequence,373,373,0,1,0,0,373
9605,Academia Antonia Alonso,4045,Academia Antonia Alonso,Academia_Antonia_Alonso_ Charter_School,2,1,2,Academia Primary,UnitsVocational,0,0,0,0,0,0,0,Shared total is zero,Full-precision proportional allocation,0,,,,,0,0
9605,Academia Antonia Alonso,4045,Academia Antonia Alonso,Academia_Antonia_Alonso_ Charter_School,2,1,2,Academia Primary,UnitsVocationalDeduct,0,0,0,0,0,0,0,Shared total is zero,Full-precision proportional allocation,0,,,,,0,0
9605,Academia Antonia Alonso,4045,Academia Antonia Alonso,Academia_Antonia_Alonso_ Charter_School,3,2,2,Academia Junior High,BasicPreK12Enrollment,28,48,48,48,0,0,0.5833333333333334,Calculator category share,Largest remainder; ties by CalculationUnitSequence,28,28,0,2,0,0,28
9605,Academia Antonia Alonso,4045,Academia Antonia Alonso,Academia_Antonia_Alonso_ Charter_School,3,2,2,Academia Junior High,Enrollment4_12,281,476,476,476,0,0,0.5903361344537815,Calculator category share,Largest remainder; ties by CalculationUnitSequence,281,281,0,2,0,0,281
9605,Academia Antonia Alonso,4045,Academia Antonia Alonso,Academia_Antonia_Alonso_ Charter_School,3,2,2,Academia Junior High,EnrollmentComplex,4,7,7,7,0,0,0.5714285714285714,Calculator category share,Largest remainder; ties by CalculationUnitSequence,4,4,0,2,0,0,4
9605,Academia Antonia Alonso,4045,Academia Antonia Alonso,Academia_Antonia_Alonso_ Charter_School,3,2,2,Academia Junior High,EnrollmentIntense,4,19,19,19,0,0,0.21052631578947367,Calculator category share,Largest remainder; ties by CalculationUnitSequence,4,4,0,2,0,0,4
9605,Academia Antonia Alonso,4045,Academia Antonia Alonso,Academia_Antonia_Alonso_ Charter_School,3,2,2,Academia Junior High,EnrollmentK3,0,373,373,373,0,0,0,Calculator category share,Largest remainder; ties by CalculationUnitSequence,0,0,0,2,0,0,0
9605,Academia Antonia Alonso,4045,Academia Antonia Alonso,Academia_Antonia_Alonso_ Charter_School,3,2,2,Academia Junior High,UnitsVocational,0,0,0,0,0,0,0,Shared total is zero,Full-precision proportional allocation,0,,,,,0,0
9605,Academia Antonia Alonso,4045,Academia Antonia Alonso,Academia_Antonia_Alonso_ Charter_School,3,2,2,Academia Junior High,UnitsVocationalDeduct,0,0,0,0,0,0,0,Shared total is zero,Full-precision proportional allocation,0,,,,,0,0
85,Academy of Dover Charter School,584,Academy Of Dover Charter School,Academy_of_Dover_Charter_School,5,1,2,Academy of Dover Early Learning,BasicPreK12Enrollment,17,52,52,52,0,0,0.3269230769230769,Calculator category share,Largest remainder; ties by CalculationUnitSequence,17,17,0,1,0,0,17
85,Academy of Dover Charter School,584,Academy Of Dover Charter School,Academy_of_Dover_Charter_School,5,1,2,Academy of Dover Early Learning,Enrollment4_12,0,179,179,179,0,0,0,Calculator category share,Largest remainder; ties by CalculationUnitSequence,0,0,0,1,0,0,0
85,Academy of Dover Charter School,584,Academy Of Dover Charter School,Academy_of_Dover_Charter_School,5,1,2,Academy of Dover Early Learning,EnrollmentComplex,6,11,11,11,0,0,0.5454545454545454,Calculator category share,Largest remainder; ties by CalculationUnitSequence,6,6,0,1,0,0,6
85,Academy of Dover Charter School,584,Academy Of Dover Charter School,Academy_of_Dover_Charter_School,5,1,2,Academy of Dover Early Learning,EnrollmentIntense,11,27,27,27,0,0,0.4074074074074074,Calculator category share,Largest remainder; ties by CalculationUnitSequence,11,11,0,1,0,0,11
85,Academy of Dover Charter School,584,Academy Of Dover Charter School,Academy_of_Dover_Charter_School,5,1,2,Academy of Dover Early Learning,EnrollmentK3,136,185,185,185,0,0,0.7351351351351352,Calculator category share,Largest remainder; ties by CalculationUnitSequence,136,136,0,1,0,0,136
85,Academy of Dover Charter School,584,Academy Of Dover Charter School,Academy_of_Dover_Charter_School,5,1,2,Academy of Dover Early Learning,UnitsVocational,0,0,0,0,0,0,0,Shared total is zero,Full-precision proportional allocation,0,,,,,0,0
85,Academy of Dover Charter School,584,Academy Of Dover Charter School,Academy_of_Dover_Charter_School,5,1,2,Academy of Dover Early Learning,UnitsVocationalDeduct,0,0,0,0,0,0,0,Shared total is zero,Full-precision proportional allocation,0,,,,,0,0
85,Academy of Dover Charter School,584,Academy Of Dover Charter School,Academy_of_Dover_Charter_School,6,2,2,Academy of Dover Main,BasicPreK12Enrollment,35,52,52,52,0,0,0.6730769230769231,Calculator category share,Largest remainder; ties by CalculationUnitSequence,35,35,0,2,0,0,35
85,Academy of Dover Charter School,584,Academy Of Dover Charter School,Academy_of_Dover_Charter_School,6,2,2,Academy of Dover Main,Enrollment4_12,179,179,179,179,0,0,1,Calculator category share,Largest remainder; ties by CalculationUnitSequence,179,179,0,2,0,0,179
85,Academy of Dover Charter School,584,Academy Of Dover Charter School,Academy_of_Dover_Charter_School,6,2,2,Academy of Dover Main,EnrollmentComplex,5,11,11,11,0,0,0.45454545454545453,Calculator category share,Largest remainder; ties by CalculationUnitSequence,5,5,0,2,0,0,5
85,Academy of Dover Charter School,584,Academy Of Dover Charter School,Academy_of_Dover_Charter_School,6,2,2,Academy of Dover Main,EnrollmentIntense,16,27,27,27,0,0,0.5925925925925926,Calculator category share,Largest remainder; ties by CalculationUnitSequence,16,16,0,2,0,0,16
85,Academy of Dover Charter School,584,Academy Of Dover Charter School,Academy_of_Dover_Charter_School,6,2,2,Academy of Dover Main,EnrollmentK3,49,185,185,185,0,0,0.2648648648648649,Calculator category share,Largest remainder; ties by CalculationUnitSequence,49,49,0,2,0,0,49
85,Academy of Dover Charter School,584,Academy Of Dover Charter School,Academy_of_Dover_Charter_School,6,2,2,Academy of Dover Main,UnitsVocational,0,0,0,0,0,0,0,Shared total is zero,Full-precision proportional allocation,0,,,,,0,0
85,Academy of Dover Charter School,584,Academy Of Dover Charter School,Academy_of_Dover_Charter_School,6,2,2,Academy of Dover Main,UnitsVocationalDeduct,0,0,0,0,0,0,0,Shared total is zero,Full-precision proportional allocation,0,,,,,0,0
9615,Bryan Allen Stevenson School of Excellence,4110,Bryan Allen Stevenson School of Excellence,Bryan_Allen_Stevenson_School_of_Excellence_Charter_School,47,1,1,Bryan_Allen_Stevenson_School_of_Excellence_Charter_School,BasicPreK12Enrollment,22,22,22,22,0,0,1,Calculator category share,Largest remainder; ties by CalculationUnitSequence,22,22,0,1,0,0,22
9615,Bryan Allen Stevenson School of Excellence,4110,Bryan Allen Stevenson School of Excellence,Bryan_Allen_Stevenson_School_of_Excellence_Charter_School,47,1,1,Bryan_Allen_Stevenson_School_of_Excellence_Charter_School,Enrollment4_12,84,84,84,84,0,0,1,Calculator category share,Largest remainder; ties by CalculationUnitSequence,84,84,0,1,0,0,84
9615,Bryan Allen Stevenson School of Excellence,4110,Bryan Allen Stevenson School of Excellence,Bryan_Allen_Stevenson_School_of_Excellence_Charter_School,47,1,1,Bryan_Allen_Stevenson_School_of_Excellence_Charter_School,EnrollmentComplex,4,4,4,4,0,0,1,Calculator category share,Largest remainder; ties by CalculationUnitSequence,4,4,0,1,0,0,4
9615,Bryan Allen Stevenson School of Excellence,4110,Bryan Allen Stevenson School of Excellence,Bryan_Allen_Stevenson_School_of_Excellence_Charter_School,47,1,1,Bryan_Allen_Stevenson_School_of_Excellence_Charter_School,EnrollmentIntense,13,13,13,13,0,0,1,Calculator category share,Largest remainder; ties by CalculationUnitSequence,13,13,0,1,0,0,13
9615,Bryan Allen Stevenson School of Excellence,4110,Bryan Allen Stevenson School of Excellence,Bryan_Allen_Stevenson_School_of_Excellence_Charter_School,47,1,1,Bryan_Allen_Stevenson_School_of_Excellence_Charter_School,EnrollmentK3,0,0,0,0,0,0,0,Shared total is zero,Largest remainder; ties by CalculationUnitSequence,0,0,0,1,0,0,0
9615,Bryan Allen Stevenson School of Excellence,4110,Bryan Allen Stevenson School of Excellence,Bryan_Allen_Stevenson_School_of_Excellence_Charter_School,47,1,1,Bryan_Allen_Stevenson_School_of_Excellence_Charter_School,UnitsVocational,0,0,0,0,0,0,0,Shared total is zero,Full-precision proportional allocation,0,,,,,0,0
9615,Bryan Allen Stevenson School of Excellence,4110,Bryan Allen Stevenson School of Excellence,Bryan_Allen_Stevenson_School_of_Excellence_Charter_School,47,1,1,Bryan_Allen_Stevenson_School_of_Excellence_Charter_School,UnitsVocationalDeduct,0,0,0,0,0,0,0,Shared total is zero,Full-precision proportional allocation,0,,,,,0,0
74,Campus Community School,573,Campus Community School,Campus_Community_School_Charter_School,48,1,2,Campus Community Primary,BasicPreK12Enrollment,20,39,39,39,0,0,0.5128205128205128,Calculator category share,Largest remainder; ties by CalculationUnitSequence,20,20,0,1,0,0,20
74,Campus Community School,573,Campus Community School,Campus_Community_School_Charter_School,48,1,2,Campus Community Primary,Enrollment4_12,80,195,195,195,0,0,0.41025641025641024,Calculator category share,Largest remainder; ties by CalculationUnitSequence,80,80,0,1,0,0,80
74,Campus Community School,573,Campus Community School,Campus_Community_School_Charter_School,48,1,2,Campus Community Primary,EnrollmentComplex,6,7,7,7,0,0,0.8571428571428571,Calculator category share,Largest remainder; ties by CalculationUnitSequence,6,6,0,1,0,0,6
74,Campus Community School,573,Campus Community School,Campus_Community_School_Charter_School,48,1,2,Campus Community Primary,EnrollmentIntense,4,8,8,8,0,0,0.5,Calculator category share,Largest remainder; ties by CalculationUnitSequence,4,4,0,1,0,0,4
74,Campus Community School,573,Campus Community School,Campus_Community_School_Charter_School,48,1,2,Campus Community Primary,EnrollmentK3,153,153,153,153,0,0,1,Calculator category share,Largest remainder; ties by CalculationUnitSequence,153,153,0,1,0,0,153
74,Campus Community School,573,Campus Community School,Campus_Community_School_Charter_School,48,1,2,Campus Community Primary,UnitsVocational,0,0.31,0.31,0.31,0,0,0,Calculator category share,Full-precision proportional allocation,0,,,,,0,0
74,Campus Community School,573,Campus Community School,Campus_Community_School_Charter_School,48,1,2,Campus Community Primary,UnitsVocationalDeduct,0,-0.16,-0.16,-0.16,0,0,0,Calculator category share,Full-precision proportional allocation,-0,,,,,0,-0
74,Campus Community School,573,Campus Community School,Campus_Community_School_Charter_School,49,2,2,Campus Community Junior High,BasicPreK12Enrollment,19,39,39,39,0,0,0.48717948717948717,Calculator category share,Largest remainder; ties by CalculationUnitSequence,19,19,0,2,0,0,19
74,Campus Community School,573,Campus Community School,Campus_Community_School_Charter_School,49,2,2,Campus Community Junior High,Enrollment4_12,115,195,195,195,0,0,0.5897435897435898,Calculator category share,Largest remainder; ties by CalculationUnitSequence,115,115,0,2,0,0,115
74,Campus Community School,573,Campus Community School,Campus_Community_School_Charter_School,49,2,2,Campus Community Junior High,EnrollmentComplex,1,7,7,7,0,0,0.14285714285714285,Calculator category share,Largest remainder; ties by CalculationUnitSequence,1,1,0,2,0,0,1
74,Campus Community School,573,Campus Community School,Campus_Community_School_Charter_School,49,2,2,Campus Community Junior High,EnrollmentIntense,4,8,8,8,0,0,0.5,Calculator category share,Largest remainder; ties by CalculationUnitSequence,4,4,0,2,0,0,4
74,Campus Community School,573,Campus Community School,Campus_Community_School_Charter_School,49,2,2,Campus Community Junior High,EnrollmentK3,0,153,153,153,0,0,0,Calculator category share,Largest remainder; ties by CalculationUnitSequence,0,0,0,2,0,0,0
74,Campus Community School,573,Campus Community School,Campus_Community_School_Charter_School,49,2,2,Campus Community Junior High,UnitsVocational,0.31,0.31,0.31,0.31,0,0,1,Calculator category share,Full-precision proportional allocation,0.31,,,,,0,0.31
74,Campus Community School,573,Campus Community School,Campus_Community_School_Charter_School,49,2,2,Campus Community Junior High,UnitsVocationalDeduct,-0.16,-0.16,-0.16,-0.16,0,0,1,Calculator category share,Full-precision proportional allocation,-0.16,,,,,0,-0.16
80,Charter School of New Castle,579,Charter School of New Castle,Charter_School_of_New_Castle,77,1,2,New Castle Primary,BasicPreK12Enrollment,21,48,48,48,0,0,0.4375,Calculator category share,Largest remainder; ties by CalculationUnitSequence,21,21,0,1,0,0,21
80,Charter School of New Castle,579,Charter School of New Castle,Charter_School_of_New_Castle,77,1,2,New Castle Primary,Enrollment4_12,162,408,408,408,0,0,0.39705882352941174,Calculator category share,Largest remainder; ties by CalculationUnitSequence,162,162,0,1,0,0,162
80,Charter School of New Castle,579,Charter School of New Castle,Charter_School_of_New_Castle,77,1,2,New Castle Primary,EnrollmentComplex,8,12,12,12,0,0,0.6666666666666666,Calculator category share,Largest remainder; ties by CalculationUnitSequence,8,8,0,1,0,0,8
80,Charter School of New Castle,579,Charter School of New Castle,Charter_School_of_New_Castle,77,1,2,New Castle Primary,EnrollmentIntense,9,20,20,20,0,0,0.45,Calculator category share,Largest remainder; ties by CalculationUnitSequence,9,9,0,1,0,0,9
80,Charter School of New Castle,579,Charter School of New Castle,Charter_School_of_New_Castle,77,1,2,New Castle Primary,EnrollmentK3,271,271,271,271,0,0,1,Calculator category share,Largest remainder; ties by CalculationUnitSequence,271,271,0,1,0,0,271
80,Charter School of New Castle,579,Charter School of New Castle,Charter_School_of_New_Castle,77,1,2,New Castle Primary,UnitsVocational,0,0,0,0,0,0,0,Shared total is zero,Full-precision proportional allocation,0,,,,,0,0
80,Charter School of New Castle,579,Charter School of New Castle,Charter_School_of_New_Castle,77,1,2,New Castle Primary,UnitsVocationalDeduct,0,0,0,0,0,0,0,Shared total is zero,Full-precision proportional allocation,0,,,,,0,0
80,Charter School of New Castle,579,Charter School of New Castle,Charter_School_of_New_Castle,78,2,2,New Castle Junior,BasicPreK12Enrollment,27,48,48,48,0,0,0.5625,Calculator category share,Largest remainder; ties by CalculationUnitSequence,27,27,0,2,0,0,27
80,Charter School of New Castle,579,Charter School of New Castle,Charter_School_of_New_Castle,78,2,2,New Castle Junior,Enrollment4_12,246,408,408,408,0,0,0.6029411764705882,Calculator category share,Largest remainder; ties by CalculationUnitSequence,246,246,0,2,0,0,246
80,Charter School of New Castle,579,Charter School of New Castle,Charter_School_of_New_Castle,78,2,2,New Castle Junior,EnrollmentComplex,4,12,12,12,0,0,0.3333333333333333,Calculator category share,Largest remainder; ties by CalculationUnitSequence,4,4,0,2,0,0,4
80,Charter School of New Castle,579,Charter School of New Castle,Charter_School_of_New_Castle,78,2,2,New Castle Junior,EnrollmentIntense,11,20,20,20,0,0,0.55,Calculator category share,Largest remainder; ties by CalculationUnitSequence,11,11,0,2,0,0,11
80,Charter School of New Castle,579,Charter School of New Castle,Charter_School_of_New_Castle,78,2,2,New Castle Junior,EnrollmentK3,0,271,271,271,0,0,0,Calculator category share,Largest remainder; ties by CalculationUnitSequence,0,0,0,2,0,0,0
80,Charter School of New Castle,579,Charter School of New Castle,Charter_School_of_New_Castle,78,2,2,New Castle Junior,UnitsVocational,0,0,0,0,0,0,0,Shared total is zero,Full-precision proportional allocation,0,,,,,0,0
80,Charter School of New Castle,579,Charter School of New Castle,Charter_School_of_New_Castle,78,2,2,New Castle Junior,UnitsVocationalDeduct,0,0,0,0,0,0,0,Shared total is zero,Full-precision proportional allocation,0,,,,,0,0
70,Charter School of Wilmington,295,Charter School of Wilmington,Charter_School_of_Wilmington,80,1,1,Charter_School_of_Wilmington,BasicPreK12Enrollment,11,11,11,11,0,0,1,Calculator category share,Largest remainder; ties by CalculationUnitSequence,11,11,0,1,0,0,11
70,Charter School of Wilmington,295,Charter School of Wilmington,Charter_School_of_Wilmington,80,1,1,Charter_School_of_Wilmington,Enrollment4_12,966,966,966,966,0,0,1,Calculator category share,Largest remainder; ties by CalculationUnitSequence,966,966,0,1,0,0,966
70,Charter School of Wilmington,295,Charter School of Wilmington,Charter_School_of_Wilmington,80,1,1,Charter_School_of_Wilmington,EnrollmentComplex,1,1,1,1,0,0,1,Calculator category share,Largest remainder; ties by CalculationUnitSequence,1,1,0,1,0,0,1
70,Charter School of Wilmington,295,Charter School of Wilmington,Charter_School_of_Wilmington,80,1,1,Charter_School_of_Wilmington,EnrollmentIntense,2,2,2,2,0,0,1,Calculator category share,Largest remainder; ties by CalculationUnitSequence,2,2,0,1,0,0,2
70,Charter School of Wilmington,295,Charter School of Wilmington,Charter_School_of_Wilmington,80,1,1,Charter_School_of_Wilmington,EnrollmentK3,0,0,0,0,0,0,0,Shared total is zero,Largest remainder; ties by CalculationUnitSequence,0,0,0,1,0,0,0
70,Charter School of Wilmington,295,Charter School of Wilmington,Charter_School_of_Wilmington,80,1,1,Charter_School_of_Wilmington,UnitsVocational,0,0,0,0,0,0,0,Shared total is zero,Full-precision proportional allocation,0,,,,,0,0
70,Charter School of Wilmington,295,Charter School of Wilmington,Charter_School_of_Wilmington,80,1,1,Charter_School_of_Wilmington,UnitsVocationalDeduct,0,0,0,0,0,0,0,Shared total is zero,Full-precision proportional allocation,0,,,,,0,0
79,Delaware Military Academy,578,Delaware Military Academy,Delaware_Military_Academy_Charter_School,140,1,1,Delaware_Military_Academy_Charter_School,BasicPreK12Enrollment,54,54,54,54,0,0,1,Calculator category share,Largest remainder; ties by CalculationUnitSequence,54,54,0,1,0,0,54
79,Delaware Military Academy,578,Delaware Military Academy,Delaware_Military_Academy_Charter_School,140,1,1,Delaware_Military_Academy_Charter_School,Enrollment4_12,501,501,501,501,0,0,1,Calculator category share,Largest remainder; ties by CalculationUnitSequence,501,501,0,1,0,0,501
79,Delaware Military Academy,578,Delaware Military Academy,Delaware_Military_Academy_Charter_School,140,1,1,Delaware_Military_Academy_Charter_School,EnrollmentComplex,0,0,0,0,0,0,0,Shared total is zero,Largest remainder; ties by CalculationUnitSequence,0,0,0,1,0,0,0
79,Delaware Military Academy,578,Delaware Military Academy,Delaware_Military_Academy_Charter_School,140,1,1,Delaware_Military_Academy_Charter_School,EnrollmentIntense,0,0,0,0,0,0,0,Shared total is zero,Largest remainder; ties by CalculationUnitSequence,0,0,0,1,0,0,0
79,Delaware Military Academy,578,Delaware Military Academy,Delaware_Military_Academy_Charter_School,140,1,1,Delaware_Military_Academy_Charter_School,EnrollmentK3,0,0,0,0,0,0,0,Shared total is zero,Largest remainder; ties by CalculationUnitSequence,0,0,0,1,0,0,0
79,Delaware Military Academy,578,Delaware Military Academy,Delaware_Military_Academy_Charter_School,140,1,1,Delaware_Military_Academy_Charter_School,UnitsVocational,3.5,3.5,3.5,3.5,0,0,1,Calculator category share,Full-precision proportional allocation,3.5,,,,,0,3.5
79,Delaware Military Academy,578,Delaware Military Academy,Delaware_Military_Academy_Charter_School,140,1,1,Delaware_Military_Academy_Charter_School,UnitsVocationalDeduct,-1.75,-1.75,-1.75,-1.75,0,0,1,Calculator category share,Full-precision proportional allocation,-1.75,,,,,0,-1.75
9604,Early College High School at Del State,4040,Early College School at Del State,Early_College_High_School_at_Del_State_Charter_School,149,1,1,Early_College_High_School_at_Del_State_Charter_School,BasicPreK12Enrollment,51,51,51,51,0,0,1,Calculator category share,Largest remainder; ties by CalculationUnitSequence,51,51,0,1,0,0,51
9604,Early College High School at Del State,4040,Early College School at Del State,Early_College_High_School_at_Del_State_Charter_School,149,1,1,Early_College_High_School_at_Del_State_Charter_School,Enrollment4_12,536,536,536,536,0,0,1,Calculator category share,Largest remainder; ties by CalculationUnitSequence,536,536,0,1,0,0,536
9604,Early College High School at Del State,4040,Early College School at Del State,Early_College_High_School_at_Del_State_Charter_School,149,1,1,Early_College_High_School_at_Del_State_Charter_School,EnrollmentComplex,5,5,5,5,0,0,1,Calculator category share,Largest remainder; ties by CalculationUnitSequence,5,5,0,1,0,0,5
9604,Early College High School at Del State,4040,Early College School at Del State,Early_College_High_School_at_Del_State_Charter_School,149,1,1,Early_College_High_School_at_Del_State_Charter_School,EnrollmentIntense,5,5,5,5,0,0,1,Calculator category share,Largest remainder; ties by CalculationUnitSequence,5,5,0,1,0,0,5
9604,Early College High School at Del State,4040,Early College School at Del State,Early_College_High_School_at_Del_State_Charter_School,149,1,1,Early_College_High_School_at_Del_State_Charter_School,EnrollmentK3,0,0,0,0,0,0,0,Shared total is zero,Largest remainder; ties by CalculationUnitSequence,0,0,0,1,0,0,0
9604,Early College High School at Del State,4040,Early College School at Del State,Early_College_High_School_at_Del_State_Charter_School,149,1,1,Early_College_High_School_at_Del_State_Charter_School,UnitsVocational,0,0,0,0,0,0,0,Shared total is zero,Full-precision proportional allocation,0,,,,,0,0
9604,Early College High School at Del State,4040,Early College School at Del State,Early_College_High_School_at_Del_State_Charter_School,149,1,1,Early_College_High_School_at_Del_State_Charter_School,UnitsVocationalDeduct,0,0,0,0,0,0,0,Shared total is zero,Full-precision proportional allocation,0,,,,,0,0
72,East Side Charter School,571,East Side Charter School,East_Side_Charter_School,150,1,2,East Side Primary,BasicPreK12Enrollment,36,61,61,61,0,0,0.5901639344262295,Calculator category share,Largest remainder; ties by CalculationUnitSequence,36,36,0,1,0,0,36
72,East Side Charter School,571,East Side Charter School,East_Side_Charter_School,150,1,2,East Side Primary,Enrollment4_12,79,203,203,203,0,0,0.3891625615763547,Calculator category share,Largest remainder; ties by CalculationUnitSequence,79,79,0,1,0,0,79
72,East Side Charter School,571,East Side Charter School,East_Side_Charter_School,150,1,2,East Side Primary,EnrollmentComplex,6,7,7,7,0,0,0.8571428571428571,Calculator category share,Largest remainder; ties by CalculationUnitSequence,6,6,0,1,0,0,6
72,East Side Charter School,571,East Side Charter School,East_Side_Charter_School,150,1,2,East Side Primary,EnrollmentIntense,15,20,20,20,0,0,0.75,Calculator category share,Largest remainder; ties by CalculationUnitSequence,15,15,0,1,0,0,15
72,East Side Charter School,571,East Side Charter School,East_Side_Charter_School,150,1,2,East Side Primary,EnrollmentK3,169,169,169,169,0,0,1,Calculator category share,Largest remainder; ties by CalculationUnitSequence,169,169,0,1,0,0,169
72,East Side Charter School,571,East Side Charter School,East_Side_Charter_School,150,1,2,East Side Primary,UnitsVocational,0,0,0,0,0,0,0,Shared total is zero,Full-precision proportional allocation,0,,,,,0,0
72,East Side Charter School,571,East Side Charter School,East_Side_Charter_School,150,1,2,East Side Primary,UnitsVocationalDeduct,0,0,0,0,0,0,0,Shared total is zero,Full-precision proportional allocation,0,,,,,0,0
72,East Side Charter School,571,East Side Charter School,East_Side_Charter_School,151,2,2,East Side Junior,BasicPreK12Enrollment,25,61,61,61,0,0,0.4098360655737705,Calculator category share,Largest remainder; ties by CalculationUnitSequence,25,25,0,2,0,0,25
72,East Side Charter School,571,East Side Charter School,East_Side_Charter_School,151,2,2,East Side Junior,Enrollment4_12,124,203,203,203,0,0,0.6108374384236454,Calculator category share,Largest remainder; ties by CalculationUnitSequence,124,124,0,2,0,0,124
72,East Side Charter School,571,East Side Charter School,East_Side_Charter_School,151,2,2,East Side Junior,EnrollmentComplex,1,7,7,7,0,0,0.14285714285714285,Calculator category share,Largest remainder; ties by CalculationUnitSequence,1,1,0,2,0,0,1
72,East Side Charter School,571,East Side Charter School,East_Side_Charter_School,151,2,2,East Side Junior,EnrollmentIntense,5,20,20,20,0,0,0.25,Calculator category share,Largest remainder; ties by CalculationUnitSequence,5,5,0,2,0,0,5
72,East Side Charter School,571,East Side Charter School,East_Side_Charter_School,151,2,2,East Side Junior,EnrollmentK3,0,169,169,169,0,0,0,Calculator category share,Largest remainder; ties by CalculationUnitSequence,0,0,0,2,0,0,0
72,East Side Charter School,571,East Side Charter School,East_Side_Charter_School,151,2,2,East Side Junior,UnitsVocational,0,0,0,0,0,0,0,Shared total is zero,Full-precision proportional allocation,0,,,,,0,0
72,East Side Charter School,571,East Side Charter School,East_Side_Charter_School,151,2,2,East Side Junior,UnitsVocationalDeduct,0,0,0,0,0,0,0,Shared total is zero,Full-precision proportional allocation,0,,,,,0,0
76,Edison (Thomas A.) Charter School,575,Edison (Thomas A.) Charter School,Edison_Charter_School,153,1,3,Edison Primary,BasicPreK12Enrollment,9,44,44,44,0,0,0.20454545454545456,Calculator category share,Largest remainder; ties by CalculationUnitSequence,9,9,0,1,0,0,9
76,Edison (Thomas A.) Charter School,575,Edison (Thomas A.) Charter School,Edison_Charter_School,153,1,3,Edison Primary,Enrollment4_12,0,245,245,245,0,0,0,Calculator category share,Largest remainder; ties by CalculationUnitSequence,0,0,0,1,0,0,0
76,Edison (Thomas A.) Charter School,575,Edison (Thomas A.) Charter School,Edison_Charter_School,153,1,3,Edison Primary,EnrollmentComplex,7,16,16,16,0,0,0.4375,Calculator category share,Largest remainder; ties by CalculationUnitSequence,7,7,0,1,0,0,7
76,Edison (Thomas A.) Charter School,575,Edison (Thomas A.) Charter School,Edison_Charter_School,153,1,3,Edison Primary,EnrollmentIntense,13,25,25,25,0,0,0.52,Calculator category share,Largest remainder; ties by CalculationUnitSequence,13,13,0,1,0,0,13
76,Edison (Thomas A.) Charter School,575,Edison (Thomas A.) Charter School,Edison_Charter_School,153,1,3,Edison Primary,EnrollmentK3,208,208,208,208,0,0,1,Calculator category share,Largest remainder; ties by CalculationUnitSequence,208,208,0,1,0,0,208
76,Edison (Thomas A.) Charter School,575,Edison (Thomas A.) Charter School,Edison_Charter_School,153,1,3,Edison Primary,UnitsVocational,0,0,0,0,0,0,0,Shared total is zero,Full-precision proportional allocation,0,,,,,0,0
76,Edison (Thomas A.) Charter School,575,Edison (Thomas A.) Charter School,Edison_Charter_School,153,1,3,Edison Primary,UnitsVocationalDeduct,0,0,0,0,0,0,0,Shared total is zero,Full-precision proportional allocation,0,,,,,0,0
76,Edison (Thomas A.) Charter School,575,Edison (Thomas A.) Charter School,Edison_Charter_School,154,2,3,Edison Intermediate,BasicPreK12Enrollment,11,44,44,44,0,0,0.25,Calculator category share,Largest remainder; ties by CalculationUnitSequence,11,11,0,2,0,0,11
76,Edison (Thomas A.) Charter School,575,Edison (Thomas A.) Charter School,Edison_Charter_School,154,2,3,Edison Intermediate,Enrollment4_12,104,245,245,245,0,0,0.42448979591836733,Calculator category share,Largest remainder; ties by CalculationUnitSequence,104,104,0,2,0,0,104
76,Edison (Thomas A.) Charter School,575,Edison (Thomas A.) Charter School,Edison_Charter_School,154,2,3,Edison Intermediate,EnrollmentComplex,4,16,16,16,0,0,0.25,Calculator category share,Largest remainder; ties by CalculationUnitSequence,4,4,0,2,0,0,4
76,Edison (Thomas A.) Charter School,575,Edison (Thomas A.) Charter School,Edison_Charter_School,154,2,3,Edison Intermediate,EnrollmentIntense,4,25,25,25,0,0,0.16,Calculator category share,Largest remainder; ties by CalculationUnitSequence,4,4,0,2,0,0,4
76,Edison (Thomas A.) Charter School,575,Edison (Thomas A.) Charter School,Edison_Charter_School,154,2,3,Edison Intermediate,EnrollmentK3,0,208,208,208,0,0,0,Calculator category share,Largest remainder; ties by CalculationUnitSequence,0,0,0,2,0,0,0
76,Edison (Thomas A.) Charter School,575,Edison (Thomas A.) Charter School,Edison_Charter_School,154,2,3,Edison Intermediate,UnitsVocational,0,0,0,0,0,0,0,Shared total is zero,Full-precision proportional allocation,0,,,,,0,0
76,Edison (Thomas A.) Charter School,575,Edison (Thomas A.) Charter School,Edison_Charter_School,154,2,3,Edison Intermediate,UnitsVocationalDeduct,0,0,0,0,0,0,0,Shared total is zero,Full-precision proportional allocation,0,,,,,0,0
76,Edison (Thomas A.) Charter School,575,Edison (Thomas A.) Charter School,Edison_Charter_School,155,3,3,Edison Junior High,BasicPreK12Enrollment,24,44,44,44,0,0,0.5454545454545454,Calculator category share,Largest remainder; ties by CalculationUnitSequence,24,24,0,3,0,0,24
76,Edison (Thomas A.) Charter School,575,Edison (Thomas A.) Charter School,Edison_Charter_School,155,3,3,Edison Junior High,Enrollment4_12,141,245,245,245,0,0,0.5755102040816327,Calculator category share,Largest remainder; ties by CalculationUnitSequence,141,141,0,3,0,0,141
76,Edison (Thomas A.) Charter School,575,Edison (Thomas A.) Charter School,Edison_Charter_School,155,3,3,Edison Junior High,EnrollmentComplex,5,16,16,16,0,0,0.3125,Calculator category share,Largest remainder; ties by CalculationUnitSequence,5,5,0,3,0,0,5
76,Edison (Thomas A.) Charter School,575,Edison (Thomas A.) Charter School,Edison_Charter_School,155,3,3,Edison Junior High,EnrollmentIntense,8,25,25,25,0,0,0.32,Calculator category share,Largest remainder; ties by CalculationUnitSequence,8,8,0,3,0,0,8
76,Edison (Thomas A.) Charter School,575,Edison (Thomas A.) Charter School,Edison_Charter_School,155,3,3,Edison Junior High,EnrollmentK3,0,208,208,208,0,0,0,Calculator category share,Largest remainder; ties by CalculationUnitSequence,0,0,0,3,0,0,0
76,Edison (Thomas A.) Charter School,575,Edison (Thomas A.) Charter School,Edison_Charter_School,155,3,3,Edison Junior High,UnitsVocational,0,0,0,0,0,0,0,Shared total is zero,Full-precision proportional allocation,0,,,,,0,0
76,Edison (Thomas A.) Charter School,575,Edison (Thomas A.) Charter School,Edison_Charter_School,155,3,3,Edison Junior High,UnitsVocationalDeduct,0,0,0,0,0,0,0,Shared total is zero,Full-precision proportional allocation,0,,,,,0,0
9607,First State Military Academy,4055,First State Military Academy,First_State_Military_Academy_Charter_School,157,1,1,First_State_Military_Academy_Charter_School,BasicPreK12Enrollment,58,58,58,58,0,0,1,Calculator category share,Largest remainder; ties by CalculationUnitSequence,58,58,0,1,0,0,58
9607,First State Military Academy,4055,First State Military Academy,First_State_Military_Academy_Charter_School,157,1,1,First_State_Military_Academy_Charter_School,Enrollment4_12,340,340,340,340,0,0,1,Calculator category share,Largest remainder; ties by CalculationUnitSequence,340,340,0,1,0,0,340
9607,First State Military Academy,4055,First State Military Academy,First_State_Military_Academy_Charter_School,157,1,1,First_State_Military_Academy_Charter_School,EnrollmentComplex,7,7,7,7,0,0,1,Calculator category share,Largest remainder; ties by CalculationUnitSequence,7,7,0,1,0,0,7
9607,First State Military Academy,4055,First State Military Academy,First_State_Military_Academy_Charter_School,157,1,1,First_State_Military_Academy_Charter_School,EnrollmentIntense,19,19,19,19,0,0,1,Calculator category share,Largest remainder; ties by CalculationUnitSequence,19,19,0,1,0,0,19
9607,First State Military Academy,4055,First State Military Academy,First_State_Military_Academy_Charter_School,157,1,1,First_State_Military_Academy_Charter_School,EnrollmentK3,0,0,0,0,0,0,0,Shared total is zero,Largest remainder; ties by CalculationUnitSequence,0,0,0,1,0,0,0
9607,First State Military Academy,4055,First State Military Academy,First_State_Military_Academy_Charter_School,157,1,1,First_State_Military_Academy_Charter_School,UnitsVocational,0,0,0,0,0,0,0,Shared total is zero,Full-precision proportional allocation,0,,,,,0,0
9607,First State Military Academy,4055,First State Military Academy,First_State_Military_Academy_Charter_School,157,1,1,First_State_Military_Academy_Charter_School,UnitsVocationalDeduct,0,0,0,0,0,0,0,Shared total is zero,Full-precision proportional allocation,0,,,,,0,0
9606,First State Montessori Academy,4050,First State Montessori Academy,First_State_Montessori_Academy_Charter_School,158,1,2,First State Elementary,BasicPreK12Enrollment,37,56,56,56,0,0,0.6607142857142857,Calculator category share,Largest remainder; ties by CalculationUnitSequence,37,37,0,1,0,0,37
9606,First State Montessori Academy,4050,First State Montessori Academy,First_State_Montessori_Academy_Charter_School,158,1,2,First State Elementary,Enrollment4_12,185,285,285,285,0,0,0.6491228070175439,Calculator category share,Largest remainder; ties by CalculationUnitSequence,185,185,0,1,0,0,185
9606,First State Montessori Academy,4050,First State Montessori Academy,First_State_Montessori_Academy_Charter_School,158,1,2,First State Elementary,EnrollmentComplex,3,5,5,5,0,0,0.6,Calculator category share,Largest remainder; ties by CalculationUnitSequence,3,3,0,1,0,0,3
9606,First State Montessori Academy,4050,First State Montessori Academy,First_State_Montessori_Academy_Charter_School,158,1,2,First State Elementary,EnrollmentIntense,22,29,29,29,0,0,0.7586206896551724,Calculator category share,Largest remainder; ties by CalculationUnitSequence,22,22,0,1,0,0,22
9606,First State Montessori Academy,4050,First State Montessori Academy,First_State_Montessori_Academy_Charter_School,158,1,2,First State Elementary,EnrollmentK3,273,273,273,273,0,0,1,Calculator category share,Largest remainder; ties by CalculationUnitSequence,273,273,0,1,0,0,273
9606,First State Montessori Academy,4050,First State Montessori Academy,First_State_Montessori_Academy_Charter_School,158,1,2,First State Elementary,UnitsVocational,0,0,0,0,0,0,0,Shared total is zero,Full-precision proportional allocation,0,,,,,0,0
9606,First State Montessori Academy,4050,First State Montessori Academy,First_State_Montessori_Academy_Charter_School,158,1,2,First State Elementary,UnitsVocationalDeduct,0,0,0,0,0,0,0,Shared total is zero,Full-precision proportional allocation,0,,,,,0,0
9606,First State Montessori Academy,4050,First State Montessori Academy,First_State_Montessori_Academy_Charter_School,159,2,2,First State Middle School,BasicPreK12Enrollment,19,56,56,56,0,0,0.3392857142857143,Calculator category share,Largest remainder; ties by CalculationUnitSequence,19,19,0,2,0,0,19
9606,First State Montessori Academy,4050,First State Montessori Academy,First_State_Montessori_Academy_Charter_School,159,2,2,First State Middle School,Enrollment4_12,100,285,285,285,0,0,0.3508771929824561,Calculator category share,Largest remainder; ties by CalculationUnitSequence,100,100,0,2,0,0,100
9606,First State Montessori Academy,4050,First State Montessori Academy,First_State_Montessori_Academy_Charter_School,159,2,2,First State Middle School,EnrollmentComplex,2,5,5,5,0,0,0.4,Calculator category share,Largest remainder; ties by CalculationUnitSequence,2,2,0,2,0,0,2
9606,First State Montessori Academy,4050,First State Montessori Academy,First_State_Montessori_Academy_Charter_School,159,2,2,First State Middle School,EnrollmentIntense,7,29,29,29,0,0,0.2413793103448276,Calculator category share,Largest remainder; ties by CalculationUnitSequence,7,7,0,2,0,0,7
9606,First State Montessori Academy,4050,First State Montessori Academy,First_State_Montessori_Academy_Charter_School,159,2,2,First State Middle School,EnrollmentK3,0,273,273,273,0,0,0,Calculator category share,Largest remainder; ties by CalculationUnitSequence,0,0,0,2,0,0,0
9606,First State Montessori Academy,4050,First State Montessori Academy,First_State_Montessori_Academy_Charter_School,159,2,2,First State Middle School,UnitsVocational,0,0,0,0,0,0,0,Shared total is zero,Full-precision proportional allocation,0,,,,,0,0
9606,First State Montessori Academy,4050,First State Montessori Academy,First_State_Montessori_Academy_Charter_School,159,2,2,First State Middle School,UnitsVocationalDeduct,0,0,0,0,0,0,0,Shared total is zero,Full-precision proportional allocation,0,,,,,0,0
9612,Freire Charter School Wilmington,4080,Freire Charter School,Freire_Charter_School_of_Wilmington,161,1,1,Freire_Charter_School_of_Wilmington,BasicPreK12Enrollment,68,68,68,68,0,0,1,Calculator category share,Largest remainder; ties by CalculationUnitSequence,68,68,0,1,0,0,68
9612,Freire Charter School Wilmington,4080,Freire Charter School,Freire_Charter_School_of_Wilmington,161,1,1,Freire_Charter_School_of_Wilmington,Enrollment4_12,257,257,257,257,0,0,1,Calculator category share,Largest remainder; ties by CalculationUnitSequence,257,257,0,1,0,0,257
9612,Freire Charter School Wilmington,4080,Freire Charter School,Freire_Charter_School_of_Wilmington,161,1,1,Freire_Charter_School_of_Wilmington,EnrollmentComplex,8,8,8,8,0,0,1,Calculator category share,Largest remainder; ties by CalculationUnitSequence,8,8,0,1,0,0,8
9612,Freire Charter School Wilmington,4080,Freire Charter School,Freire_Charter_School_of_Wilmington,161,1,1,Freire_Charter_School_of_Wilmington,EnrollmentIntense,37,37,37,37,0,0,1,Calculator category share,Largest remainder; ties by CalculationUnitSequence,37,37,0,1,0,0,37
9612,Freire Charter School Wilmington,4080,Freire Charter School,Freire_Charter_School_of_Wilmington,161,1,1,Freire_Charter_School_of_Wilmington,EnrollmentK3,0,0,0,0,0,0,0,Shared total is zero,Largest remainder; ties by CalculationUnitSequence,0,0,0,1,0,0,0
9612,Freire Charter School Wilmington,4080,Freire Charter School,Freire_Charter_School_of_Wilmington,161,1,1,Freire_Charter_School_of_Wilmington,UnitsVocational,0,0,0,0,0,0,0,Shared total is zero,Full-precision proportional allocation,0,,,,,0,0
9612,Freire Charter School Wilmington,4080,Freire Charter School,Freire_Charter_School_of_Wilmington,161,1,1,Freire_Charter_School_of_Wilmington,UnitsVocationalDeduct,0,0,0,0,0,0,0,Shared total is zero,Full-precision proportional allocation,0,,,,,0,0
92,Gateway Charter School,543,Gateway Charter School,Gateway_Charter_School,162,1,2,Gateway Primary,BasicPreK12Enrollment,20,49,49,49,0,0,0.40816326530612246,Calculator category share,Largest remainder; ties by CalculationUnitSequence,20,20,0,1,0,0,20
92,Gateway Charter School,543,Gateway Charter School,Gateway_Charter_School,162,1,2,Gateway Primary,Enrollment4_12,18,59,59,59,0,0,0.3050847457627119,Calculator category share,Largest remainder; ties by CalculationUnitSequence,18,18,0,1,0,0,18
92,Gateway Charter School,543,Gateway Charter School,Gateway_Charter_School,162,1,2,Gateway Primary,EnrollmentComplex,6,11,11,11,0,0,0.5454545454545454,Calculator category share,Largest remainder; ties by CalculationUnitSequence,6,6,0,1,0,0,6
92,Gateway Charter School,543,Gateway Charter School,Gateway_Charter_School,162,1,2,Gateway Primary,EnrollmentIntense,14,26,26,26,0,0,0.5384615384615384,Calculator category share,Largest remainder; ties by CalculationUnitSequence,14,14,0,1,0,0,14
92,Gateway Charter School,543,Gateway Charter School,Gateway_Charter_School,162,1,2,Gateway Primary,EnrollmentK3,66,66,66,66,0,0,1,Calculator category share,Largest remainder; ties by CalculationUnitSequence,66,66,0,1,0,0,66
92,Gateway Charter School,543,Gateway Charter School,Gateway_Charter_School,162,1,2,Gateway Primary,UnitsVocational,0,0,0,0,0,0,0,Shared total is zero,Full-precision proportional allocation,0,,,,,0,0
92,Gateway Charter School,543,Gateway Charter School,Gateway_Charter_School,162,1,2,Gateway Primary,UnitsVocationalDeduct,0,0,0,0,0,0,0,Shared total is zero,Full-precision proportional allocation,0,,,,,0,0
92,Gateway Charter School,543,Gateway Charter School,Gateway_Charter_School,163,2,2,Gateway Secondary,BasicPreK12Enrollment,29,49,49,49,0,0,0.5918367346938775,Calculator category share,Largest remainder; ties by CalculationUnitSequence,29,29,0,2,0,0,29
92,Gateway Charter School,543,Gateway Charter School,Gateway_Charter_School,163,2,2,Gateway Secondary,Enrollment4_12,41,59,59,59,0,0,0.6949152542372882,Calculator category share,Largest remainder; ties by CalculationUnitSequence,41,41,0,2,0,0,41
92,Gateway Charter School,543,Gateway Charter School,Gateway_Charter_School,163,2,2,Gateway Secondary,EnrollmentComplex,5,11,11,11,0,0,0.45454545454545453,Calculator category share,Largest remainder; ties by CalculationUnitSequence,5,5,0,2,0,0,5
92,Gateway Charter School,543,Gateway Charter School,Gateway_Charter_School,163,2,2,Gateway Secondary,EnrollmentIntense,12,26,26,26,0,0,0.46153846153846156,Calculator category share,Largest remainder; ties by CalculationUnitSequence,12,12,0,2,0,0,12
92,Gateway Charter School,543,Gateway Charter School,Gateway_Charter_School,163,2,2,Gateway Secondary,EnrollmentK3,0,66,66,66,0,0,0,Calculator category share,Largest remainder; ties by CalculationUnitSequence,0,0,0,2,0,0,0
92,Gateway Charter School,543,Gateway Charter School,Gateway_Charter_School,163,2,2,Gateway Secondary,UnitsVocational,0,0,0,0,0,0,0,Shared total is zero,Full-precision proportional allocation,0,,,,,0,0
92,Gateway Charter School,543,Gateway Charter School,Gateway_Charter_School,163,2,2,Gateway Secondary,UnitsVocationalDeduct,0,0,0,0,0,0,0,Shared total is zero,Full-precision proportional allocation,0,,,,,0,0
9611,Great Oaks Charter School,4075,Great Oaks Charter School,Great_Oaks_Charter_School,165,1,1,Great_Oaks_Charter_School,BasicPreK12Enrollment,23,23,23,23,0,0,1,Calculator category share,Largest remainder; ties by CalculationUnitSequence,23,23,0,1,0,0,23
9611,Great Oaks Charter School,4075,Great Oaks Charter School,Great_Oaks_Charter_School,165,1,1,Great_Oaks_Charter_School,Enrollment4_12,80,80,80,80,0,0,1,Calculator category share,Largest remainder; ties by CalculationUnitSequence,80,80,0,1,0,0,80
9611,Great Oaks Charter School,4075,Great Oaks Charter School,Great_Oaks_Charter_School,165,1,1,Great_Oaks_Charter_School,EnrollmentComplex,9,9,9,9,0,0,1,Calculator category share,Largest remainder; ties by CalculationUnitSequence,9,9,0,1,0,0,9
9611,Great Oaks Charter School,4075,Great Oaks Charter School,Great_Oaks_Charter_School,165,1,1,Great_Oaks_Charter_School,EnrollmentIntense,29,29,29,29,0,0,1,Calculator category share,Largest remainder; ties by CalculationUnitSequence,29,29,0,1,0,0,29
9611,Great Oaks Charter School,4075,Great Oaks Charter School,Great_Oaks_Charter_School,165,1,1,Great_Oaks_Charter_School,EnrollmentK3,0,0,0,0,0,0,0,Shared total is zero,Largest remainder; ties by CalculationUnitSequence,0,0,0,1,0,0,0
9611,Great Oaks Charter School,4075,Great Oaks Charter School,Great_Oaks_Charter_School,165,1,1,Great_Oaks_Charter_School,UnitsVocational,0,0,0,0,0,0,0,Shared total is zero,Full-precision proportional allocation,0,,,,,0,0
9611,Great Oaks Charter School,4075,Great Oaks Charter School,Great_Oaks_Charter_School,165,1,1,Great_Oaks_Charter_School,UnitsVocationalDeduct,0,0,0,0,0,0,0,Shared total is zero,Full-precision proportional allocation,0,,,,,0,0
82,Kuumba Academy Charter School,581,Kuumba Academy Charter School,Kuumba_Academy_Charter_School,182,1,2,Kuumba Primary,BasicPreK12Enrollment,25,55,55,55,0,0,0.45454545454545453,Calculator category share,Largest remainder; ties by CalculationUnitSequence,25,25,0,2,1,0,25
82,Kuumba Academy Charter School,581,Kuumba Academy Charter School,Kuumba_Academy_Charter_School,182,1,2,Kuumba Primary,Enrollment4_12,106,237,237,237,0,0,0.4472573839662447,Calculator category share,Largest remainder; ties by CalculationUnitSequence,106,106,0,1,0,0,106
82,Kuumba Academy Charter School,581,Kuumba Academy Charter School,Kuumba_Academy_Charter_School,182,1,2,Kuumba Primary,EnrollmentComplex,1,6,6,6,0,0,0.16666666666666666,Calculator category share,Largest remainder; ties by CalculationUnitSequence,1,1,0,1,0,0,1
82,Kuumba Academy Charter School,581,Kuumba Academy Charter School,Kuumba_Academy_Charter_School,182,1,2,Kuumba Primary,EnrollmentIntense,16,30,30,30,0,0,0.5333333333333333,Calculator category share,Largest remainder; ties by CalculationUnitSequence,16,16,0,1,0,0,16
82,Kuumba Academy Charter School,581,Kuumba Academy Charter School,Kuumba_Academy_Charter_School,182,1,2,Kuumba Primary,EnrollmentK3,228,228,228,228,0,0,1,Calculator category share,Largest remainder; ties by CalculationUnitSequence,228,228,0,1,0,0,228
82,Kuumba Academy Charter School,581,Kuumba Academy Charter School,Kuumba_Academy_Charter_School,182,1,2,Kuumba Primary,UnitsVocational,0,0,0,0,0,0,0,Shared total is zero,Full-precision proportional allocation,0,,,,,0,0
82,Kuumba Academy Charter School,581,Kuumba Academy Charter School,Kuumba_Academy_Charter_School,182,1,2,Kuumba Primary,UnitsVocationalDeduct,0,0,0,0,0,0,0,Shared total is zero,Full-precision proportional allocation,0,,,,,0,0
82,Kuumba Academy Charter School,581,Kuumba Academy Charter School,Kuumba_Academy_Charter_School,183,2,2,Kuumba Junior High,BasicPreK12Enrollment,30,55,55,55,0,0,0.5454545454545454,Calculator category share,Largest remainder; ties by CalculationUnitSequence,29.999999999999996,29,0.9999999999999964,1,1,1,30
82,Kuumba Academy Charter School,581,Kuumba Academy Charter School,Kuumba_Academy_Charter_School,183,2,2,Kuumba Junior High,Enrollment4_12,131,237,237,237,0,0,0.5527426160337553,Calculator category share,Largest remainder; ties by CalculationUnitSequence,131,131,0,2,0,0,131
82,Kuumba Academy Charter School,581,Kuumba Academy Charter School,Kuumba_Academy_Charter_School,183,2,2,Kuumba Junior High,EnrollmentComplex,5,6,6,6,0,0,0.8333333333333334,Calculator category share,Largest remainder; ties by CalculationUnitSequence,5,5,0,2,0,0,5
82,Kuumba Academy Charter School,581,Kuumba Academy Charter School,Kuumba_Academy_Charter_School,183,2,2,Kuumba Junior High,EnrollmentIntense,14,30,30,30,0,0,0.4666666666666667,Calculator category share,Largest remainder; ties by CalculationUnitSequence,14,14,0,2,0,0,14
82,Kuumba Academy Charter School,581,Kuumba Academy Charter School,Kuumba_Academy_Charter_School,183,2,2,Kuumba Junior High,EnrollmentK3,0,228,228,228,0,0,0,Calculator category share,Largest remainder; ties by CalculationUnitSequence,0,0,0,2,0,0,0
82,Kuumba Academy Charter School,581,Kuumba Academy Charter School,Kuumba_Academy_Charter_School,183,2,2,Kuumba Junior High,UnitsVocational,0,0,0,0,0,0,0,Shared total is zero,Full-precision proportional allocation,0,,,,,0,0
82,Kuumba Academy Charter School,581,Kuumba Academy Charter School,Kuumba_Academy_Charter_School,183,2,2,Kuumba Junior High,UnitsVocationalDeduct,0,0,0,0,0,0,0,Shared total is zero,Full-precision proportional allocation,0,,,,,0,0
88,MOT Charter School,587,MOT Charter School,MOT_Charter_School,210,1,3,MOT Elementary,BasicPreK12Enrollment,27,85,85,85,0,0,0.3176470588235294,Calculator category share,Largest remainder; ties by CalculationUnitSequence,27,27,0,2,0,0,27
88,MOT Charter School,587,MOT Charter School,MOT_Charter_School,210,1,3,MOT Elementary,Enrollment4_12,132,986,986,986,0,0,0.13387423935091278,Calculator category share,Largest remainder; ties by CalculationUnitSequence,132,132,0,1,0,0,132
88,MOT Charter School,587,MOT Charter School,MOT_Charter_School,210,1,3,MOT Elementary,EnrollmentComplex,5,10,10,10,0,0,0.5,Calculator category share,Largest remainder; ties by CalculationUnitSequence,5,5,0,1,0,0,5
88,MOT Charter School,587,MOT Charter School,MOT_Charter_School,210,1,3,MOT Elementary,EnrollmentIntense,17,36,36,36,0,0,0.4722222222222222,Calculator category share,Largest remainder; ties by CalculationUnitSequence,17,17,0,1,0,0,17
88,MOT Charter School,587,MOT Charter School,MOT_Charter_School,210,1,3,MOT Elementary,EnrollmentK3,273,273,273,273,0,0,1,Calculator category share,Largest remainder; ties by CalculationUnitSequence,273,273,0,1,0,0,273
88,MOT Charter School,587,MOT Charter School,MOT_Charter_School,210,1,3,MOT Elementary,UnitsVocational,0,12.42,12.42,12.42,0,0,0,Calculator category share,Full-precision proportional allocation,0,,,,,0,0
88,MOT Charter School,587,MOT Charter School,MOT_Charter_School,210,1,3,MOT Elementary,UnitsVocationalDeduct,0,-6.21,-6.21,-6.21,0,0,0,Calculator category share,Full-precision proportional allocation,-0,,,,,0,-0
88,MOT Charter School,587,MOT Charter School,MOT_Charter_School,211,2,3,MOT Middle School,BasicPreK12Enrollment,14,85,85,85,0,0,0.16470588235294117,Calculator category share,Largest remainder; ties by CalculationUnitSequence,14,14,0,3,0,0,14
88,MOT Charter School,587,MOT Charter School,MOT_Charter_School,211,2,3,MOT Middle School,Enrollment4_12,216,986,986,986,0,0,0.21906693711967545,Calculator category share,Largest remainder; ties by CalculationUnitSequence,216,216,0,2,0,0,216
88,MOT Charter School,587,MOT Charter School,MOT_Charter_School,211,2,3,MOT Middle School,EnrollmentComplex,0,10,10,10,0,0,0,Calculator category share,Largest remainder; ties by CalculationUnitSequence,0,0,0,2,0,0,0
88,MOT Charter School,587,MOT Charter School,MOT_Charter_School,211,2,3,MOT Middle School,EnrollmentIntense,5,36,36,36,0,0,0.1388888888888889,Calculator category share,Largest remainder; ties by CalculationUnitSequence,5,5,0,2,0,0,5
88,MOT Charter School,587,MOT Charter School,MOT_Charter_School,211,2,3,MOT Middle School,EnrollmentK3,0,273,273,273,0,0,0,Calculator category share,Largest remainder; ties by CalculationUnitSequence,0,0,0,2,0,0,0
88,MOT Charter School,587,MOT Charter School,MOT_Charter_School,211,2,3,MOT Middle School,UnitsVocational,2.16,12.42,12.42,12.42,0,0,0.1739130434782609,Calculator category share,Full-precision proportional allocation,2.16,,,,,0,2.16
88,MOT Charter School,587,MOT Charter School,MOT_Charter_School,211,2,3,MOT Middle School,UnitsVocationalDeduct,-1.08,-6.21,-6.21,-6.21,0,0,0.1739130434782609,Calculator category share,Full-precision proportional allocation,-1.08,,,,,0,-1.08
88,MOT Charter School,587,MOT Charter School,MOT_Charter_School,212,3,3,MOT High School,BasicPreK12Enrollment,44,85,85,85,0,0,0.5176470588235295,Calculator category share,Largest remainder; ties by CalculationUnitSequence,44.00000000000001,44,7.105427357601002e-15,1,0,0,44
88,MOT Charter School,587,MOT Charter School,MOT_Charter_School,212,3,3,MOT High School,Enrollment4_12,638,986,986,986,0,0,0.6470588235294118,Calculator category share,Largest remainder; ties by CalculationUnitSequence,638,638,0,3,0,0,638
88,MOT Charter School,587,MOT Charter School,MOT_Charter_School,212,3,3,MOT High School,EnrollmentComplex,5,10,10,10,0,0,0.5,Calculator category share,Largest remainder; ties by CalculationUnitSequence,5,5,0,3,0,0,5
88,MOT Charter School,587,MOT Charter School,MOT_Charter_School,212,3,3,MOT High School,EnrollmentIntense,14,36,36,36,0,0,0.3888888888888889,Calculator category share,Largest remainder; ties by CalculationUnitSequence,14,14,0,3,0,0,14
88,MOT Charter School,587,MOT Charter School,MOT_Charter_School,212,3,3,MOT High School,EnrollmentK3,0,273,273,273,0,0,0,Calculator category share,Largest remainder; ties by CalculationUnitSequence,0,0,0,3,0,0,0
88,MOT Charter School,587,MOT Charter School,MOT_Charter_School,212,3,3,MOT High School,UnitsVocational,10.26,12.42,12.42,12.42,0,0,0.8260869565217391,Calculator category share,Full-precision proportional allocation,10.26,,,,,0,10.26
88,MOT Charter School,587,MOT Charter School,MOT_Charter_School,212,3,3,MOT High School,UnitsVocationalDeduct,-5.13,-6.21,-6.21,-6.21,0,0,0.8260869565217391,Calculator category share,Full-precision proportional allocation,-5.13,,,,,0,-5.13
89,Newark Charter School,588,Newark Charter School,Newark_Charter_School,220,1,4,Newark Elementary,BasicPreK12Enrollment,27,225,225,225,0,0,0.12,Calculator category share,Largest remainder; ties by CalculationUnitSequence,27,27,0,2,0,0,27
89,Newark Charter School,588,Newark Charter School,Newark_Charter_School,220,1,4,Newark Elementary,Enrollment4_12,0,1951,1951,1951,0,0,0,Calculator category share,Largest remainder; ties by CalculationUnitSequence,0,0,0,1,0,0,0
89,Newark Charter School,588,Newark Charter School,Newark_Charter_School,220,1,4,Newark Elementary,EnrollmentComplex,20,46,46,46,0,0,0.43478260869565216,Calculator category share,Largest remainder; ties by CalculationUnitSequence,20,20,0,1,0,0,20
89,Newark Charter School,588,Newark Charter School,Newark_Charter_School,220,1,4,Newark Elementary,EnrollmentIntense,19,59,59,59,0,0,0.3220338983050847,Calculator category share,Largest remainder; ties by CalculationUnitSequence,19,19,0,1,0,0,19
89,Newark Charter School,588,Newark Charter School,Newark_Charter_School,220,1,4,Newark Elementary,EnrollmentK3,668,875,875,875,0,0,0.7634285714285715,Calculator category share,Largest remainder; ties by CalculationUnitSequence,668,668,0,1,0,0,668
89,Newark Charter School,588,Newark Charter School,Newark_Charter_School,220,1,4,Newark Elementary,UnitsVocational,0,8.09,8.09,8.09,0,0,0,Calculator category share,Full-precision proportional allocation,0,,,,,0,0
89,Newark Charter School,588,Newark Charter School,Newark_Charter_School,220,1,4,Newark Elementary,UnitsVocationalDeduct,0,-4.05,-4.05,-4.05,0,0,0,Calculator category share,Full-precision proportional allocation,-0,,,,,0,-0
89,Newark Charter School,588,Newark Charter School,Newark_Charter_School,221,2,4,Newark Intermediate,BasicPreK12Enrollment,67,225,225,225,0,0,0.29777777777777775,Calculator category share,Largest remainder; ties by CalculationUnitSequence,67,67,0,3,0,0,67
89,Newark Charter School,588,Newark Charter School,Newark_Charter_School,221,2,4,Newark Intermediate,Enrollment4_12,434,1951,1951,1951,0,0,0.22245002562788313,Calculator category share,Largest remainder; ties by CalculationUnitSequence,434,434,0,2,0,0,434
89,Newark Charter School,588,Newark Charter School,Newark_Charter_School,221,2,4,Newark Intermediate,EnrollmentComplex,12,46,46,46,0,0,0.2608695652173913,Calculator category share,Largest remainder; ties by CalculationUnitSequence,12,12,0,2,0,0,12
89,Newark Charter School,588,Newark Charter School,Newark_Charter_School,221,2,4,Newark Intermediate,EnrollmentIntense,13,59,59,59,0,0,0.22033898305084745,Calculator category share,Largest remainder; ties by CalculationUnitSequence,13,13,0,2,0,0,13
89,Newark Charter School,588,Newark Charter School,Newark_Charter_School,221,2,4,Newark Intermediate,EnrollmentK3,207,875,875,875,0,0,0.23657142857142857,Calculator category share,Largest remainder; ties by CalculationUnitSequence,207,207,0,2,0,0,207
89,Newark Charter School,588,Newark Charter School,Newark_Charter_School,221,2,4,Newark Intermediate,UnitsVocational,0,8.09,8.09,8.09,0,0,0,Calculator category share,Full-precision proportional allocation,0,,,,,0,0
89,Newark Charter School,588,Newark Charter School,Newark_Charter_School,221,2,4,Newark Intermediate,UnitsVocationalDeduct,0,-4.05,-4.05,-4.05,0,0,0,Calculator category share,Full-precision proportional allocation,-0,,,,,0,-0
89,Newark Charter School,588,Newark Charter School,Newark_Charter_School,222,3,4,Newark Middle School,BasicPreK12Enrollment,68,225,225,225,0,0,0.3022222222222222,Calculator category share,Largest remainder; ties by CalculationUnitSequence,68,68,0,4,0,0,68
89,Newark Charter School,588,Newark Charter School,Newark_Charter_School,222,3,4,Newark Middle School,Enrollment4_12,654,1951,1951,1951,0,0,0.3352127114300359,Calculator category share,Largest remainder; ties by CalculationUnitSequence,654,654,0,3,0,0,654
89,Newark Charter School,588,Newark Charter School,Newark_Charter_School,222,3,4,Newark Middle School,EnrollmentComplex,8,46,46,46,0,0,0.17391304347826086,Calculator category share,Largest remainder; ties by CalculationUnitSequence,8,8,0,3,0,0,8
89,Newark Charter School,588,Newark Charter School,Newark_Charter_School,222,3,4,Newark Middle School,EnrollmentIntense,11,59,59,59,0,0,0.1864406779661017,Calculator category share,Largest remainder; ties by CalculationUnitSequence,11,11,0,3,0,0,11
89,Newark Charter School,588,Newark Charter School,Newark_Charter_School,222,3,4,Newark Middle School,EnrollmentK3,0,875,875,875,0,0,0,Calculator category share,Largest remainder; ties by CalculationUnitSequence,0,0,0,3,0,0,0
89,Newark Charter School,588,Newark Charter School,Newark_Charter_School,222,3,4,Newark Middle School,UnitsVocational,1.37,8.09,8.09,8.09,0,0,0.16934487021013597,Calculator category share,Full-precision proportional allocation,1.3699999999999999,,,,,0,1.3699999999999999
89,Newark Charter School,588,Newark Charter School,Newark_Charter_School,222,3,4,Newark Middle School,UnitsVocationalDeduct,-0.68,-4.05,-4.05,-4.05,0,0,0.16790123456790126,Calculator category share,Full-precision proportional allocation,-0.68,,,,,0,-0.68
89,Newark Charter School,588,Newark Charter School,Newark_Charter_School,223,4,4,Newark High School,BasicPreK12Enrollment,63,225,225,225,0,0,0.28,Calculator category share,Largest remainder; ties by CalculationUnitSequence,63.00000000000001,63,7.105427357601002e-15,1,0,0,63
89,Newark Charter School,588,Newark Charter School,Newark_Charter_School,223,4,4,Newark High School,Enrollment4_12,863,1951,1951,1951,0,0,0.442337262942081,Calculator category share,Largest remainder; ties by CalculationUnitSequence,863,863,0,4,0,0,863
89,Newark Charter School,588,Newark Charter School,Newark_Charter_School,223,4,4,Newark High School,EnrollmentComplex,6,46,46,46,0,0,0.13043478260869565,Calculator category share,Largest remainder; ties by CalculationUnitSequence,6,6,0,4,0,0,6
89,Newark Charter School,588,Newark Charter School,Newark_Charter_School,223,4,4,Newark High School,EnrollmentIntense,16,59,59,59,0,0,0.2711864406779661,Calculator category share,Largest remainder; ties by CalculationUnitSequence,16,16,0,4,0,0,16
89,Newark Charter School,588,Newark Charter School,Newark_Charter_School,223,4,4,Newark High School,EnrollmentK3,0,875,875,875,0,0,0,Calculator category share,Largest remainder; ties by CalculationUnitSequence,0,0,0,4,0,0,0
89,Newark Charter School,588,Newark Charter School,Newark_Charter_School,223,4,4,Newark High School,UnitsVocational,6.72,8.09,8.09,8.09,0,0,0.830655129789864,Calculator category share,Full-precision proportional allocation,6.72,,,,,0,6.72
89,Newark Charter School,588,Newark Charter School,Newark_Charter_School,223,4,4,Newark High School,UnitsVocationalDeduct,-3.37,-4.05,-4.05,-4.05,0,0,0.8320987654320988,Calculator category share,Full-precision proportional allocation,-3.37,,,,,0,-3.37
86,Odyssey Charter School,585,Odyssey Charter School,Odyssey_Charter_School,225,1,4,Odyssey Primary,BasicPreK12Enrollment,57,260,260,260,0,0,0.21923076923076923,Calculator category share,Largest remainder; ties by CalculationUnitSequence,57,57,0,1,0,0,57
86,Odyssey Charter School,585,Odyssey Charter School,Odyssey_Charter_School,225,1,4,Odyssey Primary,Enrollment4_12,0,1319,1319,1319,0,0,0,Calculator category share,Largest remainder; ties by CalculationUnitSequence,0,0,0,2,0,0,0
86,Odyssey Charter School,585,Odyssey Charter School,Odyssey_Charter_School,225,1,4,Odyssey Primary,EnrollmentComplex,5,17,17,17,0,0,0.29411764705882354,Calculator category share,Largest remainder; ties by CalculationUnitSequence,5,5,0,1,0,0,5
86,Odyssey Charter School,585,Odyssey Charter School,Odyssey_Charter_School,225,1,4,Odyssey Primary,EnrollmentIntense,22,56,56,56,0,0,0.39285714285714285,Calculator category share,Largest remainder; ties by CalculationUnitSequence,22,22,0,1,0,0,22
86,Odyssey Charter School,585,Odyssey Charter School,Odyssey_Charter_School,225,1,4,Odyssey Primary,EnrollmentK3,750,750,750,750,0,0,1,Calculator category share,Largest remainder; ties by CalculationUnitSequence,750,750,0,1,0,0,750
86,Odyssey Charter School,585,Odyssey Charter School,Odyssey_Charter_School,225,1,4,Odyssey Primary,UnitsVocational,0,6.24,6.24,6.24,0,0,0,Calculator category share,Full-precision proportional allocation,0,,,,,0,0
86,Odyssey Charter School,585,Odyssey Charter School,Odyssey_Charter_School,225,1,4,Odyssey Primary,UnitsVocationalDeduct,0,-3.12,-3.12,-3.12,0,0,0,Calculator category share,Full-precision proportional allocation,-0,,,,,0,-0
86,Odyssey Charter School,585,Odyssey Charter School,Odyssey_Charter_School,226,2,4,Odyssey Intermediate,BasicPreK12Enrollment,57,260,260,260,0,0,0.21923076923076923,Calculator category share,Largest remainder; ties by CalculationUnitSequence,57,57,0,2,0,0,57
86,Odyssey Charter School,585,Odyssey Charter School,Odyssey_Charter_School,226,2,4,Odyssey Intermediate,Enrollment4_12,349,1319,1319,1319,0,0,0.26459438968915844,Calculator category share,Largest remainder; ties by CalculationUnitSequence,349,349,0,3,0,0,349
86,Odyssey Charter School,585,Odyssey Charter School,Odyssey_Charter_School,226,2,4,Odyssey Intermediate,EnrollmentComplex,5,17,17,17,0,0,0.29411764705882354,Calculator category share,Largest remainder; ties by CalculationUnitSequence,5,5,0,2,0,0,5
86,Odyssey Charter School,585,Odyssey Charter School,Odyssey_Charter_School,226,2,4,Odyssey Intermediate,EnrollmentIntense,9,56,56,56,0,0,0.16071428571428573,Calculator category share,Largest remainder; ties by CalculationUnitSequence,9,9,0,2,0,0,9
86,Odyssey Charter School,585,Odyssey Charter School,Odyssey_Charter_School,226,2,4,Odyssey Intermediate,EnrollmentK3,0,750,750,750,0,0,0,Calculator category share,Largest remainder; ties by CalculationUnitSequence,0,0,0,2,0,0,0
86,Odyssey Charter School,585,Odyssey Charter School,Odyssey_Charter_School,226,2,4,Odyssey Intermediate,UnitsVocational,0,6.24,6.24,6.24,0,0,0,Calculator category share,Full-precision proportional allocation,0,,,,,0,0
86,Odyssey Charter School,585,Odyssey Charter School,Odyssey_Charter_School,226,2,4,Odyssey Intermediate,UnitsVocationalDeduct,0,-3.12,-3.12,-3.12,0,0,0,Calculator category share,Full-precision proportional allocation,-0,,,,,0,-0
86,Odyssey Charter School,585,Odyssey Charter School,Odyssey_Charter_School,227,3,4,Odyssey Middle School,BasicPreK12Enrollment,82,260,260,260,0,0,0.3153846153846154,Calculator category share,Largest remainder; ties by CalculationUnitSequence,82,82,0,3,0,0,82
86,Odyssey Charter School,585,Odyssey Charter School,Odyssey_Charter_School,227,3,4,Odyssey Middle School,Enrollment4_12,581,1319,1319,1319,0,0,0.4404852160727824,Calculator category share,Largest remainder; ties by CalculationUnitSequence,581,581,0,4,0,0,581
86,Odyssey Charter School,585,Odyssey Charter School,Odyssey_Charter_School,227,3,4,Odyssey Middle School,EnrollmentComplex,2,17,17,17,0,0,0.11764705882352941,Calculator category share,Largest remainder; ties by CalculationUnitSequence,2,2,0,3,0,0,2
86,Odyssey Charter School,585,Odyssey Charter School,Odyssey_Charter_School,227,3,4,Odyssey Middle School,EnrollmentIntense,18,56,56,56,0,0,0.32142857142857145,Calculator category share,Largest remainder; ties by CalculationUnitSequence,18,18,0,3,0,0,18
86,Odyssey Charter School,585,Odyssey Charter School,Odyssey_Charter_School,227,3,4,Odyssey Middle School,EnrollmentK3,0,750,750,750,0,0,0,Calculator category share,Largest remainder; ties by CalculationUnitSequence,0,0,0,3,0,0,0
86,Odyssey Charter School,585,Odyssey Charter School,Odyssey_Charter_School,227,3,4,Odyssey Middle School,UnitsVocational,0,6.24,6.24,6.24,0,0,0,Calculator category share,Full-precision proportional allocation,0,,,,,0,0
86,Odyssey Charter School,585,Odyssey Charter School,Odyssey_Charter_School,227,3,4,Odyssey Middle School,UnitsVocationalDeduct,0,-3.12,-3.12,-3.12,0,0,0,Calculator category share,Full-precision proportional allocation,-0,,,,,0,-0
86,Odyssey Charter School,585,Odyssey Charter School,Odyssey_Charter_School,228,4,4,Odyssey High School,BasicPreK12Enrollment,64,260,260,260,0,0,0.24615384615384617,Calculator category share,Largest remainder; ties by CalculationUnitSequence,64,64,0,4,0,0,64
86,Odyssey Charter School,585,Odyssey Charter School,Odyssey_Charter_School,228,4,4,Odyssey High School,Enrollment4_12,389,1319,1319,1319,0,0,0.29492039423805916,Calculator category share,Largest remainder; ties by CalculationUnitSequence,389.00000000000006,389,5.684341886080802e-14,1,0,0,389
86,Odyssey Charter School,585,Odyssey Charter School,Odyssey_Charter_School,228,4,4,Odyssey High School,EnrollmentComplex,5,17,17,17,0,0,0.29411764705882354,Calculator category share,Largest remainder; ties by CalculationUnitSequence,5,5,0,4,0,0,5
86,Odyssey Charter School,585,Odyssey Charter School,Odyssey_Charter_School,228,4,4,Odyssey High School,EnrollmentIntense,7,56,56,56,0,0,0.125,Calculator category share,Largest remainder; ties by CalculationUnitSequence,7,7,0,4,0,0,7
86,Odyssey Charter School,585,Odyssey Charter School,Odyssey_Charter_School,228,4,4,Odyssey High School,EnrollmentK3,0,750,750,750,0,0,0,Calculator category share,Largest remainder; ties by CalculationUnitSequence,0,0,0,4,0,0,0
86,Odyssey Charter School,585,Odyssey Charter School,Odyssey_Charter_School,228,4,4,Odyssey High School,UnitsVocational,6.24,6.24,6.24,6.24,0,0,1,Calculator category share,Full-precision proportional allocation,6.24,,,,,0,6.24
86,Odyssey Charter School,585,Odyssey Charter School,Odyssey_Charter_School,228,4,4,Odyssey High School,UnitsVocationalDeduct,-3.12,-3.12,-3.12,-3.12,0,0,1,Calculator category share,Full-precision proportional allocation,-3.12,,,,,0,-3.12
71,Positive Outcomes Charter School,570,Positive Outcomes Charter School,Positive_Outcomes_Charter_School,232,1,2,Positive Middle School,BasicPreK12Enrollment,7,27,27,27,0,0,0.25925925925925924,Calculator category share,Largest remainder; ties by CalculationUnitSequence,7,7,0,1,0,0,7
71,Positive Outcomes Charter School,570,Positive Outcomes Charter School,Positive_Outcomes_Charter_School,232,1,2,Positive Middle School,Enrollment4_12,15,50,50,50,0,0,0.3,Calculator category share,Largest remainder; ties by CalculationUnitSequence,15,15,0,1,0,0,15
71,Positive Outcomes Charter School,570,Positive Outcomes Charter School,Positive_Outcomes_Charter_School,232,1,2,Positive Middle School,EnrollmentComplex,5,23,23,23,0,0,0.21739130434782608,Calculator category share,Largest remainder; ties by CalculationUnitSequence,5,5,0,1,0,0,5
71,Positive Outcomes Charter School,570,Positive Outcomes Charter School,Positive_Outcomes_Charter_School,232,1,2,Positive Middle School,EnrollmentIntense,5,17,17,17,0,0,0.29411764705882354,Calculator category share,Largest remainder; ties by CalculationUnitSequence,5,5,0,1,0,0,5
71,Positive Outcomes Charter School,570,Positive Outcomes Charter School,Positive_Outcomes_Charter_School,232,1,2,Positive Middle School,EnrollmentK3,0,0,0,0,0,0,0,Shared total is zero,Largest remainder; ties by CalculationUnitSequence,0,0,0,1,0,0,0
71,Positive Outcomes Charter School,570,Positive Outcomes Charter School,Positive_Outcomes_Charter_School,232,1,2,Positive Middle School,UnitsVocational,0,0.64,0.64,0.64,0,0,0,Calculator category share,Full-precision proportional allocation,0,,,,,0,0
71,Positive Outcomes Charter School,570,Positive Outcomes Charter School,Positive_Outcomes_Charter_School,232,1,2,Positive Middle School,UnitsVocationalDeduct,0,-0.32,-0.32,-0.32,0,0,0,Calculator category share,Full-precision proportional allocation,-0,,,,,0,-0
71,Positive Outcomes Charter School,570,Positive Outcomes Charter School,Positive_Outcomes_Charter_School,233,2,2,Postive High School,BasicPreK12Enrollment,20,27,27,27,0,0,0.7407407407407407,Calculator category share,Largest remainder; ties by CalculationUnitSequence,20,20,0,2,0,0,20
71,Positive Outcomes Charter School,570,Positive Outcomes Charter School,Positive_Outcomes_Charter_School,233,2,2,Postive High School,Enrollment4_12,35,50,50,50,0,0,0.7,Calculator category share,Largest remainder; ties by CalculationUnitSequence,35,35,0,2,0,0,35
71,Positive Outcomes Charter School,570,Positive Outcomes Charter School,Positive_Outcomes_Charter_School,233,2,2,Postive High School,EnrollmentComplex,18,23,23,23,0,0,0.782608695652174,Calculator category share,Largest remainder; ties by CalculationUnitSequence,18,18,0,2,0,0,18
71,Positive Outcomes Charter School,570,Positive Outcomes Charter School,Positive_Outcomes_Charter_School,233,2,2,Postive High School,EnrollmentIntense,12,17,17,17,0,0,0.7058823529411765,Calculator category share,Largest remainder; ties by CalculationUnitSequence,12,12,0,2,0,0,12
71,Positive Outcomes Charter School,570,Positive Outcomes Charter School,Positive_Outcomes_Charter_School,233,2,2,Postive High School,EnrollmentK3,0,0,0,0,0,0,0,Shared total is zero,Largest remainder; ties by CalculationUnitSequence,0,0,0,2,0,0,0
71,Positive Outcomes Charter School,570,Positive Outcomes Charter School,Positive_Outcomes_Charter_School,233,2,2,Postive High School,UnitsVocational,0.64,0.64,0.64,0.64,0,0,1,Calculator category share,Full-precision proportional allocation,0.64,,,,,0,0.64
71,Positive Outcomes Charter School,570,Positive Outcomes Charter School,Positive_Outcomes_Charter_School,233,2,2,Postive High School,UnitsVocationalDeduct,-0.32,-0.32,-0.32,-0.32,0,0,1,Calculator category share,Full-precision proportional allocation,-0.32,,,,,0,-0.32
87,Providence Creek Academy Charter School,586,Providence Creek Academy Charter School,Providence_Creek_Academy_Charter_School,235,1,2,Providence Primary,BasicPreK12Enrollment,52,91,91,91,0,0,0.5714285714285714,Calculator category share,Largest remainder; ties by CalculationUnitSequence,52,52,0,1,0,0,52
87,Providence Creek Academy Charter School,586,Providence Creek Academy Charter School,Providence_Creek_Academy_Charter_School,235,1,2,Providence Primary,Enrollment4_12,131,313,313,313,0,0,0.4185303514376997,Calculator category share,Largest remainder; ties by CalculationUnitSequence,131,131,0,1,0,0,131
87,Providence Creek Academy Charter School,586,Providence Creek Academy Charter School,Providence_Creek_Academy_Charter_School,235,1,2,Providence Primary,EnrollmentComplex,6,7,7,7,0,0,0.8571428571428571,Calculator category share,Largest remainder; ties by CalculationUnitSequence,6,6,0,1,0,0,6
87,Providence Creek Academy Charter School,586,Providence Creek Academy Charter School,Providence_Creek_Academy_Charter_School,235,1,2,Providence Primary,EnrollmentIntense,6,14,14,14,0,0,0.42857142857142855,Calculator category share,Largest remainder; ties by CalculationUnitSequence,6,6,0,1,0,0,6
87,Providence Creek Academy Charter School,586,Providence Creek Academy Charter School,Providence_Creek_Academy_Charter_School,235,1,2,Providence Primary,EnrollmentK3,361,361,361,361,0,0,1,Calculator category share,Largest remainder; ties by CalculationUnitSequence,361,361,0,1,0,0,361
87,Providence Creek Academy Charter School,586,Providence Creek Academy Charter School,Providence_Creek_Academy_Charter_School,235,1,2,Providence Primary,UnitsVocational,0,0.34,0.34,0.34,0,0,0,Calculator category share,Full-precision proportional allocation,0,,,,,0,0
87,Providence Creek Academy Charter School,586,Providence Creek Academy Charter School,Providence_Creek_Academy_Charter_School,235,1,2,Providence Primary,UnitsVocationalDeduct,0,-0.17,-0.17,-0.17,0,0,0,Calculator category share,Full-precision proportional allocation,-0,,,,,0,-0
87,Providence Creek Academy Charter School,586,Providence Creek Academy Charter School,Providence_Creek_Academy_Charter_School,236,2,2,Providence Junior High,BasicPreK12Enrollment,39,91,91,91,0,0,0.42857142857142855,Calculator category share,Largest remainder; ties by CalculationUnitSequence,39,39,0,2,0,0,39
87,Providence Creek Academy Charter School,586,Providence Creek Academy Charter School,Providence_Creek_Academy_Charter_School,236,2,2,Providence Junior High,Enrollment4_12,182,313,313,313,0,0,0.5814696485623003,Calculator category share,Largest remainder; ties by CalculationUnitSequence,182,182,0,2,0,0,182
87,Providence Creek Academy Charter School,586,Providence Creek Academy Charter School,Providence_Creek_Academy_Charter_School,236,2,2,Providence Junior High,EnrollmentComplex,1,7,7,7,0,0,0.14285714285714285,Calculator category share,Largest remainder; ties by CalculationUnitSequence,1,1,0,2,0,0,1
87,Providence Creek Academy Charter School,586,Providence Creek Academy Charter School,Providence_Creek_Academy_Charter_School,236,2,2,Providence Junior High,EnrollmentIntense,8,14,14,14,0,0,0.5714285714285714,Calculator category share,Largest remainder; ties by CalculationUnitSequence,8,8,0,2,0,0,8
87,Providence Creek Academy Charter School,586,Providence Creek Academy Charter School,Providence_Creek_Academy_Charter_School,236,2,2,Providence Junior High,EnrollmentK3,0,361,361,361,0,0,0,Calculator category share,Largest remainder; ties by CalculationUnitSequence,0,0,0,2,0,0,0
87,Providence Creek Academy Charter School,586,Providence Creek Academy Charter School,Providence_Creek_Academy_Charter_School,236,2,2,Providence Junior High,UnitsVocational,0.34,0.34,0.34,0.34,0,0,1,Calculator category share,Full-precision proportional allocation,0.34,,,,,0,0.34
87,Providence Creek Academy Charter School,586,Providence Creek Academy Charter School,Providence_Creek_Academy_Charter_School,236,2,2,Providence Junior High,UnitsVocationalDeduct,-0.17,-0.17,-0.17,-0.17,0,0,1,Calculator category share,Full-precision proportional allocation,-0.17,,,,,0,-0.17
77,Sussex Academy,576,Sussex Academy,Sussex_Academy_Charter_School,284,1,3,SAS Primary,BasicPreK12Enrollment,25,93,93,93,0,0,0.26881720430107525,Calculator category share,Largest remainder; ties by CalculationUnitSequence,25,25,0,1,0,0,25
77,Sussex Academy,576,Sussex Academy,Sussex_Academy_Charter_School,284,1,3,SAS Primary,Enrollment4_12,76,913,913,913,0,0,0.0832420591456736,Calculator category share,Largest remainder; ties by CalculationUnitSequence,76,76,0,1,0,0,76
77,Sussex Academy,576,Sussex Academy,Sussex_Academy_Charter_School,284,1,3,SAS Primary,EnrollmentComplex,0,0,0,0,0,0,0,Shared total is zero,Largest remainder; ties by CalculationUnitSequence,0,0,0,1,0,0,0
77,Sussex Academy,576,Sussex Academy,Sussex_Academy_Charter_School,284,1,3,SAS Primary,EnrollmentIntense,3,10,10,10,0,0,0.3,Calculator category share,Largest remainder; ties by CalculationUnitSequence,3,3,0,1,0,0,3
77,Sussex Academy,576,Sussex Academy,Sussex_Academy_Charter_School,284,1,3,SAS Primary,EnrollmentK3,174,174,174,174,0,0,1,Calculator category share,Largest remainder; ties by CalculationUnitSequence,174,174,0,1,0,0,174
77,Sussex Academy,576,Sussex Academy,Sussex_Academy_Charter_School,284,1,3,SAS Primary,UnitsVocational,0,3.0500000000000003,3.05,3.05,-4.440892098500626e-16,0,0,Calculator category share,Full-precision proportional allocation,0,,,,,0,0
77,Sussex Academy,576,Sussex Academy,Sussex_Academy_Charter_School,284,1,3,SAS Primary,UnitsVocationalDeduct,0,-1.53,-1.53,-1.53,0,0,0,Calculator category share,Full-precision proportional allocation,-0,,,,,0,-0
77,Sussex Academy,576,Sussex Academy,Sussex_Academy_Charter_School,285,2,3,SAS Junior High,BasicPreK12Enrollment,37,93,93,93,0,0,0.3978494623655914,Calculator category share,Largest remainder; ties by CalculationUnitSequence,37,37,0,2,0,0,37
77,Sussex Academy,576,Sussex Academy,Sussex_Academy_Charter_School,285,2,3,SAS Junior High,Enrollment4_12,347,913,913,913,0,0,0.380065717415115,Calculator category share,Largest remainder; ties by CalculationUnitSequence,347,347,0,2,0,0,347
77,Sussex Academy,576,Sussex Academy,Sussex_Academy_Charter_School,285,2,3,SAS Junior High,EnrollmentComplex,0,0,0,0,0,0,0,Shared total is zero,Largest remainder; ties by CalculationUnitSequence,0,0,0,2,0,0,0
77,Sussex Academy,576,Sussex Academy,Sussex_Academy_Charter_School,285,2,3,SAS Junior High,EnrollmentIntense,5,10,10,10,0,0,0.5,Calculator category share,Largest remainder; ties by CalculationUnitSequence,5,5,0,2,0,0,5
77,Sussex Academy,576,Sussex Academy,Sussex_Academy_Charter_School,285,2,3,SAS Junior High,EnrollmentK3,0,174,174,174,0,0,0,Calculator category share,Largest remainder; ties by CalculationUnitSequence,0,0,0,2,0,0,0
77,Sussex Academy,576,Sussex Academy,Sussex_Academy_Charter_School,285,2,3,SAS Junior High,UnitsVocational,0.64,3.0500000000000003,3.05,3.05,-4.440892098500626e-16,0,0.2098360655737705,Calculator category share,Full-precision proportional allocation,0.64,,,,,0,0.64
77,Sussex Academy,576,Sussex Academy,Sussex_Academy_Charter_School,285,2,3,SAS Junior High,UnitsVocationalDeduct,-0.32,-1.53,-1.53,-1.53,0,0,0.20915032679738563,Calculator category share,Full-precision proportional allocation,-0.32,,,,,0,-0.32
77,Sussex Academy,576,Sussex Academy,Sussex_Academy_Charter_School,286,3,3,SAS High School,BasicPreK12Enrollment,31,93,93,93,0,0,0.3333333333333333,Calculator category share,Largest remainder; ties by CalculationUnitSequence,31,31,0,3,0,0,31
77,Sussex Academy,576,Sussex Academy,Sussex_Academy_Charter_School,286,3,3,SAS High School,Enrollment4_12,490,913,913,913,0,0,0.5366922234392114,Calculator category share,Largest remainder; ties by CalculationUnitSequence,490,490,0,3,0,0,490
77,Sussex Academy,576,Sussex Academy,Sussex_Academy_Charter_School,286,3,3,SAS High School,EnrollmentComplex,0,0,0,0,0,0,0,Shared total is zero,Largest remainder; ties by CalculationUnitSequence,0,0,0,3,0,0,0
77,Sussex Academy,576,Sussex Academy,Sussex_Academy_Charter_School,286,3,3,SAS High School,EnrollmentIntense,2,10,10,10,0,0,0.2,Calculator category share,Largest remainder; ties by CalculationUnitSequence,2,2,0,3,0,0,2
77,Sussex Academy,576,Sussex Academy,Sussex_Academy_Charter_School,286,3,3,SAS High School,EnrollmentK3,0,174,174,174,0,0,0,Calculator category share,Largest remainder; ties by CalculationUnitSequence,0,0,0,3,0,0,0
77,Sussex Academy,576,Sussex Academy,Sussex_Academy_Charter_School,286,3,3,SAS High School,UnitsVocational,2.41,3.0500000000000003,3.05,3.05,-4.440892098500626e-16,0,0.7901639344262295,Calculator category share,Full-precision proportional allocation,2.4099999999999997,,,,,0,2.4099999999999997
77,Sussex Academy,576,Sussex Academy,Sussex_Academy_Charter_School,286,3,3,SAS High School,UnitsVocationalDeduct,-1.21,-1.53,-1.53,-1.53,0,0,0.7908496732026143,Calculator category share,Full-precision proportional allocation,-1.21,,,,,0,-1.21
9614,Sussex Montessori School,4090,Sussex Montessori School,Sussex_Montessori_School_Charter_School,288,1,1,Sussex_Montessori_School_Charter_School,BasicPreK12Enrollment,11,11,11,11,0,0,1,Calculator category share,Largest remainder; ties by CalculationUnitSequence,11,11,0,1,0,0,11
9614,Sussex Montessori School,4090,Sussex Montessori School,Sussex_Montessori_School_Charter_School,288,1,1,Sussex_Montessori_School_Charter_School,Enrollment4_12,124,124,124,124,0,0,1,Calculator category share,Largest remainder; ties by CalculationUnitSequence,124,124,0,1,0,0,124
9614,Sussex Montessori School,4090,Sussex Montessori School,Sussex_Montessori_School_Charter_School,288,1,1,Sussex_Montessori_School_Charter_School,EnrollmentComplex,13,13,13,13,0,0,1,Calculator category share,Largest remainder; ties by CalculationUnitSequence,13,13,0,1,0,0,13
9614,Sussex Montessori School,4090,Sussex Montessori School,Sussex_Montessori_School_Charter_School,288,1,1,Sussex_Montessori_School_Charter_School,EnrollmentIntense,17,17,17,17,0,0,1,Calculator category share,Largest remainder; ties by CalculationUnitSequence,17,17,0,1,0,0,17
9614,Sussex Montessori School,4090,Sussex Montessori School,Sussex_Montessori_School_Charter_School,288,1,1,Sussex_Montessori_School_Charter_School,EnrollmentK3,227,227,227,227,0,0,1,Calculator category share,Largest remainder; ties by CalculationUnitSequence,227,227,0,1,0,0,227
9614,Sussex Montessori School,4090,Sussex Montessori School,Sussex_Montessori_School_Charter_School,288,1,1,Sussex_Montessori_School_Charter_School,UnitsVocational,0,0,0,0,0,0,0,Shared total is zero,Full-precision proportional allocation,0,,,,,0,0
9614,Sussex Montessori School,4090,Sussex Montessori School,Sussex_Montessori_School_Charter_School,288,1,1,Sussex_Montessori_School_Charter_School,UnitsVocationalDeduct,0,0,0,0,0,0,0,Shared total is zero,Full-precision proportional allocation,0,,,,,0,0
