SchoolYear,CountDate,DistrictCode,DistrictName,LEAType,IncludeInStatewide,OperationalEnrollmentBasis,CharterBuildingPolicy,SchoolCalculationUnitCount,ProposedPrincipalPositions,BaseFundingAmount,OpportunityFundingAmount,OperationalFundingAmount,CentralOfficeFundingAmount,TotalModeledFundingAmount,ComponentsMissingInput,ComponentsMissingRate,OverallComplete
2026,2025-09-30,69,ASPIRA Delaware,Charter,TRUE,total,Districts use one school code per calculation unit; charters use calculator building rows and retain the shared charter totals; student enrollment categories use largest remainder,3,3,14050841.48203195,2489372.724903374,3197301.2578419675,750391.395556,20487906.86033329,0,0,TRUE
2026,2025-09-30,9605,Academia Antonia Alonso,Charter,TRUE,total,Districts use one school code per calculation unit; charters use calculator building rows and retain the shared charter totals; student enrollment categories use largest remainder,2,2,7342041.272856465,2165174.311052054,2173093.0870374185,702304.356742,12382613.027687935,0,0,TRUE
2026,2025-09-30,85,Academy of Dover Charter School,Charter,TRUE,total,Districts use one school code per calculation unit; charters use calculator building rows and retain the shared charter totals; student enrollment categories use largest remainder,2,2,4517870.755730227,733807.2623065265,971935.9057135931,677131.1102286667,6900745.033979014,0,0,TRUE
2026,2025-09-30,29,Appoquinimink School District,District,TRUE,total,Districts use one school code per calculation unit; charters use calculator building rows and retain the shared charter totals; student enrollment categories use largest remainder,21,21,132817580.58666119,6033485.141790862,18963848.065380607,3104599.9560406664,160919513.74987328,0,0,TRUE
2026,2025-09-30,31,Brandywine School District,District,TRUE,total,Districts use one school code per calculation unit; charters use calculator building rows and retain the shared charter totals; student enrollment categories use largest remainder,16,16,112399162.47785752,9960756.883787226,19228816.615843203,2811444.1630066666,144400180.14049464,0,0,TRUE
2026,2025-09-30,9615,Bryan Allen Stevenson School of Excellence,Charter,TRUE,total,Districts use one school code per calculation unit; charters use calculator building rows and retain the shared charter totals; student enrollment categories use largest remainder,1,1,1390826.9453296703,140585.7732964355,254910.5672200557,652978.0852340001,2439301.3710801615,0,0,TRUE
2026,2025-09-30,10,Caesar Rodney School District,District,TRUE,total,Districts use one school code per calculation unit; charters use calculator building rows and retain the shared charter totals; student enrollment categories use largest remainder,12,12,82132208.15991896,7792291.846257094,14616508.229253711,2430516.934872,106971525.17030177,0,0,TRUE
2026,2025-09-30,74,Campus Community School,Charter,TRUE,total,Districts use one school code per calculation unit; charters use calculator building rows and retain the shared charter totals; student enrollment categories use largest remainder,2,2,3625803.1714896215,579464.767793474,762261.8899430934,670768.7997333334,5638298.628959522,0,0,TRUE
2026,2025-09-30,17,Cape Henlopen School District,District,TRUE,total,Districts use one school code per calculation unit; charters use calculator building rows and retain the shared charter totals; student enrollment categories use largest remainder,10,10,73794120.60380447,5179504.507273709,11714056.993898679,2027341.2186166667,92715023.32359353,0,0,TRUE
2026,2025-09-30,13,Capital School District,District,TRUE,total,Districts use one school code per calculation unit; charters use calculator building rows and retain the shared charter totals; student enrollment categories use largest remainder,14,14,73160670.77984262,10563355.706144614,15368517.15081868,2015732.93711,101108276.57391594,0,0,TRUE
2026,2025-09-30,80,Charter School of New Castle,Charter,TRUE,total,Districts use one school code per calculation unit; charters use calculator building rows and retain the shared charter totals; student enrollment categories use largest remainder,2,2,6426904.9860331025,1251317.3000165313,1493553.6408549894,693862.469462,9865638.396366622,0,0,TRUE
2026,2025-09-30,70,Charter School of Wilmington,Charter,TRUE,total,Districts use one school code per calculation unit; charters use calculator building rows and retain the shared charter totals; student enrollment categories use largest remainder,1,1,6356805.839010989,102829.01686377788,730999.2732085584,697149.010896,7887783.139979324,0,0,TRUE
2026,2025-09-30,33,Christina School District,District,TRUE,total,Districts use one school code per calculation unit; charters use calculator building rows and retain the shared charter totals; student enrollment categories use largest remainder,29,29,169713753.5921772,19227145.738396134,32169492.60001741,3317336.0668220003,224427727.99741277,0,0,TRUE
2026,2025-09-30,34,Colonial School District,District,TRUE,total,Districts use one school code per calculation unit; charters use calculator building rows and retain the shared charter totals; student enrollment categories use largest remainder,14,14,97460174.73329706,11620297.463215565,18855046.359739,2691201.5068953335,130626720.06314692,0,0,TRUE
2026,2025-09-30,79,Delaware Military Academy,Charter,TRUE,total,Districts use one school code per calculation unit; charters use calculator building rows and retain the shared charter totals; student enrollment categories use largest remainder,1,1,4183739.2785714283,247645.72420345354,607589.931161368,677239.5859606668,5716214.519896917,0,0,TRUE
2026,2025-09-30,37,Delmar School District,District,TRUE,total,Districts use one school code per calculation unit; charters use calculator building rows and retain the shared charter totals; student enrollment categories use largest remainder,2,2,12301685.419102564,840619.7901700803,1982137.6442805282,740432.2203759999,15864875.073929172,0,0,TRUE
2026,2025-09-30,14,Dover Air Force Base,Dover Air Force Base,FALSE,total,Districts use one school code per calculation unit; charters use calculator building rows and retain the shared charter totals; student enrollment categories use largest remainder,3,3,4681996.33850529,92090.85677742571,565879.3609131603,678182.226804,6018148.782999876,0,0,TRUE
2026,2025-09-30,9604,Early College High School at Del State,Charter,TRUE,total,Districts use one school code per calculation unit; charters use calculator building rows and retain the shared charter totals; student enrollment categories use largest remainder,1,1,4523063.0688644685,660817.4644845475,1005050.8812359334,679736.5885693333,6868668.003154283,0,0,TRUE
2026,2025-09-30,72,East Side Charter School,Charter,TRUE,total,Districts use one school code per calculation unit; charters use calculator building rows and retain the shared charter totals; student enrollment categories use largest remainder,2,2,4360699.922790327,1101552.1318075687,1196120.0653218995,676150.022308,7334522.142227795,0,0,TRUE
2026,2025-09-30,76,Edison (Thomas A.) Charter School,Charter,TRUE,total,Districts use one school code per calculation unit; charters use calculator building rows and retain the shared charter totals; student enrollment categories use largest remainder,3,3,5250060.337513568,1368472.111096894,1451518.095380851,682563.1379033333,8752613.681894645,0,0,TRUE
2026,2025-09-30,9607,First State Military Academy,Charter,TRUE,total,Districts use one school code per calculation unit; charters use calculator building rows and retain the shared charter totals; student enrollment categories use largest remainder,1,1,3800603.869505495,286590.11124473996,630663.1722024491,672460.4726613334,5390317.625614016,0,0,TRUE
2026,2025-09-30,9606,First State Montessori Academy,Charter,TRUE,total,Districts use one school code per calculation unit; charters use calculator building rows and retain the shared charter totals; student enrollment categories use largest remainder,2,2,5733969.705306268,218425.0627703155,740131.0770572117,687298.311656,7379824.1567897955,0,0,TRUE
2026,2025-09-30,9612,Freire Charter School Wilmington,Charter,TRUE,total,Districts use one school code per calculation unit; charters use calculator building rows and retain the shared charter totals; student enrollment categories use largest remainder,1,1,3847609.7519688644,632066.9068339918,882242.7433567148,671902.9895599999,6033822.391719571,0,0,TRUE
2026,2025-09-30,92,Gateway Charter School,Charter,TRUE,total,Districts use one school code per calculation unit; charters use calculator building rows and retain the shared charter totals; student enrollment categories use largest remainder,2,2,2822917.0850071223,336643.7929375751,546315.8523121311,662644.787698,4368521.517954828,0,0,TRUE
2026,2025-09-30,9611,Great Oaks Charter School,Charter,TRUE,total,Districts use one school code per calculation unit; charters use calculator building rows and retain the shared charter totals; student enrollment categories use largest remainder,1,1,1889401.1868131869,302227.24759168597,449132.01099754963,656673.1273340001,3297433.572736422,0,0,TRUE
2026,2025-09-30,36,Indian River School District,District,TRUE,total,Districts use one school code per calculation unit; charters use calculator building rows and retain the shared charter totals; student enrollment categories use largest remainder,15,15,112434381.90778723,14681365.87234763,22372058.244851608,2821594.2003719998,152309400.22535843,0,0,TRUE
2026,2025-09-30,82,Kuumba Academy Charter School,Charter,TRUE,total,Districts use one school code per calculation unit; charters use calculator building rows and retain the shared charter totals; student enrollment categories use largest remainder,2,2,5135198.82685694,1147003.7448919672,1295773.7183535541,682202.6962173333,8260178.986319794,0,0,TRUE
2026,2025-09-30,15,Lake Forest School District,District,TRUE,total,Districts use one school code per calculation unit; charters use calculator building rows and retain the shared charter totals; student enrollment categories use largest remainder,7,7,38022276.598761015,4335346.5675820885,7160276.645499301,1096577.538404,50614477.350246415,0,0,TRUE
2026,2025-09-30,16,Laurel School District,District,TRUE,total,Districts use one school code per calculation unit; charters use calculator building rows and retain the shared charter totals; student enrollment categories use largest remainder,4,4,24293194.16420364,4574579.908307755,5716167.98526967,827779.2530033333,35411721.3107844,0,0,TRUE
2026,2025-09-30,88,MOT Charter School,Charter,TRUE,total,Districts use one school code per calculation unit; charters use calculator building rows and retain the shared charter totals; student enrollment categories use largest remainder,3,3,11737509.983456451,405872.7604988961,1550586.7930058308,735631.137274,14429600.674235178,0,0,TRUE
2026,2025-09-30,18,Milford School District,District,TRUE,total,Districts use one school code per calculation unit; charters use calculator building rows and retain the shared charter totals; student enrollment categories use largest remainder,7,7,42153676.17764516,7015754.624344275,9304901.902745187,1468431.9029253332,59942764.60765995,0,0,TRUE
2026,2025-09-30,38,New Castle County Vocational-Technical School District,District,TRUE,total,Districts use one school code per calculation unit; charters use calculator building rows and retain the shared charter totals; student enrollment categories use largest remainder,5,5,49643315.19091575,5084741.481626869,10939576.035460593,1520255.1772446665,67187887.88524787,0,0,TRUE
2026,2025-09-30,89,Newark Charter School,Charter,TRUE,total,Districts use one school code per calculation unit; charters use calculator building rows and retain the shared charter totals; student enrollment categories use largest remainder,4,4,26526651.706538126,1153535.7132394256,3636082.807893624,1019896.832998,32336167.060669176,0,0,TRUE
2026,2025-09-30,86,Odyssey Charter School,Charter,TRUE,total,Districts use one school code per calculation unit; charters use calculator building rows and retain the shared charter totals; student enrollment categories use largest remainder,4,4,20489873.47375559,2445603.5885145324,3842230.8424627753,805065.248382,27582773.153114904,0,0,TRUE
2026,2025-09-30,39,Polytech School District,District,TRUE,total,Districts use one school code per calculation unit; charters use calculator building rows and retain the shared charter totals; student enrollment categories use largest remainder,1,1,12421127.914780222,727201.0670460289,2398885.874014082,737269.2589446666,16284484.114784997,0,0,TRUE
2026,2025-09-30,71,Positive Outcomes Charter School,Charter,TRUE,total,Districts use one school code per calculation unit; charters use calculator building rows and retain the shared charter totals; student enrollment categories use largest remainder,2,2,2338905.0074908426,200412.66520611185,404496.66371596546,658301.6371713333,3602115.973584254,0,0,TRUE
2026,2025-09-30,87,Providence Creek Academy Charter School,Charter,TRUE,total,Districts use one school code per calculation unit; charters use calculator building rows and retain the shared charter totals; student enrollment categories use largest remainder,2,2,6777606.808755936,450087.2583659729,1019756.0102092983,696693.8246433333,8944143.90197454,0,0,TRUE
2026,2025-09-30,32,Red Clay Consolidated School District,District,TRUE,total,Districts use one school code per calculation unit; charters use calculator building rows and retain the shared charter totals; student enrollment categories use largest remainder,27,27,157460815.80112165,19133743.539488353,30391991.855505448,3272010.353521333,210258561.54963672,0,0,TRUE
2026,2025-09-30,23,Seaford School District,District,TRUE,total,Districts use one school code per calculation unit; charters use calculator building rows and retain the shared charter totals; student enrollment categories use largest remainder,8,8,36078321.419867724,7087556.791557625,8608187.515872322,1082385.748162,52856451.47545967,0,0,TRUE
2026,2025-09-30,24,Smyrna School District,District,TRUE,total,Districts use one school code per calculation unit; charters use calculator building rows and retain the shared charter totals; student enrollment categories use largest remainder,8,8,60193321.964737155,4574975.785177298,9759314.761164112,1763756.6361346666,76291369.14721325,0,0,TRUE
2026,2025-09-30,77,Sussex Academy,Charter,TRUE,total,Districts use one school code per calculation unit; charters use calculator building rows and retain the shared charter totals; student enrollment categories use largest remainder,3,3,9011077.547076719,377542.82202222967,1218770.8385692704,715962.6932366666,11323353.90090489,0,0,TRUE
2026,2025-09-30,9614,Sussex Montessori School,Charter,TRUE,total,Districts use one school code per calculation unit; charters use calculator building rows and retain the shared charter totals; student enrollment categories use largest remainder,1,1,3755428.9564373903,502392.4897543335,703945.0856498261,671623.5614300001,5633390.09327155,0,0,TRUE
2026,2025-09-30,40,Sussex Technical School District,District,TRUE,total,Districts use one school code per calculation unit; charters use calculator building rows and retain the shared charter totals; student enrollment categories use largest remainder,1,1,13808166.958809525,1265222.4750592266,2939953.3764274316,746918.1109593334,18760260.921255514,0,0,TRUE
2026,2025-09-30,35,Woodbridge School District,District,TRUE,total,Districts use one school code per calculation unit; charters use calculator building rows and retain the shared charter totals; student enrollment categories use largest remainder,4,4,27386592.848683696,4002612.0587312495,5772599.933252541,1016660.410282,38178465.2509495,0,0,TRUE
