SchoolYear,CountDate,DistrictCode,DistrictName,LEAType,IncludeInStatewide,SchoolCode,SchoolName,IsSchool,OperationalEnrollmentBasis,CharterBuildingPolicy,BaseCalculationUnitCount,ProposedPrincipalPositions,BaseFundingAmount,OpportunityFundingAmount,OperationalFundingAmount,TotalModeledFundingAmount,ComponentsMissingInput,ComponentsMissingRate,OverallComplete
2026,2025-09-30,69,ASPIRA Delaware,Charter,TRUE,568,ASPIRA Academy,TRUE,total,Districts use one school code per calculation unit; charters use calculator building rows and retain the shared charter totals; student enrollment categories use largest remainder,3,3,14050841.48203195,2489372.724903374,3197301.2578419675,19737515.46477729,0,0,TRUE
2026,2025-09-30,9605,Academia Antonia Alonso,Charter,TRUE,4045,Academia Antonia Alonso,TRUE,total,Districts use one school code per calculation unit; charters use calculator building rows and retain the shared charter totals; student enrollment categories use largest remainder,2,2,7342041.272856465,2165174.311052054,2173093.0870374185,11680308.670945937,0,0,TRUE
2026,2025-09-30,85,Academy of Dover Charter School,Charter,TRUE,584,Academy Of Dover Charter School,TRUE,total,Districts use one school code per calculation unit; charters use calculator building rows and retain the shared charter totals; student enrollment categories use largest remainder,2,2,4517870.755730227,733807.2623065265,971935.9057135931,6223613.9237503465,0,0,TRUE
2026,2025-09-30,29,Appoquinimink School District,District,TRUE,24,Appoquinimink High School,TRUE,total,Districts use one school code per calculation unit; charters use calculator building rows and retain the shared charter totals; student enrollment categories use largest remainder,1,1,13836370.488287546,621551.4274867575,2060976.6340913204,16518898.549865624,0,0,TRUE
2026,2025-09-30,29,Appoquinimink School District,District,TRUE,13,Appoquinimink PreSchool Center,TRUE,total,Districts use one school code per calculation unit; charters use calculator building rows and retain the shared charter totals; student enrollment categories use largest remainder,1,1,3711088.143315018,70144.43282213915,516141.90258446377,4297374.478721621,0,0,TRUE
2026,2025-09-30,29,Appoquinimink School District,District,TRUE,36,Brick Mill Early Childhood Center,TRUE,total,Districts use one school code per calculation unit; charters use calculator building rows and retain the shared charter totals; student enrollment categories use largest remainder,1,1,4515475.159645909,178515.72585951813,621173.895605272,5315164.781110699,0,0,TRUE
2026,2025-09-30,29,Appoquinimink School District,District,TRUE,21,Brick Mill Elementary School,TRUE,total,Districts use one school code per calculation unit; charters use calculator building rows and retain the shared charter totals; student enrollment categories use largest remainder,1,1,5308269.848546669,378087.1527178513,818108.8825192875,6504465.883783808,0,0,TRUE
2026,2025-09-30,29,Appoquinimink School District,District,TRUE,28,Bunker Hill Elementary School,TRUE,total,Districts use one school code per calculation unit; charters use calculator building rows and retain the shared charter totals; student enrollment categories use largest remainder,1,1,5941955.879760209,415002.67080273014,892658.1993477943,7249616.749910734,0,0,TRUE
2026,2025-09-30,29,Appoquinimink School District,District,TRUE,33,Cantwells Bridge Middle School,TRUE,total,Districts use one school code per calculation unit; charters use calculator building rows and retain the shared charter totals; student enrollment categories use largest remainder,1,1,8133767.336300367,321427.2757645184,1088033.3051773424,9543227.917242227,0,0,TRUE
2026,2025-09-30,29,Appoquinimink School District,District,TRUE,22,Cedar Lane Early Childhood Center,TRUE,total,Districts use one school code per calculation unit; charters use calculator building rows and retain the shared charter totals; student enrollment categories use largest remainder,1,1,2722726.6132342964,114507.38451529451,331182.2527459953,3168416.2504955865,0,0,TRUE
2026,2025-09-30,29,Appoquinimink School District,District,TRUE,11,Cedar Lane Elementary School,TRUE,total,Districts use one school code per calculation unit; charters use calculator building rows and retain the shared charter totals; student enrollment categories use largest remainder,1,1,6165960.471031746,163893.02399077592,746793.0691887913,7076646.564211314,0,0,TRUE
2026,2025-09-30,29,Appoquinimink School District,District,TRUE,37,Crystal Run Elementary School,TRUE,total,Districts use one school code per calculation unit; charters use calculator building rows and retain the shared charter totals; student enrollment categories use largest remainder,1,1,4458015.274535341,138433.19281829576,553059.0882501934,5149507.555603831,0,0,TRUE
2026,2025-09-30,29,Appoquinimink School District,District,TRUE,35,Lorewood Grove Elementary School,TRUE,total,Districts use one school code per calculation unit; charters use calculator building rows and retain the shared charter totals; student enrollment categories use largest remainder,1,1,6107310.943372677,246260.15516005323,807807.1678572837,7161378.266390014,0,0,TRUE
2026,2025-09-30,29,Appoquinimink School District,District,TRUE,20,Loss (Olive B.) Elementary School,TRUE,total,Districts use one school code per calculation unit; charters use calculator building rows and retain the shared charter totals; student enrollment categories use largest remainder,1,1,4358221.066729412,247695.2088121464,597158.226408992,5203074.501950551,0,0,TRUE
2026,2025-09-30,29,Appoquinimink School District,District,TRUE,17,Meredith (Everett) Middle School,TRUE,total,Districts use one school code per calculation unit; charters use calculator building rows and retain the shared charter totals; student enrollment categories use largest remainder,1,1,7250434.498690475,391324.2855431933,1182812.3298200364,8824571.114053706,0,0,TRUE
2026,2025-09-30,29,Appoquinimink School District,District,TRUE,18,Middletown High School,TRUE,total,Districts use one school code per calculation unit; charters use calculator building rows and retain the shared charter totals; student enrollment categories use largest remainder,1,1,12859171.703223443,532627.5856656753,1902518.7139275025,15294318.00281662,0,0,TRUE
2026,2025-09-30,29,Appoquinimink School District,District,TRUE,34,Odessa High School,TRUE,total,Districts use one school code per calculation unit; charters use calculator building rows and retain the shared charter totals; student enrollment categories use largest remainder,1,1,11430291.145549448,398252.1307601946,1633260.4904826053,13461803.76679225,0,0,TRUE
2026,2025-09-30,29,Appoquinimink School District,District,TRUE,32,Old State Elementary School,TRUE,total,Districts use one school code per calculation unit; charters use calculator building rows and retain the shared charter totals; student enrollment categories use largest remainder,1,1,7411918.648472052,281468.4542450282,963844.0225879183,8657231.125304999,0,0,TRUE
2026,2025-09-30,29,Appoquinimink School District,District,TRUE,16,Redding (Louis L.) Middle School,TRUE,total,Districts use one school code per calculation unit; charters use calculator building rows and retain the shared charter totals; student enrollment categories use largest remainder,1,1,6010242.262152014,458252.218800296,1024565.643553073,7493060.124505384,0,0,TRUE
2026,2025-09-30,29,Appoquinimink School District,District,TRUE,10,Silver Lake Elementary School,TRUE,total,Districts use one school code per calculation unit; charters use calculator building rows and retain the shared charter totals; student enrollment categories use largest remainder,1,1,4795596.225054266,415126.38232446235,768338.926667998,5979061.534046725,0,0,TRUE
2026,2025-09-30,29,Appoquinimink School District,District,TRUE,29,Spring Meadow Early Childhood Center,TRUE,total,Districts use one school code per calculation unit; charters use calculator building rows and retain the shared charter totals; student enrollment categories use largest remainder,1,1,2822571.0770621356,99488.80577700934,351899.4233990786,3273959.306238224,0,0,TRUE
2026,2025-09-30,29,Appoquinimink School District,District,TRUE,27,Townsend Early Childhood Center,TRUE,total,Districts use one school code per calculation unit; charters use calculator building rows and retain the shared charter totals; student enrollment categories use largest remainder,1,1,2383941.075820784,134796.07407937004,326762.5896733375,2845499.7395734913,0,0,TRUE
2026,2025-09-30,29,Appoquinimink School District,District,TRUE,14,Townsend Elementary School,TRUE,total,Districts use one school code per calculation unit; charters use calculator building rows and retain the shared charter totals; student enrollment categories use largest remainder,1,1,3952882.616252883,188833.26677198097,528637.2000214999,4670353.083046364,0,0,TRUE
2026,2025-09-30,29,Appoquinimink School District,District,TRUE,23,Waters (Alfred G.) Middle School,TRUE,total,Districts use one school code per calculation unit; charters use calculator building rows and retain the shared charter totals; student enrollment categories use largest remainder,1,1,8641370.109624542,237798.28707357298,1248116.1014708146,10127284.49816893,0,0,TRUE
2026,2025-09-30,31,Brandywine School District,District,TRUE,190,Brandywine High School,TRUE,total,Districts use one school code per calculation unit; charters use calculator building rows and retain the shared charter totals; student enrollment categories use largest remainder,1,1,8512718.59400183,816001.1973453789,1540285.078343827,10869004.869691035,0,0,TRUE
2026,2025-09-30,31,Brandywine School District,District,TRUE,510,Bush (Charles W.) Pre-School,TRUE,total,Districts use one school code per calculation unit; charters use calculator building rows and retain the shared charter totals; student enrollment categories use largest remainder,1,1,8032715.827838828,257196.25368117687,1171551.9382415372,9461464.019761542,0,0,TRUE
2026,2025-09-30,31,Brandywine School District,District,TRUE,112,Carrcroft Elementary School,TRUE,total,Districts use one school code per calculation unit; charters use calculator building rows and retain the shared charter totals; student enrollment categories use largest remainder,1,1,4505762.995889297,543489.4572737595,824657.1333217914,5873909.5864848485,0,0,TRUE
2026,2025-09-30,31,Brandywine School District,District,TRUE,151,Claymont Elementary School,TRUE,total,Districts use one school code per calculation unit; charters use calculator building rows and retain the shared charter totals; student enrollment categories use largest remainder,1,1,10127611.02142179,1265271.9596679194,1904484.8140443834,13297367.795134092,0,0,TRUE
2026,2025-09-30,31,Brandywine School District,District,TRUE,194,Concord High School,TRUE,total,Districts use one school code per calculation unit; charters use calculator building rows and retain the shared charter totals; student enrollment categories use largest remainder,1,1,10527079.037536629,758153.6897834173,1714244.3167845407,12999477.044104585,0,0,TRUE
2026,2025-09-30,31,Brandywine School District,District,TRUE,124,Forwood Elementary School,TRUE,total,Districts use one school code per calculation unit; charters use calculator building rows and retain the shared charter totals; student enrollment categories use largest remainder,1,1,4858393.749745625,330012.8553727309,748807.9155895617,5937214.5207079165,0,0,TRUE
2026,2025-09-30,31,Brandywine School District,District,TRUE,110,Hanby Elementary School,TRUE,total,Districts use one school code per calculation unit; charters use calculator building rows and retain the shared charter totals; student enrollment categories use largest remainder,1,1,5283519.882890721,349757.2142411849,784132.7226482308,6417409.819780136,0,0,TRUE
2026,2025-09-30,31,Brandywine School District,District,TRUE,156,Harlan (David W. ) Elementary School,TRUE,total,Districts use one school code per calculation unit; charters use calculator building rows and retain the shared charter totals; student enrollment categories use largest remainder,1,1,5494709.56955976,563654.435316103,977671.7184512703,7036035.723327134,0,0,TRUE
2026,2025-09-30,31,Brandywine School District,District,TRUE,128,Lancashire Elementary School,TRUE,total,Districts use one school code per calculation unit; charters use calculator building rows and retain the shared charter totals; student enrollment categories use largest remainder,1,1,4821835.11912054,348619.0682412489,729146.9144207533,5899601.101782542,0,0,TRUE
2026,2025-09-30,31,Brandywine School District,District,TRUE,130,Lombardy Elementary School,TRUE,total,Districts use one school code per calculation unit; charters use calculator building rows and retain the shared charter totals; student enrollment categories use largest remainder,1,1,4766062.936238299,364850.0198925093,748742.9205443757,5879655.876675185,0,0,TRUE
2026,2025-09-30,31,Brandywine School District,District,TRUE,132,Maple Lane Elementary School,TRUE,total,Districts use one school code per calculation unit; charters use calculator building rows and retain the shared charter totals; student enrollment categories use largest remainder,1,1,4651444.702148623,459142.9417567676,801990.111313124,5912577.755218513,0,0,TRUE
2026,2025-09-30,31,Brandywine School District,District,TRUE,176,Mount Pleasant Elementary School,TRUE,total,Districts use one school code per calculation unit; charters use calculator building rows and retain the shared charter totals; student enrollment categories use largest remainder,1,1,6715016.892463709,731728.9087414262,1181252.4487355691,8627998.249940703,0,0,TRUE
2026,2025-09-30,31,Brandywine School District,District,TRUE,196,Mount Pleasant High School,TRUE,total,Districts use one school code per calculation unit; charters use calculator building rows and retain the shared charter totals; student enrollment categories use largest remainder,1,1,10167031.39495421,900817.8166449531,1772869.847542442,12840719.059141602,0,0,TRUE
2026,2025-09-30,31,Brandywine School District,District,TRUE,178,Springer Middle School,TRUE,total,Districts use one school code per calculation unit; charters use calculator building rows and retain the shared charter totals; student enrollment categories use largest remainder,1,1,8206104.954130037,658961.7916585649,1417395.6966581256,10282462.442446725,0,0,TRUE
2026,2025-09-30,31,Brandywine School District,District,TRUE,180,Talley Middle School,TRUE,total,Districts use one school code per calculation unit; charters use calculator building rows and retain the shared charter totals; student enrollment categories use largest remainder,1,1,9017452.054450547,935704.4657734245,1680609.3809007113,11633765.901124682,0,0,TRUE
2026,2025-09-30,31,Brandywine School District,District,TRUE,170,duPont (Pierre S.) Middle School,TRUE,total,Districts use one school code per calculation unit; charters use calculator building rows and retain the shared charter totals; student enrollment categories use largest remainder,1,1,6711703.745467033,677394.808396658,1230973.6583029688,8620072.212166661,0,0,TRUE
2026,2025-09-30,9615,Bryan Allen Stevenson School of Excellence,Charter,TRUE,4110,Bryan Allen Stevenson School of Excellence,TRUE,total,Districts use one school code per calculation unit; charters use calculator building rows and retain the shared charter totals; student enrollment categories use largest remainder,1,1,1390826.9453296703,140585.7732964355,254910.5672200557,1786323.2858461614,0,0,TRUE
2026,2025-09-30,10,Caesar Rodney School District,District,TRUE,610,Allen Frear Elementary School,TRUE,total,Districts use one school code per calculation unit; charters use calculator building rows and retain the shared charter totals; student enrollment categories use largest remainder,1,1,4174789.206132139,388825.3128042035,669237.7315204253,5232852.250456768,0,0,TRUE
2026,2025-09-30,10,Caesar Rodney School District,District,TRUE,626,Caesar Rodney High School,TRUE,total,Districts use one school code per calculation unit; charters use calculator building rows and retain the shared charter totals; student enrollment categories use largest remainder,1,1,19270775.86100733,1940835.8375429418,3531083.312395409,24742695.01094568,0,0,TRUE
2026,2025-09-30,10,Caesar Rodney School District,District,TRUE,623,David E. Robinson Elementary School,TRUE,total,Districts use one school code per calculation unit; charters use calculator building rows and retain the shared charter totals; student enrollment categories use largest remainder,1,1,4207060.323007394,593345.2005318232,843684.4328000349,5644089.956339252,0,0,TRUE
2026,2025-09-30,10,Caesar Rodney School District,District,TRUE,,Dover AFB Choice,FALSE,total,Districts use one school code per calculation unit; charters use calculator building rows and retain the shared charter totals; student enrollment categories use largest remainder,0,0,10577.05,0,0,10577.05,0,0,TRUE
2026,2025-09-30,10,Caesar Rodney School District,District,TRUE,,Dover Air Force Base Middle School,FALSE,total,Districts use one school code per calculation unit; charters use calculator building rows and retain the shared charter totals; student enrollment categories use largest remainder,0,0,22115.649999999998,0,0,22115.649999999998,0,0,TRUE
2026,2025-09-30,10,Caesar Rodney School District,District,TRUE,621,F. Niel Postlethwait Middle School,TRUE,total,Districts use one school code per calculation unit; charters use calculator building rows and retain the shared charter totals; student enrollment categories use largest remainder,1,1,7181171.1992399255,724504.1558722676,1333535.8396067037,9239211.194718897,0,0,TRUE
2026,2025-09-30,10,Caesar Rodney School District,District,TRUE,625,Fred Fifer III Middle School,TRUE,total,Districts use one school code per calculation unit; charters use calculator building rows and retain the shared charter totals; student enrollment categories use largest remainder,1,1,7186971.494258241,776339.283478046,1384410.7112261576,9347721.488962445,0,0,TRUE
2026,2025-09-30,10,Caesar Rodney School District,District,TRUE,611,J. Ralph McIlvaine Early Childhood Center,TRUE,total,Districts use one school code per calculation unit; charters use calculator building rows and retain the shared charter totals; student enrollment categories use largest remainder,1,1,4155988.953398453,516520.345536147,726709.600226273,5399218.899160873,0,0,TRUE
2026,2025-09-30,10,Caesar Rodney School District,District,TRUE,630,John S. Charlton School,TRUE,total,Districts use one school code per calculation unit; charters use calculator building rows and retain the shared charter totals; student enrollment categories use largest remainder,1,1,15847674.684669651,327216.9749815839,2304903.0386749185,18479794.698326156,0,0,TRUE
2026,2025-09-30,10,Caesar Rodney School District,District,TRUE,613,Magnolia Middle School,TRUE,total,Districts use one school code per calculation unit; charters use calculator building rows and retain the shared charter totals; student enrollment categories use largest remainder,1,1,3989320.03235348,390854.181760611,727505.7895298031,5107680.003643895,0,0,TRUE
2026,2025-09-30,10,Caesar Rodney School District,District,TRUE,616,Nellie Hughes Stokes Elementary School,TRUE,total,Districts use one school code per calculation unit; charters use calculator building rows and retain the shared charter totals; student enrollment categories use largest remainder,1,1,3930701.708433388,460701.7069305929,704188.8170692741,5095592.232433255,0,0,TRUE
2026,2025-09-30,10,Caesar Rodney School District,District,TRUE,618,Star Hill Elementary School,TRUE,total,Districts use one school code per calculation unit; charters use calculator building rows and retain the shared charter totals; student enrollment categories use largest remainder,1,1,3936976.960363248,531019.3358831571,798431.6325891825,5266427.9288355885,0,0,TRUE
2026,2025-09-30,10,Caesar Rodney School District,District,TRUE,620,W. B. Simpson Elementary School,TRUE,total,Districts use one school code per calculation unit; charters use calculator building rows and retain the shared charter totals; student enrollment categories use largest remainder,1,1,3833640.0780575904,420742.88541110273,666962.9049389103,4921345.868407603,0,0,TRUE
2026,2025-09-30,10,Caesar Rodney School District,District,TRUE,622,W. Reily Brown Elementary School,TRUE,total,Districts use one school code per calculation unit; charters use calculator building rows and retain the shared charter totals; student enrollment categories use largest remainder,1,1,4384444.9589981,721386.6255246169,925854.4186766172,6031686.003199334,0,0,TRUE
2026,2025-09-30,74,Campus Community School,Charter,TRUE,573,Campus Community School,TRUE,total,Districts use one school code per calculation unit; charters use calculator building rows and retain the shared charter totals; student enrollment categories use largest remainder,2,2,3625803.1714896215,579464.767793474,762261.8899430934,4967529.829226189,0,0,TRUE
2026,2025-09-30,17,Cape Henlopen School District,District,TRUE,724,Beacon Middle School,TRUE,total,Districts use one school code per calculation unit; charters use calculator building rows and retain the shared charter totals; student enrollment categories use largest remainder,1,1,4198948.851053113,331027.2898509346,746289.3575885986,5276265.498492646,0,0,TRUE
2026,2025-09-30,17,Cape Henlopen School District,District,TRUE,726,Cape Henlopen High School,TRUE,total,Districts use one school code per calculation unit; charters use calculator building rows and retain the shared charter totals; student enrollment categories use largest remainder,1,1,16338146.08617216,1348950.4329675578,2774281.0062479516,20461377.525387663,0,0,TRUE
2026,2025-09-30,17,Cape Henlopen School District,District,TRUE,716,Frederick D Thomas Middle School,TRUE,total,Districts use one school code per calculation unit; charters use calculator building rows and retain the shared charter totals; student enrollment categories use largest remainder,1,1,4214057.161401099,388404.693630314,791022.197437962,5393484.052469375,0,0,TRUE
2026,2025-09-30,17,Cape Henlopen School District,District,TRUE,710,H. O. Brittingham Elementary School,TRUE,total,Districts use one school code per calculation unit; charters use calculator building rows and retain the shared charter totals; student enrollment categories use largest remainder,1,1,4601917.767601071,454664.5846700632,770321.2755461754,5826903.6278173085,0,0,TRUE
2026,2025-09-30,17,Cape Henlopen School District,District,TRUE,712,Lewes Elementary School,TRUE,total,Districts use one school code per calculation unit; charters use calculator building rows and retain the shared charter totals; student enrollment categories use largest remainder,1,1,5202222.891507258,518474.9875795153,870104.9186682024,6590802.797754974,0,0,TRUE
2026,2025-09-30,17,Cape Henlopen School District,District,TRUE,718,Love Creek Elementary School,TRUE,total,Districts use one school code per calculation unit; charters use calculator building rows and retain the shared charter totals; student enrollment categories use largest remainder,1,1,5836093.444831094,402532.5494121276,843099.4773933598,7081725.471636582,0,0,TRUE
2026,2025-09-30,17,Cape Henlopen School District,District,TRUE,720,Mariner Middle School,TRUE,total,Districts use one school code per calculation unit; charters use calculator building rows and retain the shared charter totals; student enrollment categories use largest remainder,1,1,4698769.072774725,422870.72358489595,861428.0801358523,5983067.876495472,0,0,TRUE
2026,2025-09-30,17,Cape Henlopen School District,District,TRUE,721,Milton Elementary School,TRUE,total,Districts use one school code per calculation unit; charters use calculator building rows and retain the shared charter totals; student enrollment categories use largest remainder,1,1,4832903.445378849,484949.16519009776,795864.3283043298,6113716.938873277,0,0,TRUE
2026,2025-09-30,17,Cape Henlopen School District,District,TRUE,722,Rehoboth Elementary School,TRUE,total,Districts use one school code per calculation unit; charters use calculator building rows and retain the shared charter totals; student enrollment categories use largest remainder,1,1,4989521.462077737,470351.20562570204,822804.7745339863,6282677.4422374265,0,0,TRUE
2026,2025-09-30,17,Cape Henlopen School District,District,TRUE,728,Sussex Consortium,TRUE,total,Districts use one school code per calculation unit; charters use calculator building rows and retain the shared charter totals; student enrollment categories use largest remainder,1,1,18881540.42100732,357278.87476250064,2438841.578042263,21677660.873812087,0,0,TRUE
2026,2025-09-30,13,Capital School District,District,TRUE,636,Booker T. Washington Elementary School,TRUE,total,Districts use one school code per calculation unit; charters use calculator building rows and retain the shared charter totals; student enrollment categories use largest remainder,1,1,2838418.225941188,527085.3094920742,643499.6936267124,4009003.229059974,0,0,TRUE
2026,2025-09-30,13,Capital School District,District,TRUE,645,Capital Early Childhood Center,TRUE,total,Districts use one school code per calculation unit; charters use calculator building rows and retain the shared charter totals; student enrollment categories use largest remainder,1,1,640135.863095238,60123.799561833555,121248.2567947511,821507.9194518225,0,0,TRUE
2026,2025-09-30,13,Capital School District,District,TRUE,644,Central Elementary School,TRUE,total,Districts use one school code per calculation unit; charters use calculator building rows and retain the shared charter totals; student enrollment categories use largest remainder,1,1,5485648.483818341,1158880.0509782552,1326938.84252031,7971467.377316908,0,0,TRUE
2026,2025-09-30,13,Capital School District,District,TRUE,648,Dover High School,TRUE,total,Districts use one school code per calculation unit; charters use calculator building rows and retain the shared charter totals; student enrollment categories use largest remainder,1,1,16519790.101602565,2521636.689771123,3646644.5027363724,22688071.294110063,0,0,TRUE
2026,2025-09-30,13,Capital School District,District,TRUE,632,East Dover Early Childhood Center,TRUE,total,Districts use one school code per calculation unit; charters use calculator building rows and retain the shared charter totals; student enrollment categories use largest remainder,1,1,4827962.603344187,713172.1804816009,1001573.6463184747,6542708.4301442625,0,0,TRUE
2026,2025-09-30,13,Capital School District,District,TRUE,638,Fairview Early Childhood Center,TRUE,total,Districts use one school code per calculation unit; charters use calculator building rows and retain the shared charter totals; student enrollment categories use largest remainder,1,1,2008597.9695258446,353394.3329801106,454461.60470281343,2816453.9072087687,0,0,TRUE
2026,2025-09-30,13,Capital School District,District,TRUE,640,Hartly Elementary School,TRUE,total,Districts use one school code per calculation unit; charters use calculator building rows and retain the shared charter totals; student enrollment categories use largest remainder,1,1,2428140.8720458555,326672.64428596233,448189.58284235053,3203003.0991741684,0,0,TRUE
2026,2025-09-30,13,Capital School District,District,TRUE,650,Kent County Community School,TRUE,total,Districts use one school code per calculation unit; charters use calculator building rows and retain the shared charter totals; student enrollment categories use largest remainder,1,1,12938034.652948719,309501.4850695374,1871126.107102595,15118662.24512085,0,0,TRUE
2026,2025-09-30,13,Capital School District,District,TRUE,655,Kent County Secondary ILC,TRUE,total,Districts use one school code per calculation unit; charters use calculator building rows and retain the shared charter totals; student enrollment categories use largest remainder,1,1,3317984.4898076924,165996.11986022277,494596.0451052572,3978576.654773172,0,0,TRUE
2026,2025-09-30,13,Capital School District,District,TRUE,633,Middle School of Excellence,TRUE,total,Districts use one school code per calculation unit; charters use calculator building rows and retain the shared charter totals; student enrollment categories use largest remainder,1,1,5345150.717783882,876124.9969072125,1219859.5055761384,7441135.220267234,0,0,TRUE
2026,2025-09-30,13,Capital School District,District,TRUE,637,Middle School of Innovation,TRUE,total,Districts use one school code per calculation unit; charters use calculator building rows and retain the shared charter totals; student enrollment categories use largest remainder,1,1,5633048.915091575,1116545.9682415072,1402934.2991042086,8152529.182437291,0,0,TRUE
2026,2025-09-30,13,Capital School District,District,TRUE,635,North Dover Elementary School,TRUE,total,Districts use one school code per calculation unit; charters use calculator building rows and retain the shared charter totals; student enrollment categories use largest remainder,1,1,2899821.333547008,588396.7396625365,681359.3074476412,4169577.3806571863,0,0,TRUE
2026,2025-09-30,13,Capital School District,District,TRUE,634,South Dover Elementary School,TRUE,total,Districts use one school code per calculation unit; charters use calculator building rows and retain the shared charter totals; student enrollment categories use largest remainder,1,1,5328900.320585741,1225758.499626665,1348468.45123822,7903127.271450626,0,0,TRUE
2026,2025-09-30,13,Capital School District,District,TRUE,642,Towne Point Elementary School,TRUE,total,Districts use one school code per calculation unit; charters use calculator building rows and retain the shared charter totals; student enrollment categories use largest remainder,1,1,2949036.230704789,620066.8892259714,707617.3057028432,4276720.425633605,0,0,TRUE
2026,2025-09-30,80,Charter School of New Castle,Charter,TRUE,579,Charter School of New Castle,TRUE,total,Districts use one school code per calculation unit; charters use calculator building rows and retain the shared charter totals; student enrollment categories use largest remainder,2,2,6426904.9860331025,1251317.3000165313,1493553.6408549894,9171775.926904622,0,0,TRUE
2026,2025-09-30,70,Charter School of Wilmington,Charter,TRUE,295,Charter School of Wilmington,TRUE,total,Districts use one school code per calculation unit; charters use calculator building rows and retain the shared charter totals; student enrollment categories use largest remainder,1,1,6356805.839010989,102829.01686377788,730999.2732085584,7190634.129083324,0,0,TRUE
2026,2025-09-30,33,Christina School District,District,TRUE,339,Brader (Henry M.) Elementary School,TRUE,total,Districts use one school code per calculation unit; charters use calculator building rows and retain the shared charter totals; student enrollment categories use largest remainder,1,1,3562787.123197327,470054.2979735448,680335.6354859595,4713177.056656831,0,0,TRUE
2026,2025-09-30,33,Christina School District,District,TRUE,538,Brennen School (The),TRUE,total,Districts use one school code per calculation unit; charters use calculator building rows and retain the shared charter totals; student enrollment categories use largest remainder,1,1,20877031.972644825,354359.2828496215,2712145.7430499983,23943536.998544447,0,0,TRUE
2026,2025-09-30,33,Christina School District,District,TRUE,310,Brookside Elementary School,TRUE,total,Districts use one school code per calculation unit; charters use calculator building rows and retain the shared charter totals; student enrollment categories use largest remainder,1,1,2814067.308101004,554623.4942296548,659504.7235038002,4028195.525834459,0,0,TRUE
2026,2025-09-30,33,Christina School District,District,TRUE,390,Christiana High School,TRUE,total,Districts use one school code per calculation unit; charters use calculator building rows and retain the shared charter totals; student enrollment categories use largest remainder,1,1,12205724.673223445,1409742.274746745,2378639.9174385983,15994106.86540879,0,0,TRUE
2026,2025-09-30,33,Christina School District,District,TRUE,,Christina - Intensive Learning Center,FALSE,total,Districts use one school code per calculation unit; charters use calculator building rows and retain the shared charter totals; student enrollment categories use largest remainder,0,0,9615.500000000002,0,0,9615.500000000002,0,0,TRUE
2026,2025-09-30,33,Christina School District,District,TRUE,545,Christina Early Education Center,TRUE,total,Districts use one school code per calculation unit; charters use calculator building rows and retain the shared charter totals; student enrollment categories use largest remainder,1,1,8938702.518315017,380784.0638916125,1437495.4143819406,10756981.99658857,0,0,TRUE
2026,2025-09-30,33,Christina School District,District,TRUE,540,Delaware School for the Deaf School (DSD),TRUE,total,Districts use one school code per calculation unit; charters use calculator building rows and retain the shared charter totals; student enrollment categories use largest remainder,1,1,5136331.996153846,109806.34668947215,665841.7404094493,5911980.083252767,0,0,TRUE
2026,2025-09-30,33,Christina School District,District,TRUE,537,Douglass School,TRUE,total,Districts use one school code per calculation unit; charters use calculator building rows and retain the shared charter totals; student enrollment categories use largest remainder,1,1,3853867.7518315017,276519.9933757415,627234.68356888,4757622.428776121,0,0,TRUE
2026,2025-09-30,33,Christina School District,District,TRUE,318,Downes (John R.) Elementary School,TRUE,total,Districts use one school code per calculation unit; charters use calculator building rows and retain the shared charter totals; student enrollment categories use largest remainder,1,1,3581905.4140398186,411538.74819422944,637455.154424401,4630899.316658448,0,0,TRUE
2026,2025-09-30,33,Christina School District,District,TRUE,320,Gallaher (Robert S.) Elementary School,TRUE,total,Districts use one school code per calculation unit; charters use calculator building rows and retain the shared charter totals; student enrollment categories use largest remainder,1,1,5134916.576551689,820875.4313016263,1082443.731291334,7038235.739144648,0,0,TRUE
2026,2025-09-30,33,Christina School District,District,TRUE,372,Gauger-Cobbs Middle School,TRUE,total,Districts use one school code per calculation unit; charters use calculator building rows and retain the shared charter totals; student enrollment categories use largest remainder,1,1,6345731.812069597,1002657.1413348737,1462226.0290752682,8810614.98247974,0,0,TRUE
2026,2025-09-30,33,Christina School District,District,TRUE,392,Glasgow High School,TRUE,total,Districts use one school code per calculation unit; charters use calculator building rows and retain the shared charter totals; student enrollment categories use largest remainder,1,1,9793744.285018314,1495375.3900897517,2164854.965060075,13453974.64016814,0,0,TRUE
2026,2025-09-30,33,Christina School District,District,TRUE,314,Jones (Albert H.) Elementary School,TRUE,total,Districts use one school code per calculation unit; charters use calculator building rows and retain the shared charter totals; student enrollment categories use largest remainder,1,1,3370701.106557794,526664.6903181848,689987.3996961017,4587353.196572081,0,0,TRUE
2026,2025-09-30,33,Christina School District,District,TRUE,321,Keene (William B.) Elementary School,TRUE,total,Districts use one school code per calculation unit; charters use calculator building rows and retain the shared charter totals; student enrollment categories use largest remainder,1,1,4387257.796045313,553980.1943166475,828686.8261233325,5769924.816485291,0,0,TRUE
2026,2025-09-30,33,Christina School District,District,TRUE,374,Kirk (George V.) Middle School,TRUE,total,Districts use one school code per calculation unit; charters use calculator building rows and retain the shared charter totals; student enrollment categories use largest remainder,1,1,5722374.268470695,845741.4471697919,1237375.6702538042,7805491.385894291,0,0,TRUE
2026,2025-09-30,33,Christina School District,District,TRUE,322,Leasure (May B.) Elementary School,TRUE,total,Districts use one school code per calculation unit; charters use calculator building rows and retain the shared charter totals; student enrollment categories use largest remainder,1,1,3302793.219519061,489204.8415376844,671756.2895213885,4463754.350578133,0,0,TRUE
2026,2025-09-30,33,Christina School District,District,TRUE,324,Maclary (R. Elisabeth) Elementary School,TRUE,total,Districts use one school code per calculation unit; charters use calculator building rows and retain the shared charter totals; student enrollment categories use largest remainder,1,1,2468455.952786257,363464.45084910904,506766.36731636256,3338686.770951729,0,0,TRUE
2026,2025-09-30,33,Christina School District,District,TRUE,312,Marshall (Thurgood) Elementary School,TRUE,total,Districts use one school code per calculation unit; charters use calculator building rows and retain the shared charter totals; student enrollment categories use largest remainder,1,1,5175486.687851038,541856.465186895,887507.3420167924,6604850.495054726,0,0,TRUE
2026,2025-09-30,33,Christina School District,District,TRUE,353,Maurice Pritchett SR. Academy,TRUE,total,Districts use one school code per calculation unit; charters use calculator building rows and retain the shared charter totals; student enrollment categories use largest remainder,1,1,5868086.12834317,1386410.2817480583,1584514.2065929978,8839010.616684224,0,0,TRUE
2026,2025-09-30,33,Christina School District,District,TRUE,326,McVey (Joseph M.) Elementary School,TRUE,total,Districts use one school code per calculation unit; charters use calculator building rows and retain the shared charter totals; student enrollment categories use largest remainder,1,1,3979067.5038478496,460577.9954088608,731925.452602461,5171570.951859171,0,0,TRUE
2026,2025-09-30,33,Christina School District,District,TRUE,394,Newark High School,TRUE,total,Districts use one school code per calculation unit; charters use calculator building rows and retain the shared charter totals; student enrollment categories use largest remainder,1,1,10690941.422289377,1463482.559787199,2279392.483439357,14433816.46551593,0,0,TRUE
2026,2025-09-30,33,Christina School District,District,TRUE,327,Oberle (William) Elementary School,TRUE,total,Districts use one school code per calculation unit; charters use calculator building rows and retain the shared charter totals; student enrollment categories use largest remainder,1,1,4804492.291022249,936001.3734255817,1111642.755341209,6852136.419789039,0,0,TRUE
2026,2025-09-30,33,Christina School District,District,TRUE,358,Pulaski Early Education Center,TRUE,total,Districts use one school code per calculation unit; charters use calculator building rows and retain the shared charter totals; student enrollment categories use largest remainder,1,1,1170597.5564204315,160206.4206431573,227953.87222910256,1558757.8492926913,0,0,TRUE
2026,2025-09-30,33,Christina School District,District,TRUE,512,REACH/CBIP,TRUE,total,Districts use one school code per calculation unit; charters use calculator building rows and retain the shared charter totals; student enrollment categories use largest remainder,1,1,10141185.247948717,190688.93959796347,1287243.118672873,11619117.306219554,0,0,TRUE
2026,2025-09-30,33,Christina School District,District,TRUE,376,Shue-Medill Middle School,TRUE,total,Districts use one school code per calculation unit; charters use calculator building rows and retain the shared charter totals; student enrollment categories use largest remainder,1,1,7766096.680293041,1002088.0683349057,1601201.68444454,10369386.433072487,0,0,TRUE
2026,2025-09-30,33,Christina School District,District,TRUE,330,Smith (Jennie E.) Elementary School,TRUE,total,Districts use one school code per calculation unit; charters use calculator building rows and retain the shared charter totals; student enrollment categories use largest remainder,1,1,4708105.741537783,739275.3115670884,990280.7572173823,6437661.810322255,0,0,TRUE
2026,2025-09-30,33,Christina School District,District,TRUE,362,Stubbs Early Education Center,TRUE,total,Districts use one school code per calculation unit; charters use calculator building rows and retain the shared charter totals; student enrollment categories use largest remainder,1,1,1772192.142280559,301212.81311348215,405114.11664523376,2478519.072039275,0,0,TRUE
2026,2025-09-30,33,Christina School District,District,TRUE,352,The Bayard School,TRUE,total,Districts use one school code per calculation unit; charters use calculator building rows and retain the shared charter totals; student enrollment categories use largest remainder,1,1,5883425.916427894,1404571.1331383404,1608627.368357057,8896624.417923292,0,0,TRUE
2026,2025-09-30,33,Christina School District,District,TRUE,332,West Park Place Elementary School,TRUE,total,Districts use one school code per calculation unit; charters use calculator building rows and retain the shared charter totals; student enrollment categories use largest remainder,1,1,3527667.1649606572,300544.7708961285,554618.9693346609,4382830.905191446,0,0,TRUE
2026,2025-09-30,33,Christina School District,District,TRUE,334,Wilson (Etta J.) Elementary School,TRUE,total,Districts use one school code per calculation unit; charters use calculator building rows and retain the shared charter totals; student enrollment categories use largest remainder,1,1,2720399.8344288426,274837.516680184,456720.18252303195,3451957.5336320587,0,0,TRUE
2026,2025-09-30,34,Colonial School District,District,TRUE,470,Bedford (Gunning) Middle School,TRUE,total,Districts use one school code per calculation unit; charters use calculator building rows and retain the shared charter totals; student enrollment categories use largest remainder,1,1,7805771.1842765575,870211.5861684149,1547190.8018948548,10223173.572339829,0,0,TRUE
2026,2025-09-30,34,Colonial School District,District,TRUE,412,Castle Hills Elementary School,TRUE,total,Districts use one school code per calculation unit; charters use calculator building rows and retain the shared charter totals; student enrollment categories use largest remainder,1,1,3914511.7684795144,771366.0803044126,914545.2808142281,5600423.129598154,0,0,TRUE
2026,2025-09-30,34,Colonial School District,District,TRUE,410,Downie (Carrie) Elementary School,TRUE,total,Districts use one school code per calculation unit; charters use calculator building rows and retain the shared charter totals; student enrollment categories use largest remainder,1,1,2722719.862425383,502021.35518913704,613325.7438990453,3838066.9615135654,0,0,TRUE
2026,2025-09-30,34,Colonial School District,District,TRUE,456,Eisenberg (Harry O.) Elementary School,TRUE,total,Districts use one school code per calculation unit; charters use calculator building rows and retain the shared charter totals; student enrollment categories use largest remainder,1,1,4237578.479834826,884933.2572545428,1032251.3076463346,6154763.044735704,0,0,TRUE
2026,2025-09-30,34,Colonial School District,District,TRUE,514,Leach (John G.) School,TRUE,total,Districts use one school code per calculation unit; charters use calculator building rows and retain the shared charter totals; student enrollment categories use largest remainder,1,1,3951881.3962820508,49088.73182332418,487430.3413734849,4488400.46947886,0,0,TRUE
2026,2025-09-30,34,Colonial School District,District,TRUE,,Leach Exceptional VocEd,FALSE,total,Districts use one school code per calculation unit; charters use calculator building rows and retain the shared charter totals; student enrollment categories use largest remainder,0,0,269234,0,0,269234,0,0,TRUE
2026,2025-09-30,34,Colonial School District,District,TRUE,476,McCullough (Calvin R. ) Middle School,TRUE,total,Districts use one school code per calculation unit; charters use calculator building rows and retain the shared charter totals; student enrollment categories use largest remainder,1,1,5466274.862380952,1016092.2125949871,1347656.0131733934,7830023.088149332,0,0,TRUE
2026,2025-09-30,34,Colonial School District,District,TRUE,432,New Castle Elementary School,TRUE,total,Districts use one school code per calculation unit; charters use calculator building rows and retain the shared charter totals; student enrollment categories use largest remainder,1,1,3400458.6722476594,623332.8733997007,759613.3418517581,4783404.887499119,0,0,TRUE
2026,2025-09-30,34,Colonial School District,District,TRUE,490,Penn (William) High School,TRUE,total,Districts use one school code per calculation unit; charters use calculator building rows and retain the shared charter totals; student enrollment categories use largest remainder,1,1,22389538.10072344,2701735.9231088124,4525686.24011767,29616960.263949923,0,0,TRUE
2026,2025-09-30,34,Colonial School District,District,TRUE,418,Pleasantville Elementary School,TRUE,total,Districts use one school code per calculation unit; charters use calculator building rows and retain the shared charter totals; student enrollment categories use largest remainder,1,1,3701409.7336029713,592800.8698362017,766827.7918674201,5061038.395306593,0,0,TRUE
2026,2025-09-30,34,Colonial School District,District,TRUE,474,Read (George) Middle School,TRUE,total,Districts use one school code per calculation unit; charters use calculator building rows and retain the shared charter totals; student enrollment categories use largest remainder,1,1,7790079.604038461,904430.1930795324,1546167.1299331728,10240676.927051166,0,0,TRUE
2026,2025-09-30,34,Colonial School District,District,TRUE,427,Southern Elementary School,TRUE,total,Districts use one school code per calculation unit; charters use calculator building rows and retain the shared charter totals; student enrollment categories use largest remainder,1,1,13703033.16118912,835448.6485616757,2084651.0793003736,16623132.88905117,0,0,TRUE
2026,2025-09-30,34,Colonial School District,District,TRUE,450,The Colwyck Center,TRUE,total,Districts use one school code per calculation unit; charters use calculator building rows and retain the shared charter totals; student enrollment categories use largest remainder,1,1,5907242.470238095,240495.19824733422,908435.7465667307,7056173.415052161,0,0,TRUE
2026,2025-09-30,34,Colonial School District,District,TRUE,422,Wilbur (Kathleen H.) Elementary,TRUE,total,Districts use one school code per calculation unit; charters use calculator building rows and retain the shared charter totals; student enrollment categories use largest remainder,1,1,9043791.610578619,1201708.9798019317,1708930.9718405735,11954431.562221123,0,0,TRUE
2026,2025-09-30,34,Colonial School District,District,TRUE,420,Wilmington Manor Elementary School,TRUE,total,Districts use one school code per calculation unit; charters use calculator building rows and retain the shared charter totals; student enrollment categories use largest remainder,1,1,3156649.8269993896,426631.5538455539,612334.5694599565,4195615.950304899,0,0,TRUE
2026,2025-09-30,79,Delaware Military Academy,Charter,TRUE,578,Delaware Military Academy,TRUE,total,Districts use one school code per calculation unit; charters use calculator building rows and retain the shared charter totals; student enrollment categories use largest remainder,1,1,4183739.2785714283,247645.72420345354,607589.931161368,5038974.933936251,0,0,TRUE
2026,2025-09-30,37,Delmar School District,District,TRUE,730,Delmar High School,TRUE,total,Districts use one school code per calculation unit; charters use calculator building rows and retain the shared charter totals; student enrollment categories use largest remainder,1,1,6021308.188122711,362276.8202404802,929819.116432972,7313404.124796163,0,0,TRUE
2026,2025-09-30,37,Delmar School District,District,TRUE,733,Delmar Middle School,TRUE,total,Districts use one school code per calculation unit; charters use calculator building rows and retain the shared charter totals; student enrollment categories use largest remainder,1,1,6280377.230979853,478342.96992960013,1052318.5278475564,7811038.72875701,0,0,TRUE
2026,2025-09-30,14,Dover Air Force Base,Dover Air Force Base,FALSE,893,Dover AFB Off Base,TRUE,total,Districts use one school code per calculation unit; charters use calculator building rows and retain the shared charter totals; student enrollment categories use largest remainder,1,1,1296791.6275807216,13360.844347074124,151795.92803223865,1461948.3999600343,0,0,TRUE
2026,2025-09-30,14,Dover Air Force Base,Dover Air Force Base,FALSE,891,Dover Air Force Base Middle School,TRUE,total,Districts use one school code per calculation unit; charters use calculator building rows and retain the shared charter totals; student enrollment categories use largest remainder,1,1,902364.2845238096,19323.73969456461,117169.81770932059,1038857.8419276949,0,0,TRUE
2026,2025-09-30,14,Dover Air Force Base,Dover Air Force Base,FALSE,892,Major George S. Welch Elementary School,TRUE,total,Districts use one school code per calculation unit; charters use calculator building rows and retain the shared charter totals; student enrollment categories use largest remainder,1,1,2482840.4264007597,59406.27273578698,296913.615171601,2839160.314308148,0,0,TRUE
2026,2025-09-30,9604,Early College High School at Del State,Charter,TRUE,4040,Early College School at Del State,TRUE,total,Districts use one school code per calculation unit; charters use calculator building rows and retain the shared charter totals; student enrollment categories use largest remainder,1,1,4523063.0688644685,660817.4644845475,1005050.8812359334,6188931.41458495,0,0,TRUE
2026,2025-09-30,72,East Side Charter School,Charter,TRUE,571,East Side Charter School,TRUE,total,Districts use one school code per calculation unit; charters use calculator building rows and retain the shared charter totals; student enrollment categories use largest remainder,2,2,4360699.922790327,1101552.1318075687,1196120.0653218995,6658372.119919795,0,0,TRUE
2026,2025-09-30,76,Edison (Thomas A.) Charter School,Charter,TRUE,575,Edison (Thomas A.) Charter School,TRUE,total,Districts use one school code per calculation unit; charters use calculator building rows and retain the shared charter totals; student enrollment categories use largest remainder,3,3,5250060.337513568,1368472.111096894,1451518.095380851,8070050.543991313,0,0,TRUE
2026,2025-09-30,9607,First State Military Academy,Charter,TRUE,4055,First State Military Academy,TRUE,total,Districts use one school code per calculation unit; charters use calculator building rows and retain the shared charter totals; student enrollment categories use largest remainder,1,1,3800603.869505495,286590.11124473996,630663.1722024491,4717857.152952684,0,0,TRUE
2026,2025-09-30,9606,First State Montessori Academy,Charter,TRUE,4050,First State Montessori Academy,TRUE,total,Districts use one school code per calculation unit; charters use calculator building rows and retain the shared charter totals; student enrollment categories use largest remainder,2,2,5733969.705306268,218425.0627703155,740131.0770572117,6692525.845133795,0,0,TRUE
2026,2025-09-30,9612,Freire Charter School Wilmington,Charter,TRUE,4080,Freire Charter School,TRUE,total,Districts use one school code per calculation unit; charters use calculator building rows and retain the shared charter totals; student enrollment categories use largest remainder,1,1,3847609.7519688644,632066.9068339918,882242.7433567148,5361919.402159571,0,0,TRUE
2026,2025-09-30,92,Gateway Charter School,Charter,TRUE,543,Gateway Charter School,TRUE,total,Districts use one school code per calculation unit; charters use calculator building rows and retain the shared charter totals; student enrollment categories use largest remainder,2,2,2822917.0850071223,336643.7929375751,546315.8523121311,3705876.730256829,0,0,TRUE
2026,2025-09-30,9611,Great Oaks Charter School,Charter,TRUE,4075,Great Oaks Charter School,TRUE,total,Districts use one school code per calculation unit; charters use calculator building rows and retain the shared charter totals; student enrollment categories use largest remainder,1,1,1889401.1868131869,302227.24759168597,449132.01099754963,2640760.4454024225,0,0,TRUE
2026,2025-09-30,36,Indian River School District,District,TRUE,732,Clayton (John M.) Elementary School,TRUE,total,Districts use one school code per calculation unit; charters use calculator building rows and retain the shared charter totals; student enrollment categories use largest remainder,1,1,4349973.078417107,701741.2358735487,911295.528554921,5963009.842845578,0,0,TRUE
2026,2025-09-30,36,Indian River School District,District,TRUE,738,East Millsboro Elementary School,TRUE,total,Districts use one school code per calculation unit; charters use calculator building rows and retain the shared charter totals; student enrollment categories use largest remainder,1,1,6795652.304573668,1094574.8019818743,1404461.6826660829,9294688.789221626,0,0,TRUE
2026,2025-09-30,36,Indian River School District,District,TRUE,750,Ennis (Howard T.) School,TRUE,total,Districts use one school code per calculation unit; charters use calculator building rows and retain the shared charter totals; student enrollment categories use largest remainder,1,1,14650258.812170329,372421.165022518,2071424.5876049933,17094104.56479784,0,0,TRUE
2026,2025-09-30,36,Indian River School District,District,TRUE,734,Georgetown Elementary School,TRUE,total,Districts use one school code per calculation unit; charters use calculator building rows and retain the shared charter totals; student enrollment categories use largest remainder,1,1,8745795.1532577,1814328.4354196265,2104263.3341852925,12664386.92286262,0,0,TRUE
2026,2025-09-30,36,Indian River School District,District,TRUE,743,Georgetown Middle School,TRUE,total,Districts use one school code per calculation unit; charters use calculator building rows and retain the shared charter totals; student enrollment categories use largest remainder,1,1,7753430.81260989,1347589.6062285039,1792969.5652662572,10893989.98410465,0,0,TRUE
2026,2025-09-30,36,Indian River School District,District,TRUE,746,Indian River High School,TRUE,total,Districts use one school code per calculation unit; charters use calculator building rows and retain the shared charter totals; student enrollment categories use largest remainder,1,1,10377701.188388279,776784.6449562816,1740291.0811428877,12894776.91448745,0,0,TRUE
2026,2025-09-30,36,Indian River School District,District,TRUE,745,Indian River Intensive Learning Center,TRUE,total,Districts use one school code per calculation unit; charters use calculator building rows and retain the shared charter totals; student enrollment categories use largest remainder,1,1,2420216.9225613894,103546.54368982445,382089.62188804237,2905853.0881392565,0,0,TRUE
2026,2025-09-30,36,Indian River School District,District,TRUE,690,Long Neck Elementary School,TRUE,total,Districts use one school code per calculation unit; charters use calculator building rows and retain the shared charter totals; student enrollment categories use largest remainder,1,1,6146734.1672466425,1184859.4705420104,1390763.9768931032,8722357.614681758,0,0,TRUE
2026,2025-09-30,36,Indian River School District,District,TRUE,736,Lord Baltimore Elementary School,TRUE,total,Districts use one school code per calculation unit; charters use calculator building rows and retain the shared charter totals; student enrollment categories use largest remainder,1,1,4948394.78408798,354705.6751104715,745590.6608528476,6048691.120051299,0,0,TRUE
2026,2025-09-30,36,Indian River School District,District,TRUE,692,North Georgetown Elementary School,TRUE,total,Districts use one school code per calculation unit; charters use calculator building rows and retain the shared charter totals; student enrollment categories use largest remainder,1,1,7021679.13815968,1887714.1101111488,1953084.859082322,10862478.10735315,0,0,TRUE
2026,2025-09-30,36,Indian River School District,District,TRUE,742,Selbyville Middle School,TRUE,total,Districts use one school code per calculation unit; charters use calculator building rows and retain the shared charter totals; student enrollment categories use largest remainder,1,1,7138884.132206959,605196.764313765,1256321.7259255652,9000402.62244629,0,0,TRUE
2026,2025-09-30,36,Indian River School District,District,TRUE,740,Showell (Phillip C.) Elementary School,TRUE,total,Districts use one school code per calculation unit; charters use calculator building rows and retain the shared charter totals; student enrollment categories use largest remainder,1,1,3006791.6512277843,416239.7860200518,581981.8833580273,4005013.3206058634,0,0,TRUE
2026,2025-09-30,36,Indian River School District,District,TRUE,749,Southern Delaware School of the Arts,TRUE,total,Districts use one school code per calculation unit; charters use calculator building rows and retain the shared charter totals; student enrollment categories use largest remainder,1,1,3563117.9128340795,198853.90003228653,505125.2424254125,4267097.055291778,0,0,TRUE
2026,2025-09-30,36,Indian River School District,District,TRUE,748,Sussex Central High School,TRUE,total,Districts use one school code per calculation unit; charters use calculator building rows and retain the shared charter totals; student enrollment categories use largest remainder,1,1,18147480.631611723,2919443.4590530815,4063197.7473343676,25130121.83799917,0,0,TRUE
2026,2025-09-30,36,Indian River School District,District,TRUE,786,Sussex Central Middle,TRUE,total,Districts use one school code per calculation unit; charters use calculator building rows and retain the shared charter totals; student enrollment categories use largest remainder,1,1,7368271.218434065,903366.2739926358,1469196.7476714824,9740834.240098182,0,0,TRUE
2026,2025-09-30,82,Kuumba Academy Charter School,Charter,TRUE,581,Kuumba Academy Charter School,TRUE,total,Districts use one school code per calculation unit; charters use calculator building rows and retain the shared charter totals; student enrollment categories use largest remainder,2,2,5135198.82685694,1147003.7448919672,1295773.7183535541,7577976.290102461,0,0,TRUE
2026,2025-09-30,15,Lake Forest School District,District,TRUE,664,Chipman (W.T.) Middle School,TRUE,total,Districts use one school code per calculation unit; charters use calculator building rows and retain the shared charter totals; student enrollment categories use largest remainder,1,1,8785282.284789376,1154203.7554567792,1824427.1671363506,11763913.207382508,0,0,TRUE
2026,2025-09-30,15,Lake Forest School District,District,TRUE,663,Delaware Early Childhood Center,TRUE,total,Districts use one school code per calculation unit; charters use calculator building rows and retain the shared charter totals; student enrollment categories use largest remainder,1,1,2206042.259157509,86845.4882559818,337064.3043353413,2629952.051748832,0,0,TRUE
2026,2025-09-30,15,Lake Forest School District,District,TRUE,669,Lake Forest Central Elementary School,TRUE,total,Districts use one school code per calculation unit; charters use calculator building rows and retain the shared charter totals; student enrollment categories use largest remainder,1,1,5668871.407509157,667497.8866580846,1098968.7215299113,7435338.015697152,0,0,TRUE
2026,2025-09-30,15,Lake Forest School District,District,TRUE,658,Lake Forest East Elementary School,TRUE,total,Districts use one school code per calculation unit; charters use calculator building rows and retain the shared charter totals; student enrollment categories use largest remainder,1,1,3713323.411155203,425320.211715193,640818.6480127841,4779462.270883179,0,0,TRUE
2026,2025-09-30,15,Lake Forest School District,District,TRUE,665,Lake Forest High School,TRUE,total,Districts use one school code per calculation unit; charters use calculator building rows and retain the shared charter totals; student enrollment categories use largest remainder,1,1,9670066.765402932,1029898.418420297,1857379.6550457254,12557344.838868953,0,0,TRUE
2026,2025-09-30,15,Lake Forest School District,District,TRUE,660,Lake Forest North Elementary School,TRUE,total,Districts use one school code per calculation unit; charters use calculator building rows and retain the shared charter totals; student enrollment categories use largest remainder,1,1,3962203.233092525,405476.8836293532,643970.907704312,5011651.02442619,0,0,TRUE
2026,2025-09-30,15,Lake Forest School District,District,TRUE,662,Lake Forest South Elementary School,TRUE,total,Districts use one school code per calculation unit; charters use calculator building rows and retain the shared charter totals; student enrollment categories use largest remainder,1,1,4016487.2376543214,566103.9234463999,757647.2417348773,5340238.402835598,0,0,TRUE
2026,2025-09-30,16,Laurel School District,District,TRUE,783,Laurel Elementary School,TRUE,total,Districts use one school code per calculation unit; charters use calculator building rows and retain the shared charter totals; student enrollment categories use largest remainder,1,1,8824331.063795619,1825561.4415929075,2148817.4376603942,12798709.94304892,0,0,TRUE
2026,2025-09-30,16,Laurel School District,District,TRUE,782,Laurel Middle School,TRUE,total,Districts use one school code per calculation unit; charters use calculator building rows and retain the shared charter totals; student enrollment categories use largest remainder,1,1,3332906.47782967,641642.1786160616,815541.578234435,4790090.2346801665,0,0,TRUE
2026,2025-09-30,16,Laurel School District,District,TRUE,756,Laurel Senior High School,TRUE,total,Districts use one school code per calculation unit; charters use calculator building rows and retain the shared charter totals; student enrollment categories use largest remainder,1,1,6633185.086996337,1092842.840677624,1518040.5241288692,9244068.451802831,0,0,TRUE
2026,2025-09-30,16,Laurel School District,District,TRUE,752,North Laurel Early Learning Academy,TRUE,total,Districts use one school code per calculation unit; charters use calculator building rows and retain the shared charter totals; student enrollment categories use largest remainder,1,1,5502771.535582011,1014533.4474211617,1233768.445245973,7751073.428249145,0,0,TRUE
2026,2025-09-30,88,MOT Charter School,Charter,TRUE,587,MOT Charter School,TRUE,total,Districts use one school code per calculation unit; charters use calculator building rows and retain the shared charter totals; student enrollment categories use largest remainder,3,3,11737509.983456451,405872.7604988961,1550586.7930058308,13693969.53696118,0,0,TRUE
2026,2025-09-30,18,Milford School District,District,TRUE,668,Banneker (Benjamin) Elementary School,TRUE,total,Districts use one school code per calculation unit; charters use calculator building rows and retain the shared charter totals; student enrollment categories use largest remainder,1,1,3781161.5398351653,663341.1795278839,814582.9013179394,5259085.620680988,0,0,TRUE
2026,2025-09-30,18,Milford School District,District,TRUE,675,Milford Central Academy,TRUE,total,Districts use one school code per calculation unit; charters use calculator building rows and retain the shared charter totals; student enrollment categories use largest remainder,1,1,6209805.6247619055,984347.8361185128,1380852.2325022162,8575005.693382634,0,0,TRUE
2026,2025-09-30,18,Milford School District,District,TRUE,676,Milford Middle School,TRUE,total,Districts use one school code per calculation unit; charters use calculator building rows and retain the shared charter totals; student enrollment categories use largest remainder,1,1,6118738.56268315,1064389.1906792256,1413203.5162436194,8596331.269605996,0,0,TRUE
2026,2025-09-30,18,Milford School District,District,TRUE,678,Milford Senior High School,TRUE,total,Districts use one school code per calculation unit; charters use calculator building rows and retain the shared charter totals; student enrollment categories use largest remainder,1,1,11135205.186978022,1714245.8143383027,2468869.2889182623,15318320.29023459,0,0,TRUE
2026,2025-09-30,18,Milford School District,District,TRUE,673,Mispillion Elementary,TRUE,total,Districts use one school code per calculation unit; charters use calculator building rows and retain the shared charter totals; student enrollment categories use largest remainder,1,1,4472016.4522215435,926005.4824696225,1067056.1543435145,6465078.089034679,0,0,TRUE
2026,2025-09-30,18,Milford School District,District,TRUE,670,Morris (Evelyn I.) Early Childhood,TRUE,total,Districts use one school code per calculation unit; charters use calculator building rows and retain the shared charter totals; student enrollment categories use largest remainder,1,1,4609236.394552978,637460.7291815142,894689.2945098613,6141386.418244354,0,0,TRUE
2026,2025-09-30,18,Milford School District,District,TRUE,672,Ross (Lulu M.) Elementary School,TRUE,total,Districts use one school code per calculation unit; charters use calculator building rows and retain the shared charter totals; student enrollment categories use largest remainder,1,1,5827512.4166124,1025964.392029214,1265648.5149097766,8119125.32355139,0,0,TRUE
2026,2025-09-30,38,New Castle County Vocational-Technical School District,District,TRUE,539,DelCastle ILC,TRUE,total,Districts use one school code per calculation unit; charters use calculator building rows and retain the shared charter totals; student enrollment categories use largest remainder,1,1,1276157.705128205,25707.25421594447,163901.25519815795,1465766.2145423072,0,0,TRUE
2026,2025-09-30,38,New Castle County Vocational-Technical School District,District,TRUE,80,Delcastle Technical High School,TRUE,total,Districts use one school code per calculation unit; charters use calculator building rows and retain the shared charter totals; student enrollment categories use largest remainder,1,1,15847714.88948718,1838204.759113935,3659188.546457298,21345108.195058413,0,0,TRUE
2026,2025-09-30,38,New Castle County Vocational-Technical School District,District,TRUE,66,Hodgson (Paul M.) Vocational Technical High School,TRUE,total,Districts use one school code per calculation unit; charters use calculator building rows and retain the shared charter totals; student enrollment categories use largest remainder,1,1,11500870.852738095,1145964.5681094166,2533344.3737429166,15180179.79459043,0,0,TRUE
2026,2025-09-30,38,New Castle County Vocational-Technical School District,District,TRUE,26,Howard High School of Technology,TRUE,total,Districts use one school code per calculation unit; charters use calculator building rows and retain the shared charter totals; student enrollment categories use largest remainder,1,1,8980264.548470695,1500299.1086546918,2365120.94803988,12845684.605165266,0,0,TRUE
2026,2025-09-30,38,New Castle County Vocational-Technical School District,District,TRUE,,NCC Exceptional VocEd,FALSE,total,Districts use one school code per calculation unit; charters use calculator building rows and retain the shared charter totals; student enrollment categories use largest remainder,0,0,121155.29999999999,0,0,121155.29999999999,0,0,TRUE
2026,2025-09-30,38,New Castle County Vocational-Technical School District,District,TRUE,44,St. Georges Technical High School,TRUE,total,Districts use one school code per calculation unit; charters use calculator building rows and retain the shared charter totals; student enrollment categories use largest remainder,1,1,11917151.895091577,574565.7915328802,2218020.91202234,14709738.598646797,0,0,TRUE
2026,2025-09-30,89,Newark Charter School,Charter,TRUE,588,Newark Charter School,TRUE,total,Districts use one school code per calculation unit; charters use calculator building rows and retain the shared charter totals; student enrollment categories use largest remainder,4,4,26526651.706538126,1153535.7132394256,3636082.807893624,31316270.227671176,0,0,TRUE
2026,2025-09-30,86,Odyssey Charter School,Charter,TRUE,585,Odyssey Charter School,TRUE,total,Districts use one school code per calculation unit; charters use calculator building rows and retain the shared charter totals; student enrollment categories use largest remainder,4,4,20489873.47375559,2445603.5885145324,3842230.8424627753,26777707.9047329,0,0,TRUE
2026,2025-09-30,39,Polytech School District,District,TRUE,652,POLYTECH High School,TRUE,total,Districts use one school code per calculation unit; charters use calculator building rows and retain the shared charter totals; student enrollment categories use largest remainder,1,1,12421127.914780222,727201.0670460289,2398885.874014082,15547214.855840333,0,0,TRUE
2026,2025-09-30,71,Positive Outcomes Charter School,Charter,TRUE,570,Positive Outcomes Charter School,TRUE,total,Districts use one school code per calculation unit; charters use calculator building rows and retain the shared charter totals; student enrollment categories use largest remainder,2,2,2338905.0074908426,200412.66520611185,404496.66371596546,2943814.3364129206,0,0,TRUE
2026,2025-09-30,87,Providence Creek Academy Charter School,Charter,TRUE,586,Providence Creek Academy Charter School,TRUE,total,Districts use one school code per calculation unit; charters use calculator building rows and retain the shared charter totals; student enrollment categories use largest remainder,2,2,6777606.808755936,450087.2583659729,1019756.0102092983,8247450.077331208,0,0,TRUE
2026,2025-09-30,32,Red Clay Consolidated School District,District,TRUE,252,Baltz (Austin D.) Elementary School,TRUE,total,Districts use one school code per calculation unit; charters use calculator building rows and retain the shared charter totals; student enrollment categories use largest remainder,1,1,5466119.143722019,1104224.3006769833,1306611.6421383438,7876955.086537346,0,0,TRUE
2026,2025-09-30,32,Red Clay Consolidated School District,District,TRUE,261,Brandywine Springs School,TRUE,total,Districts use one school code per calculation unit; charters use calculator building rows and retain the shared charter totals; student enrollment categories use largest remainder,1,1,9306362.223010106,652083.4310502566,1471309.0866400318,11429754.740700394,0,0,TRUE
2026,2025-09-30,32,Red Clay Consolidated School District,District,TRUE,286,Calloway (Cab) School of the Arts,TRUE,total,Districts use one school code per calculation unit; charters use calculator building rows and retain the shared charter totals; student enrollment categories use largest remainder,1,1,7168298.756804029,378210.8642395834,1057046.9173848485,8603556.538428463,0,0,TRUE
2026,2025-09-30,32,Red Clay Consolidated School District,District,TRUE,284,Conrad Schools of Science,TRUE,total,Districts use one school code per calculation unit; charters use calculator building rows and retain the shared charter totals; student enrollment categories use largest remainder,1,1,8802367.231987178,688776.2683960175,1454199.1409947795,10945342.641377978,0,0,TRUE
2026,2025-09-30,32,Red Clay Consolidated School District,District,TRUE,290,Dickinson (John) School,TRUE,total,Districts use one school code per calculation unit; charters use calculator building rows and retain the shared charter totals; student enrollment categories use largest remainder,1,1,10056185.812921247,1449552.6424401565,2146981.327633885,13652719.78299529,0,0,TRUE
2026,2025-09-30,32,Red Clay Consolidated School District,District,TRUE,530,First State School,TRUE,total,Districts use one school code per calculation unit; charters use calculator building rows and retain the shared charter totals; student enrollment categories use largest remainder,1,1,924135.6432692307,51414.50843188894,136197.11718756414,1111747.2688886838,0,0,TRUE
2026,2025-09-30,32,Red Clay Consolidated School District,District,TRUE,240,Forest Oak Elementary School,TRUE,total,Districts use one school code per calculation unit; charters use calculator building rows and retain the shared charter totals; student enrollment categories use largest remainder,1,1,4014739.528235653,896166.2634278235,1004498.4233518511,5915404.2150153285,0,0,TRUE
2026,2025-09-30,32,Red Clay Consolidated School District,District,TRUE,242,Heritage Elementary School,TRUE,total,Districts use one school code per calculation unit; charters use calculator building rows and retain the shared charter totals; student enrollment categories use largest remainder,1,1,5550246.2242199145,337410.8043723145,821911.0926626768,6709568.121254908,0,0,TRUE
2026,2025-09-30,32,Red Clay Consolidated School District,District,TRUE,244,Johnson (Joseph E. Jr) Elementary School,TRUE,total,Districts use one school code per calculation unit; charters use calculator building rows and retain the shared charter totals; student enrollment categories use largest remainder,1,1,2218312.2294023875,583398.7941845569,614316.9183381338,3416027.9419250786,0,0,TRUE
2026,2025-09-30,32,Red Clay Consolidated School District,District,TRUE,246,Lewis (William C.) Dual Language Elementary School,TRUE,total,Districts use one school code per calculation unit; charters use calculator building rows and retain the shared charter totals; student enrollment categories use largest remainder,1,1,3598477.8998321127,877584.7928636519,952193.6607383019,5428256.353434067,0,0,TRUE
2026,2025-09-30,32,Red Clay Consolidated School District,District,TRUE,250,Linden Hill Elementary School,TRUE,total,Districts use one school code per calculation unit; charters use calculator building rows and retain the shared charter totals; student enrollment categories use largest remainder,1,1,4751161.650696988,396198.51949944056,742064.6796514994,5889424.849847927,0,0,TRUE
2026,2025-09-30,32,Red Clay Consolidated School District,District,TRUE,256,Marbrook Elementary School,TRUE,total,Districts use one school code per calculation unit; charters use calculator building rows and retain the shared charter totals; student enrollment categories use largest remainder,1,1,5694411.2178079635,777378.4602605961,1110684.0784247133,7582473.756493274,0,0,TRUE
2026,2025-09-30,32,Red Clay Consolidated School District,District,TRUE,294,McKean (Thomas) High School,TRUE,total,Districts use one school code per calculation unit; charters use calculator building rows and retain the shared charter totals; student enrollment categories use largest remainder,1,1,11001482.463699633,1606121.9443443883,2403939.2387773045,15011543.646821326,0,0,TRUE
2026,2025-09-30,32,Red Clay Consolidated School District,District,TRUE,516,Meadowood Program,TRUE,total,Districts use one school code per calculation unit; charters use calculator building rows and retain the shared charter totals; student enrollment categories use largest remainder,1,1,7735470.960576923,122573.37573223187,945645.409935798,8803689.746244952,0,0,TRUE
2026,2025-09-30,32,Red Clay Consolidated School District,District,TRUE,264,Mote (Anna P.) Elementary School,TRUE,total,Districts use one school code per calculation unit; charters use calculator building rows and retain the shared charter totals; student enrollment categories use largest remainder,1,1,4628390.689709673,590697.7739667548,904341.0587200037,6123429.522396431,0,0,TRUE
2026,2025-09-30,32,Red Clay Consolidated School District,District,TRUE,270,North Star Elementary School,TRUE,total,Districts use one school code per calculation unit; charters use calculator building rows and retain the shared charter totals; student enrollment categories use largest remainder,1,1,5531286.952431828,160255.90525185017,653118.9603142616,6344661.817997939,0,0,TRUE
2026,2025-09-30,32,Red Clay Consolidated School District,District,TRUE,529,Red Clay Early Years Program,TRUE,total,Districts use one school code per calculation unit; charters use calculator building rows and retain the shared charter totals; student enrollment categories use largest remainder,1,1,11017392.77014652,470969.7632343628,1672176.2737878093,13160538.80716869,0,0,TRUE
2026,2025-09-30,32,Red Clay Consolidated School District,District,TRUE,254,Richardson Park Elementary School,TRUE,total,Districts use one school code per calculation unit; charters use calculator building rows and retain the shared charter totals; student enrollment categories use largest remainder,1,1,6742473.182404015,1197750.2111065022,1521420.2664785488,9461643.659989066,0,0,TRUE
2026,2025-09-30,32,Red Clay Consolidated School District,District,TRUE,260,Richey Elementary School,TRUE,total,Districts use one school code per calculation unit; charters use calculator building rows and retain the shared charter totals; student enrollment categories use largest remainder,1,1,3747740.53517501,574070.9454459515,759337.112909717,5081148.593530678,0,0,TRUE
2026,2025-09-30,32,Red Clay Consolidated School District,District,TRUE,248,Shortlidge (Evan G.) Academy,TRUE,total,Districts use one school code per calculation unit; charters use calculator building rows and retain the shared charter totals; student enrollment categories use largest remainder,1,1,4430467.473629765,807366.1331284735,989013.3538362524,6226846.96059449,0,0,TRUE
2026,2025-09-30,32,Red Clay Consolidated School District,District,TRUE,280,Skyline Middle School,TRUE,total,Districts use one school code per calculation unit; charters use calculator building rows and retain the shared charter totals; student enrollment categories use largest remainder,1,1,4150667.065705128,710128.8770469896,996000.3211937628,5856796.26394588,0,0,TRUE
2026,2025-09-30,32,Red Clay Consolidated School District,District,TRUE,282,Stanton Middle School,TRUE,total,Districts use one school code per calculation unit; charters use calculator building rows and retain the shared charter totals; student enrollment categories use largest remainder,1,1,4990962.984807692,1029304.6031159826,1293092.672739626,7313360.260663302,0,0,TRUE
2026,2025-09-30,32,Red Clay Consolidated School District,District,TRUE,266,Warner Elementary School,TRUE,total,Districts use one school code per calculation unit; charters use calculator building rows and retain the shared charter totals; student enrollment categories use largest remainder,1,1,4129436.5217626505,860562.0874733059,1053585.9312286861,6043584.540464643,0,0,TRUE
2026,2025-09-30,32,Red Clay Consolidated School District,District,TRUE,271,William F. Cooke Jr. Elementary,TRUE,total,Districts use one school code per calculation unit; charters use calculator building rows and retain the shared charter totals; student enrollment categories use largest remainder,1,1,5309596.757543075,290400.4261140907,729748.118588725,6329745.30224589,0,0,TRUE
2026,2025-09-30,32,Red Clay Consolidated School District,District,TRUE,292,duPont (Alexis I.) High School,TRUE,total,Districts use one school code per calculation unit; charters use calculator building rows and retain the shared charter totals; student enrollment categories use largest remainder,1,1,5854966.906336996,1128818.1511973385,1470171.6733492743,8453956.730883611,0,0,TRUE
2026,2025-09-30,32,Red Clay Consolidated School District,District,TRUE,274,duPont (Alexis I.) Middle School,TRUE,total,Districts use one school code per calculation unit; charters use calculator building rows and retain the shared charter totals; student enrollment categories use largest remainder,1,1,4003593.94271978,833518.7488226539,1035371.0698152694,5872483.761357704,0,0,TRUE
2026,2025-09-30,32,Red Clay Consolidated School District,District,TRUE,276,duPont (H.B.) Middle School,TRUE,total,Districts use one school code per calculation unit; charters use calculator building rows and retain the shared charter totals; student enrollment categories use largest remainder,1,1,6636069.032564102,558804.943664202,1147016.3086837677,8341890.284912073,0,0,TRUE
2026,2025-09-30,23,Seaford School District,District,TRUE,761,Blades Elementary School,TRUE,total,Districts use one school code per calculation unit; charters use calculator building rows and retain the shared charter totals; student enrollment categories use largest remainder,1,1,3306617.177723511,844652.7857785488,840450.9293020244,4991720.892804084,0,0,TRUE
2026,2025-09-30,23,Seaford School District,District,TRUE,762,Frederick Douglass Elementary School,TRUE,total,Districts use one school code per calculation unit; charters use calculator building rows and retain the shared charter totals; student enrollment categories use largest remainder,1,1,3562614.6025250982,976405.5564233076,1010624.2063606452,5549644.36530905,0,0,TRUE
2026,2025-09-30,23,Seaford School District,District,TRUE,763,Seaford Autistic Program,TRUE,total,Districts use one school code per calculation unit; charters use calculator building rows and retain the shared charter totals; student enrollment categories use largest remainder,1,1,3484666.012362637,119406.36077588837,484668.05195307365,4088740.425091599,0,0,TRUE
2026,2025-09-30,23,Seaford School District,District,TRUE,759,Seaford Central Elementary School,TRUE,total,Districts use one school code per calculation unit; charters use calculator building rows and retain the shared charter totals; student enrollment categories use largest remainder,1,1,4592531.142852055,948496.2371205306,1138631.9478547552,6679659.327827341,0,0,TRUE
2026,2025-09-30,23,Seaford School District,District,TRUE,764,Seaford Middle School,TRUE,total,Districts use one school code per calculation unit; charters use calculator building rows and retain the shared charter totals; student enrollment categories use largest remainder,1,1,6594134.357756411,1468950.6090477605,1722693.6726587394,9785778.639462909,0,0,TRUE
2026,2025-09-30,23,Seaford School District,District,TRUE,766,Seaford Senior High School,TRUE,total,Districts use one school code per calculation unit; charters use calculator building rows and retain the shared charter totals; student enrollment categories use largest remainder,1,1,8271670.160457874,1632893.1176472292,2058360.5835225787,11962923.861627681,0,0,TRUE
2026,2025-09-30,23,Seaford School District,District,TRUE,768,Sussex Orthopedic Program,TRUE,total,Districts use one school code per calculation unit; charters use calculator building rows and retain the shared charter totals; student enrollment categories use largest remainder,1,1,2393843.01231685,84099.09247352768,337990.48372924386,2815932.588519621,0,0,TRUE
2026,2025-09-30,23,Seaford School District,District,TRUE,760,West Seaford Elementary School,TRUE,total,Districts use one school code per calculation unit; charters use calculator building rows and retain the shared charter totals; student enrollment categories use largest remainder,1,1,3872244.9538732874,1012653.0322908328,1014767.6404912618,5899665.626655381,0,0,TRUE
2026,2025-09-30,24,Smyrna School District,District,TRUE,680,Clayton Elementary School,TRUE,total,Districts use one school code per calculation unit; charters use calculator building rows and retain the shared charter totals; student enrollment categories use largest remainder,1,1,4618267.476699227,306037.5624610367,655231.2992828113,5579536.338443075,0,0,TRUE
2026,2025-09-30,24,Smyrna School District,District,TRUE,696,Clayton Middle School,TRUE,total,Districts use one school code per calculation unit; charters use calculator building rows and retain the shared charter totals; student enrollment categories use largest remainder,1,1,4094527.3387820516,322862.3294166115,687728.8218758833,5105118.490074547,0,0,TRUE
2026,2025-09-30,24,Smyrna School District,District,TRUE,686,Moore (John Bassett) School,TRUE,total,Districts use one school code per calculation unit; charters use calculator building rows and retain the shared charter totals; student enrollment categories use largest remainder,1,1,6634947.048122711,657650.449528204,1198508.6332324902,8491106.130883405,0,0,TRUE
2026,2025-09-30,24,Smyrna School District,District,TRUE,684,North Smyrna Elementary School,TRUE,total,Districts use one school code per calculation unit; charters use calculator building rows and retain the shared charter totals; student enrollment categories use largest remainder,1,1,8896832.501254918,640355.578790047,1405956.5687053644,10943144.648750326,0,0,TRUE
2026,2025-09-30,24,Smyrna School District,District,TRUE,682,Smyrna Elementary School,TRUE,total,Districts use one school code per calculation unit; charters use calculator building rows and retain the shared charter totals; student enrollment categories use largest remainder,1,1,4700732.358024692,438631.57145357423,773246.0525795519,5912609.982057817,0,0,TRUE
2026,2025-09-30,24,Smyrna School District,District,TRUE,688,Smyrna High School,TRUE,total,Districts use one school code per calculation unit; charters use calculator building rows and retain the shared charter totals; student enrollment categories use largest remainder,1,1,17086088.458104394,1108925.338502806,2721943.746111809,20916957.54271901,0,0,TRUE
2026,2025-09-30,24,Smyrna School District,District,TRUE,685,Smyrna Middle School,TRUE,total,Districts use one school code per calculation unit; charters use calculator building rows and retain the shared charter totals; student enrollment categories use largest remainder,1,1,9471628.926034799,715621.6686118979,1594377.204699995,11781627.799346691,0,0,TRUE
2026,2025-09-30,24,Smyrna School District,District,TRUE,681,Sunnyside Elementary School,TRUE,total,Districts use one school code per calculation unit; charters use calculator building rows and retain the shared charter totals; student enrollment categories use largest remainder,1,1,4690297.857714354,384891.2864131206,722322.4346762083,5797511.578803684,0,0,TRUE
2026,2025-09-30,77,Sussex Academy,Charter,TRUE,576,Sussex Academy,TRUE,total,Districts use one school code per calculation unit; charters use calculator building rows and retain the shared charter totals; student enrollment categories use largest remainder,3,3,9011077.547076719,377542.82202222967,1218770.8385692704,10607391.207668222,0,0,TRUE
2026,2025-09-30,9614,Sussex Montessori School,Charter,TRUE,4090,Sussex Montessori School,TRUE,total,Districts use one school code per calculation unit; charters use calculator building rows and retain the shared charter totals; student enrollment categories use largest remainder,1,1,3755428.9564373903,502392.4897543335,703945.0856498261,4961766.531841549,0,0,TRUE
2026,2025-09-30,40,Sussex Technical School District,District,TRUE,770,Sussex Technical High School,TRUE,total,Districts use one school code per calculation unit; charters use calculator building rows and retain the shared charter totals; student enrollment categories use largest remainder,1,1,13808166.958809525,1265222.4750592266,2939953.3764274316,18013342.810296185,0,0,TRUE
2026,2025-09-30,35,Woodbridge School District,District,TRUE,779,Phillis Wheatley Elementary School,TRUE,total,Districts use one school code per calculation unit; charters use calculator building rows and retain the shared charter totals; student enrollment categories use largest remainder,1,1,6356542.55746337,1105486.1581986514,1441362.619570516,8903391.335232537,0,0,TRUE
2026,2025-09-30,35,Woodbridge School District,District,TRUE,776,Woodbridge Early Childhood Education Center,TRUE,total,Districts use one school code per calculation unit; charters use calculator building rows and retain the shared charter totals; student enrollment categories use largest remainder,1,1,7470990.4767331425,1139185.176718494,1532940.6382377928,10143116.291689428,0,0,TRUE
2026,2025-09-30,35,Woodbridge School District,District,TRUE,780,Woodbridge High School,TRUE,total,Districts use one school code per calculation unit; charters use calculator building rows and retain the shared charter totals; student enrollment categories use largest remainder,1,1,7138645.15357143,921131.2485133752,1472738.9776341268,9532515.379718933,0,0,TRUE
2026,2025-09-30,35,Woodbridge School District,District,TRUE,775,Woodbridge Middle School,TRUE,total,Districts use one school code per calculation unit; charters use calculator building rows and retain the shared charter totals; student enrollment categories use largest remainder,1,1,6420414.66091575,836809.4753007295,1325557.6978101048,8582781.834026586,0,0,TRUE
