RecordType,SchoolYear,CountDate,DistrictCode,DistrictName,LEAType,IncludeInStatewide,SchoolCode,SchoolName,ModelMatchStatus,CurrentConfirmedFundingAmount,CurrentMappedFundingAmount,CurrentAssumptionFundingAmount,CurrentModelFundingAmount,CurrentComponentsMissingInput,CurrentRowsMissingInput,CurrentComponentsMissingRate,CurrentRowsMissingRate,ProposedCalculationUnitCount,ProposedPrincipalPositions,OperationalEnrollmentBasis,CharterBuildingPolicy,ProposedBaseFundingAmount,ProposedCentralOfficeFundingAmount,ProposedPositionBasedFundingAmount,ProposedComponentsMissingInput,ProposedRowsMissingInput,ProposedComponentsMissingRate,ProposedRowsMissingRate,PositionBasedComparisonBasis,FullModelComparisonBasis,CurrentModelComplete,ProposedModelComplete,ComparisonComplete,ComparisonStatus,ComparisonInterpretation,ProposedOpportunityFundingAmount,ProposedOperationalFundingAmount,Enrollment,LI,MLL,CodedSchoolCount,ProgramRecordCount,ProposedWeightedFundingAmount,ProposedModelFundingAmount,PositionBasedFundingDifference,PreliminaryPositionBasedPercentDifference,PositionBasedPercentDifference,FullModelFundingDifference,PreliminaryFullModelPercentDifference,FullModelPercentDifference,ReportPositionBasedPercentDifference,ReportGrossFullModelPercentDifference,PositionBasedDirection,GrossFullModelDirection,CurrentModeledFundingPerStudent,ProposedPositionBasedFundingPerStudent,ProposedWeightedFundingPerStudent,ProposedFullModelFundingPerStudent,AdjustedReportingScope,ExcludedLEA,WeightedPoolTreatment,PositionBasedFundingDifferencePerStudent,FullModelFundingDifferencePerStudent,GrossFullModelPercentRank,PositionBasedPercentRank
LEA,2026,2025-09-30,69,ASPIRA Delaware,Charter,TRUE,,LEA Total,Matched,11487859.5,1463247.38,1355102.65,14306209.53,3,,2,,3,3,total,Districts use one school code per calculation unit; charters use calculator building rows and retain the shared charter totals; student enrollment categories use largest remainder,14579814.46,750391.4,15330205.86,0,,0,,Current modeled funding versus proposed Base plus Central Office Funding,Current modeled funding versus all proposed funding,FALSE,TRUE,FALSE,Partial because the current model has missing inputs or rates,Preliminary arithmetic comparison only; at least one model has missing inputs or rates,2491521.6359209856,3200224.887906923,1475,402,493,1,0,5691746.523827909,21021952.38382791,1023996.3300000001,7.157705385571828,,6715742.8538279105,46.94285261057483,,7.157705385571828,46.94285261057483,Increase,Increase,9699.125105084746,10393.359905084746,3858.8112025951923,14252.171107679938,TRUE,Bryan Allen Stevenson School of Excellence,Fixed pools redistributed across the adjusted reporting scope,694.2348000000001,4553.046002595193,13,26
LEA,2026,2025-09-30,9605,Academia Antonia Alonso,Charter,TRUE,,LEA Total,Matched,6206757.81,615693.04,874334.46,7696785.3,3,,2,,2,2,total,Districts use one school code per calculation unit; charters use calculator building rows and retain the shared charter totals; student enrollment categories use largest remainder,7797349.82,702304.36,8499654.18,0,,0,,Current modeled funding versus proposed Base plus Central Office Funding,Current modeled funding versus all proposed funding,FALSE,TRUE,FALSE,Partial because the current model has missing inputs or rates,Preliminary arithmetic comparison only; at least one model has missing inputs or rates,2167043.362996556,2175080.175450694,923,275,536,1,0,4342123.53844725,12841777.71844725,802868.8799999999,10.431223539521103,,5144992.41844725,66.84599112368706,,10.431223539521103,66.84599112368706,Increase,Increase,8338.878981581798,9208.726088840736,4704.359196584236,13913.085285424972,TRUE,Bryan Allen Stevenson School of Excellence,Fixed pools redistributed across the adjusted reporting scope,869.8471072589381,5574.206303843174,2,17
LEA,2026,2025-09-30,85,Academy of Dover Charter School,Charter,TRUE,,LEA Total,Matched,3826138.06,424760.22,472605.11,4723503.39,3,,2,,2,2,total,Districts use one school code per calculation unit; charters use calculator building rows and retain the shared charter totals; student enrollment categories use largest remainder,4687541.05,677131.11,5364672.16,0,,0,,Current modeled funding versus proposed Base plus Central Office Funding,Current modeled funding versus all proposed funding,FALSE,TRUE,FALSE,Partial because the current model has missing inputs or rates,Preliminary arithmetic comparison only; at least one model has missing inputs or rates,734440.7096384584,972824.6493151489,454,180,57,1,0,1707265.3589536073,7071937.518953607,641168.7700000005,13.574008888347606,,2348434.1289536078,49.71805744705114,,13.574008888347606,49.71805744705114,Increase,Increase,10404.192488986784,11816.458502202644,3760.4963853603685,15576.954887563012,TRUE,Bryan Allen Stevenson School of Excellence,Fixed pools redistributed across the adjusted reporting scope,1412.26601321586,5172.762398576228,10,13
LEA,2026,2025-09-30,29,Appoquinimink School District,District,TRUE,,LEA Total,Matched,110705922.76,15597102.1,11960060.05,138263084.91,2,,0,,21,21,total,Districts use one school code per calculation unit; charters use calculator building rows and retain the shared charter totals; student enrollment categories use largest remainder,138596260.12,3104599.96,141700860.07,0,,0,,Current modeled funding versus proposed Base plus Central Office Funding,Current modeled funding versus all proposed funding,FALSE,TRUE,FALSE,Partial because the current model has missing inputs or rates,Preliminary arithmetic comparison only; at least one model has missing inputs or rates,6038693.450922754,18981188.713596094,12958,1415,562,21,0,25019882.164518848,166720742.23451883,3437775.1599999964,2.4864013140150587,,28457657.32451883,20.582252553559655,,2.4864013140150587,20.582252553559655,Increase,Increase,10670.094529248341,10935.39589983022,1930.8444331315673,12866.240332961786,TRUE,Bryan Allen Stevenson School of Excellence,Fixed pools redistributed across the adjusted reporting scope,265.30137058187967,2196.1458037134457,42,32
LEA,2026,2025-09-30,31,Brandywine School District,District,TRUE,,LEA Total,Matched,93929349.01,14737233.38,9869819.47,118536401.86,2,,0,,16,16,total,Districts use one school code per calculation unit; charters use calculator building rows and retain the shared charter totals; student enrollment categories use largest remainder,117058847.26,2811444.16,119870291.42,0,,0,,Current modeled funding versus proposed Base plus Central Office Funding,Current modeled funding versus all proposed funding,FALSE,TRUE,FALSE,Partial because the current model has missing inputs or rates,Preliminary arithmetic comparison only; at least one model has missing inputs or rates,9969355.34716605,19246399.552775946,10070,2526,655,16,0,29215754.899941996,149086046.319942,1333889.5600000024,1.1252995190248998,,30549644.459941998,25.772373701728622,,1.1252995190248998,25.772373701728622,Increase,Increase,11771.241495531282,11903.703219463754,2901.266623628798,14804.969843092553,TRUE,Bryan Allen Stevenson School of Excellence,Fixed pools redistributed across the adjusted reporting scope,132.46172393247292,3033.7283475612708,38,38
LEA,2026,2025-09-30,10,Caesar Rodney School District,District,TRUE,,LEA Total,Matched,69658545.58,10318597.51,7507357.89,87484500.99,2,,0,,12,12,total,Districts use one school code per calculation unit; charters use calculator building rows and retain the shared charter totals; student enrollment categories use largest remainder,85682213.09,2430516.93,88112730.03,0,,0,,Current modeled funding versus proposed Base plus Central Office Funding,Current modeled funding versus all proposed funding,FALSE,TRUE,FALSE,Partial because the current model has missing inputs or rates,Preliminary arithmetic comparison only; at least one model has missing inputs or rates,7799018.417024643,14629873.645727655,7868,1952,547,12,2,22428892.0627523,110541622.09275231,628229.0400000066,0.7181032444499134,,23057121.102752313,26.355663965423865,,0.7181032444499134,26.355663965423865,Increase,Increase,11119.026562023386,11198.872652516522,2850.647186419967,14049.51983893649,TRUE,Bryan Allen Stevenson School of Excellence,Fixed pools redistributed across the adjusted reporting scope,79.8460904931376,2930.4932769131055,36,41
LEA,2026,2025-09-30,74,Campus Community School,Charter,TRUE,,LEA Total,Matched,3071812.7,292108.15,368641.04,3732561.9,3,,2,,2,2,total,Districts use one school code per calculation unit; charters use calculator building rows and retain the shared charter totals; student enrollment categories use largest remainder,3760482.4,670768.8,4431251.2,0,,0,,Current modeled funding versus proposed Base plus Central Office Funding,Current modeled funding versus all proposed funding,FALSE,TRUE,FALSE,Partial because the current model has missing inputs or rates,Preliminary arithmetic comparison only; at least one model has missing inputs or rates,579964.9814462438,762958.9064576747,402,170,5,1,0,1342923.8879039185,5774175.087903919,698689.3000000003,18.71875989518085,,2041613.1879039188,54.69736986555853,,18.71875989518085,54.69736986555853,Increase,Increase,9284.97985074627,11023.012935323384,3340.6066863281553,14363.619621651538,TRUE,Bryan Allen Stevenson School of Excellence,Fixed pools redistributed across the adjusted reporting scope,1738.0330845771152,5078.639770905271,6,6
LEA,2026,2025-09-30,17,Cape Henlopen School District,District,TRUE,,LEA Total,Matched,62016906.82,9979639.57,6453269.65,78449816.03,2,,0,,10,10,total,Districts use one school code per calculation unit; charters use calculator building rows and retain the shared charter totals; student enrollment categories use largest remainder,76992403.35,2027341.22,79019744.57,0,,0,,Current modeled funding versus proposed Base plus Central Office Funding,Current modeled funding versus all proposed funding,FALSE,TRUE,FALSE,Partial because the current model has missing inputs or rates,Preliminary arithmetic comparison only; at least one model has missing inputs or rates,5183975.631340468,11724768.392809235,6731,1128,607,10,0,16908744.0241497,95928488.5941497,569928.5399999917,0.7264880516508098,,17478672.564149693,22.280068263596274,,0.7264880516508098,22.280068263596274,Increase,Increase,11655.001638686674,11739.673833011439,2512.0701268978905,14251.743959909329,TRUE,Bryan Allen Stevenson School of Excellence,Fixed pools redistributed across the adjusted reporting scope,84.67219432476477,2596.7423212226554,41,40
LEA,2026,2025-09-30,13,Capital School District,District,TRUE,,LEA Total,Matched,61129465.89,9963986.01,6275509.64,77368961.54,2,,0,,14,14,total,Districts use one school code per calculation unit; charters use calculator building rows and retain the shared charter totals; student enrollment categories use largest remainder,76462423.68,2015732.94,78478156.62,0,,0,,Current modeled funding versus proposed Base plus Central Office Funding,Current modeled funding versus all proposed funding,FALSE,TRUE,FALSE,Partial because the current model has missing inputs or rates,Preliminary arithmetic comparison only; at least one model has missing inputs or rates,10572474.353277205,15382570.208435852,6384,2595,815,14,0,25955044.561713055,104433201.18171306,1109195.0799999982,1.4336434894845276,,27064239.641713053,34.980745641416874,,1.4336434894845276,34.980745641416874,Increase,Increase,12119.19823621554,12292.944332706767,4065.639812298411,16358.58414500518,TRUE,Bryan Allen Stevenson School of Excellence,Fixed pools redistributed across the adjusted reporting scope,173.7460964912278,4239.385908789639,25,36
LEA,2026,2025-09-30,80,Charter School of New Castle,Charter,TRUE,,LEA Total,Matched,5420544.82,611791.47,785805.92,6818142.22,3,,2,,2,2,total,Districts use one school code per calculation unit; charters use calculator building rows and retain the shared charter totals; student enrollment categories use largest remainder,6671097.33,693862.47,7364959.8,0,,0,,Current modeled funding versus proposed Base plus Central Office Funding,Current modeled funding versus all proposed funding,FALSE,TRUE,FALSE,Partial because the current model has missing inputs or rates,Preliminary arithmetic comparison only; at least one model has missing inputs or rates,1252397.4795756761,1494919.3546166553,759,360,21,1,0,2747316.8341923314,10112276.63419233,546817.5800000001,8.02003775157392,,3294134.414192331,48.314252004446026,,8.02003775157392,48.314252004446026,Increase,Increase,8983.059578392622,9703.504347826087,3619.6532729806736,13323.15762080676,TRUE,Bryan Allen Stevenson School of Excellence,Fixed pools redistributed across the adjusted reporting scope,720.4447694334652,4340.098042414138,11,23
LEA,2026,2025-09-30,70,Charter School of Wilmington,Charter,TRUE,,LEA Total,Matched,5378638.51,692224.57,389439.08,6460302.16,3,,2,,1,1,total,Districts use one school code per calculation unit; charters use calculator building rows and retain the shared charter totals; student enrollment categories use largest remainder,6672784.75,697149.01,7369933.76,0,,0,,Current modeled funding versus proposed Base plus Central Office Funding,Current modeled funding versus all proposed funding,FALSE,TRUE,FALSE,Partial because the current model has missing inputs or rates,Preliminary arithmetic comparison only; at least one model has missing inputs or rates,102917.78236082788,731667.7030124032,980,28,4,1,0,834585.4853732311,8204519.24537323,909631.5999999996,14.080325927046108,,1744217.0853732303,26.99900162832678,,14.080325927046108,26.99900162832678,Increase,Increase,6592.14506122449,7520.340571428571,851.6178422175827,8371.958413646153,TRUE,Bryan Allen Stevenson School of Excellence,Fixed pools redistributed across the adjusted reporting scope,928.1955102040813,1779.8133524216635,35,12
LEA,2026,2025-09-30,33,Christina School District,District,TRUE,,LEA Total,Matched,140634758.27,26543187.43,14002532.04,181180477.74,2,,0,,29,29,total,Districts use one school code per calculation unit; charters use calculator building rows and retain the shared charter totals; student enrollment categories use largest remainder,176708698.95,3317336.07,180026035.02,0,,0,,Current modeled funding versus proposed Base plus Central Office Funding,Current modeled funding versus all proposed funding,FALSE,TRUE,FALSE,Partial because the current model has missing inputs or rates,Preliminary arithmetic comparison only; at least one model has missing inputs or rates,19243743.263106328,32198908.56309222,12799,4434,1899,29,1,51442651.82619855,231468686.84619856,-1154442.7199999988,-0.637178317664369,,50288209.10619855,27.75586516465852,,-0.637178317664369,27.75586516465852,Decrease,Increase,14155.830747714666,14065.632863504961,4019.2711794826587,18084.904042987622,TRUE,Bryan Allen Stevenson School of Excellence,Fixed pools redistributed across the adjusted reporting scope,-90.19788420970379,3929.073295272955,34,42
LEA,2026,2025-09-30,34,Colonial School District,District,TRUE,,LEA Total,Matched,81557732.16,12917363.81,8594391.95,103069487.92,2,,0,,14,14,total,Districts use one school code per calculation unit; charters use calculator building rows and retain the shared charter totals; student enrollment categories use largest remainder,101395004.22,2691201.51,104086205.73,0,,0,,Current modeled funding versus proposed Base plus Central Office Funding,Current modeled funding versus all proposed funding,FALSE,TRUE,FALSE,Partial because the current model has missing inputs or rates,Preliminary arithmetic comparison only; at least one model has missing inputs or rates,11630328.498342132,18872287.519069303,8273,2635,1212,14,1,30502616.017411433,134588821.74741143,1016717.8100000024,0.9864391785754808,,31519333.827411428,30.580664038882155,,0.9864391785754808,30.580664038882155,Increase,Increase,12458.538368185664,12581.434271727307,3687.0078589884483,16268.442130715754,TRUE,Bryan Allen Stevenson School of Excellence,Fixed pools redistributed across the adjusted reporting scope,122.89590354164177,3809.9037625300894,29,39
LEA,2026,2025-09-30,79,Delaware Military Academy,Charter,TRUE,,LEA Total,Matched,3628167.24,363661.29,234831.92,4226660.45,3,,2,,1,1,total,Districts use one school code per calculation unit; charters use calculator building rows and retain the shared charter totals; student enrollment categories use largest remainder,4417510.94,677239.59,5094750.53,0,,0,,Current modeled funding versus proposed Base plus Central Office Funding,Current modeled funding versus all proposed funding,FALSE,TRUE,FALSE,Partial because the current model has missing inputs or rates,Preliminary arithmetic comparison only; at least one model has missing inputs or rates,247859.50039690244,608145.5147760025,555,63,16,1,0,856005.0151729049,5950755.545172906,868090.0800000001,20.53843904115837,,1724095.0951729054,40.79095341507514,,20.53843904115837,40.79095341507514,Increase,Increase,7615.604414414414,9179.730684684686,1542.3513786899189,10722.082063374604,TRUE,Bryan Allen Stevenson School of Excellence,Fixed pools redistributed across the adjusted reporting scope,1564.1262702702704,3106.47764896019,20,5
LEA,2026,2025-09-30,37,Delmar School District,District,TRUE,,LEA Total,Matched,10387276.82,1232183.28,1029775.32,12649235.42,3,,0,,2,2,total,Districts use one school code per calculation unit; charters use calculator building rows and retain the shared charter totals; student enrollment categories use largest remainder,12841716.39,740432.22,13582148.61,0,,0,,Current modeled funding versus proposed Base plus Central Office Funding,Current modeled funding versus all proposed funding,FALSE,TRUE,FALSE,Partial because the current model has missing inputs or rates,Preliminary arithmetic comparison only; at least one model has missing inputs or rates,841345.4417009451,1983950.1219741718,1471,189,90,2,0,2825295.5636751167,16407444.173675116,932913.1899999995,7.375253594576544,,3758208.753675116,29.71095587115823,,7.375253594576544,29.71095587115823,Increase,Increase,8599.072345343304,9233.275737593473,1920.6631976037504,11153.938935197224,TRUE,Bryan Allen Stevenson School of Excellence,Fixed pools redistributed across the adjusted reporting scope,634.2033922501696,2554.86658985392,31,24
LEA,2026,2025-09-30,9604,Early College High School at Del State,Charter,TRUE,,LEA Total,Matched,3860474.69,443904.4,331796.27,4636175.36,3,,2,,1,1,total,Districts use one school code per calculation unit; charters use calculator building rows and retain the shared charter totals; student enrollment categories use largest remainder,4694352.81,679736.59,5374089.4,0,,0,,Current modeled funding versus proposed Base plus Central Office Funding,Current modeled funding versus all proposed funding,FALSE,TRUE,FALSE,Partial because the current model has missing inputs or rates,Preliminary arithmetic comparison only; at least one model has missing inputs or rates,661387.9045459556,1005969.9053554103,597,186,17,1,0,1667357.809901366,7041447.209901366,737914.04,15.916439364364335,,2405271.849901366,51.88051924553099,,15.916439364364335,51.88051924553099,Increase,Increase,7765.787872696818,9001.824790619767,2792.8941539386365,11794.718944558403,TRUE,Bryan Allen Stevenson School of Excellence,Fixed pools redistributed across the adjusted reporting scope,1236.036917922948,4028.9310718615848,9,8
LEA,2026,2025-09-30,72,East Side Charter School,Charter,TRUE,,LEA Total,Matched,3687655.32,358027.34,475187,4520869.66,3,,2,,2,2,total,Districts use one school code per calculation unit; charters use calculator building rows and retain the shared charter totals; student enrollment categories use largest remainder,4570529.81,676150.02,5246679.83,0,,0,,Current modeled funding versus proposed Base plus Central Office Funding,Current modeled funding versus all proposed funding,FALSE,TRUE,FALSE,Partial because the current model has missing inputs or rates,Preliminary arithmetic comparison only; at least one model has missing inputs or rates,1102503.0289909572,1197213.804166712,460,327,4,1,0,2299716.8331576693,7546396.66315767,725810.1699999999,16.054658165039864,,3025527.0031576697,66.9235618519838,,16.054658165039864,66.9235618519838,Increase,Increase,9827.97752173913,11405.825717391304,4999.384419907977,16405.210137299284,TRUE,Bryan Allen Stevenson School of Excellence,Fixed pools redistributed across the adjusted reporting scope,1577.8481956521737,6577.232615560151,1,7
LEA,2026,2025-09-30,76,Edison (Thomas A.) Charter School,Charter,TRUE,,LEA Total,Matched,4346960.89,582409.55,592530.35,5521900.79,3,,2,,3,3,total,Districts use one school code per calculation unit; charters use calculator building rows and retain the shared charter totals; student enrollment categories use largest remainder,5445486.31,682563.14,6128049.45,0,,0,,Current modeled funding versus proposed Base plus Central Office Funding,Current modeled funding versus all proposed funding,FALSE,TRUE,FALSE,Partial because the current model has missing inputs or rates,Preliminary arithmetic comparison only; at least one model has missing inputs or rates,1369653.4226648293,1452845.371605784,538,409,1,1,0,2822498.794270613,8950548.244270613,606148.6600000001,10.977174039376397,,3428647.4542706134,62.09179745640836,,10.977174039376397,62.09179745640836,Increase,Increase,10263.756115241637,11390.426486988848,5246.2802867483515,16636.706773737198,TRUE,Bryan Allen Stevenson School of Excellence,Fixed pools redistributed across the adjusted reporting scope,1126.6703717472121,6372.950658495564,4,16
LEA,2026,2025-09-30,9607,First State Military Academy,Charter,TRUE,,LEA Total,Matched,3242737.17,427051.56,159480.29,3829269.02,3,,2,,1,1,total,Districts use one school code per calculation unit; charters use calculator building rows and retain the shared charter totals; student enrollment categories use largest remainder,3943700.47,672460.47,4616160.95,0,,0,,Current modeled funding versus proposed Base plus Central Office Funding,Current modeled funding versus all proposed funding,FALSE,TRUE,FALSE,Partial because the current model has missing inputs or rates,Preliminary arithmetic comparison only; at least one model has missing inputs or rates,286837.50555473275,631239.8541171071,424,67,27,1,0,918077.3596718399,5534238.30967184,786891.9300000002,20.549403186094253,,1704969.2896718397,44.524667260694045,,20.549403186094253,44.524667260694045,Increase,Increase,9031.294858490566,10887.172051886793,2165.2767916788675,13052.44884356566,TRUE,Bryan Allen Stevenson School of Excellence,Fixed pools redistributed across the adjusted reporting scope,1855.8771933962269,4021.1539850750937,17,4
LEA,2026,2025-09-30,9606,First State Montessori Academy,Charter,TRUE,,LEA Total,Matched,4723815.91,505881.01,651437.1,5881134.02,3,,2,,2,2,total,Districts use one school code per calculation unit; charters use calculator building rows and retain the shared charter totals; student enrollment categories use largest remainder,5948034.43,687298.31,6635332.74,0,,0,,Current modeled funding versus proposed Base plus Central Office Funding,Current modeled funding versus all proposed funding,FALSE,TRUE,FALSE,Partial because the current model has missing inputs or rates,Preliminary arithmetic comparison only; at least one model has missing inputs or rates,218613.614697158,740807.8570333194,648,64,2,1,0,959421.4717304774,7594754.211730477,754198.7200000007,12.824035593053882,,1713620.1917304778,29.13758104989551,,12.824035593053882,29.13758104989551,Increase,Increase,9075.82410493827,10239.71101851852,1480.5886909420947,11720.299709460613,TRUE,Bryan Allen Stevenson School of Excellence,Fixed pools redistributed across the adjusted reporting scope,1163.886913580248,2644.4756045223426,33,14
LEA,2026,2025-09-30,9612,Freire Charter School Wilmington,Charter,TRUE,,LEA Total,Matched,3331480.99,433571.56,270727.41,4035779.96,3,,2,,1,1,total,Districts use one school code per calculation unit; charters use calculator building rows and retain the shared charter totals; student enrollment categories use largest remainder,3992750.09,671902.99,4664653.08,0,,0,,Current modeled funding versus proposed Base plus Central Office Funding,Current modeled funding versus all proposed funding,FALSE,TRUE,FALSE,Partial because the current model has missing inputs or rates,Preliminary arithmetic comparison only; at least one model has missing inputs or rates,632612.5284383324,883049.4710314184,370,176,19,1,0,1515661.9994697508,6180315.079469751,628873.1200000001,15.58244320138802,,2144535.1194697507,53.13805858408967,,15.58244320138802,53.13805858408967,Increase,Increase,10907.513405405405,12607.170486486486,4096.383782350677,16703.554268837164,TRUE,Bryan Allen Stevenson School of Excellence,Fixed pools redistributed across the adjusted reporting scope,1699.6570810810813,5796.040863431758,7,10
LEA,2026,2025-09-30,92,Gateway Charter School,Charter,TRUE,,LEA Total,Matched,2342754.34,317708.47,266407.4,2926870.21,3,,2,,2,2,total,Districts use one school code per calculation unit; charters use calculator building rows and retain the shared charter totals; student enrollment categories use largest remainder,2925906.35,662644.79,3588551.14,0,,0,,Current modeled funding versus proposed Base plus Central Office Funding,Current modeled funding versus all proposed funding,FALSE,TRUE,FALSE,Partial because the current model has missing inputs or rates,Preliminary arithmetic comparison only; at least one model has missing inputs or rates,336934.3952842695,546815.406568041,211,98,4,1,0,883749.8018523105,4472300.941852311,661680.9300000002,22.607115537248237,,1545430.7318523107,52.80147806254486,,22.607115537248237,52.80147806254486,Increase,Increase,13871.422796208532,17007.351374407583,4188.387686503841,21195.739060911426,TRUE,Bryan Allen Stevenson School of Excellence,Fixed pools redistributed across the adjusted reporting scope,3135.928578199053,7324.316264702894,8,3
LEA,2026,2025-09-30,9611,Great Oaks Charter School,Charter,TRUE,,LEA Total,Matched,1723313.78,295033.38,79797.84,2098145,3,,2,,1,1,total,Districts use one school code per calculation unit; charters use calculator building rows and retain the shared charter totals; student enrollment categories use largest remainder,1961675.93,656673.13,2618349.06,0,,0,,Current modeled funding versus proposed Base plus Central Office Funding,Current modeled funding versus all proposed funding,FALSE,TRUE,FALSE,Partial because the current model has missing inputs or rates,Preliminary arithmetic comparison only; at least one model has missing inputs or rates,302488.14040844864,449542.69980807864,141,87,5,1,0,752030.8402165272,3370379.9002165273,520204.06000000006,24.793522849946026,,1272234.9002165273,60.636176251714126,,24.793522849946026,60.636176251714126,Increase,Increase,14880.460992907801,18569.851489361703,5333.552058273242,23903.403547634945,TRUE,Bryan Allen Stevenson School of Excellence,Fixed pools redistributed across the adjusted reporting scope,3689.390496453901,9022.942554727144,5,1
LEA,2026,2025-09-30,36,Indian River School District,District,TRUE,,LEA Total,Matched,94192467.7,14400944.62,10024463.45,118617875.78,2,,0,,15,15,total,Districts use one school code per calculation unit; charters use calculator building rows and retain the shared charter totals; student enrollment categories use largest remainder,117188081.3,2821594.2,120009675.5,0,,0,,Current modeled funding versus proposed Base plus Central Office Funding,Current modeled funding versus all proposed funding,FALSE,TRUE,FALSE,Partial because the current model has missing inputs or rates,Preliminary arithmetic comparison only; at least one model has missing inputs or rates,14694039.325607989,22392515.37942381,10620,2523,2689,15,0,37086554.7050318,157096230.2050318,1391799.7199999988,1.1733473650981265,,38478354.42503181,32.43891712948681,,1.1733473650981265,32.43891712948681,Increase,Increase,11169.291504708099,11300.34609227872,3492.1426275924478,14792.48871987117,TRUE,Bryan Allen Stevenson School of Excellence,Fixed pools redistributed across the adjusted reporting scope,131.05458757062135,3623.1972151630707,27,37
LEA,2026,2025-09-30,82,Kuumba Academy Charter School,Charter,TRUE,,LEA Total,Matched,4262945.6,415038.94,527574.45,5205558.98,3,,2,,2,2,total,Districts use one school code per calculation unit; charters use calculator building rows and retain the shared charter totals; student enrollment categories use largest remainder,5326448.17,682202.7,6008650.86,0,,0,,Current modeled funding versus proposed Base plus Central Office Funding,Current modeled funding versus all proposed funding,FALSE,TRUE,FALSE,Partial because the current model has missing inputs or rates,Preliminary arithmetic comparison only; at least one model has missing inputs or rates,1147993.8774502547,1296958.5810533278,556,342,2,1,0,2444952.4585035825,8453603.318503583,803091.8799999999,15.42758199619899,,3248044.3385035824,62.39568797477312,,15.42758199619899,62.39568797477312,Increase,Increase,9362.516151079137,10806.926007194244,4397.396508099969,15204.322515294214,TRUE,Bryan Allen Stevenson School of Excellence,Fixed pools redistributed across the adjusted reporting scope,1444.4098561151077,5841.806364215076,3,11
LEA,2026,2025-09-30,15,Lake Forest School District,District,TRUE,,LEA Total,Matched,31751848.24,3987307.6,3434913.97,39174069.81,3,,0,,7,7,total,Districts use one school code per calculation unit; charters use calculator building rows and retain the shared charter totals; student enrollment categories use largest remainder,39529819.06,1096577.54,40626396.6,0,,0,,Current modeled funding versus proposed Base plus Central Office Funding,Current modeled funding versus all proposed funding,FALSE,TRUE,FALSE,Partial because the current model has missing inputs or rates,Preliminary arithmetic comparison only; at least one model has missing inputs or rates,4339088.985867243,7166824.042314924,3764,1190,155,7,0,11505913.028182168,52132309.62818217,1452326.789999999,3.707367646619301,,12958239.81818217,33.07861521928035,,3.707367646619301,33.07861521928035,Increase,Increase,10407.563711477153,10793.410361317747,3056.8313039803847,13850.241665298134,TRUE,Bryan Allen Stevenson School of Excellence,Fixed pools redistributed across the adjusted reporting scope,385.84664984059486,3442.6779538209803,26,30
LEA,2026,2025-09-30,16,Laurel School District,District,TRUE,,LEA Total,Matched,20188362.3,2518861.72,2254292.71,24961516.73,3,,0,,4,4,total,Districts use one school code per calculation unit; charters use calculator building rows and retain the shared charter totals; student enrollment categories use largest remainder,25254336.19,827779.25,26082115.44,0,,0,,Current modeled funding versus proposed Base plus Central Office Funding,Current modeled funding versus all proposed funding,FALSE,TRUE,FALSE,Partial because the current model has missing inputs or rates,Preliminary arithmetic comparison only; at least one model has missing inputs or rates,4578528.840931451,5721394.8810891,2499,965,581,4,0,10299923.722020552,36382039.16202055,1120598.710000001,4.489305366020524,,11420522.432020549,45.75251798819899,,4.489305366020524,45.75251798819899,Increase,Increase,9988.60213285314,10437.020984393757,4121.618136062646,14558.639120456402,TRUE,Bryan Allen Stevenson School of Excellence,Fixed pools redistributed across the adjusted reporting scope,448.41885154061663,4570.036987603261,15,29
LEA,2026,2025-09-30,88,MOT Charter School,Charter,TRUE,,LEA Total,Matched,9637851.29,1122730.9,1061312.14,11821894.33,3,,2,,3,3,total,Districts use one school code per calculation unit; charters use calculator building rows and retain the shared charter totals; student enrollment categories use largest remainder,12181395.37,735631.14,12917026.51,0,,0,,Current modeled funding versus proposed Base plus Central Office Funding,Current modeled funding versus all proposed funding,FALSE,TRUE,FALSE,Partial because the current model has missing inputs or rates,Preliminary arithmetic comparison only; at least one model has missing inputs or rates,406223.12363980286,1552004.6581992449,1390,86,51,1,0,1958227.7818390478,14875254.291839048,1095132.1799999997,9.263593037039096,,3053359.961839048,25.828009256440783,,9.263593037039096,25.828009256440783,Increase,Increase,8504.959949640288,9292.824827338129,1408.796965351833,10701.621792689963,TRUE,Bryan Allen Stevenson School of Excellence,Fixed pools redistributed across the adjusted reporting scope,787.8648776978415,2196.661843049675,37,21
LEA,2026,2025-09-30,18,Milford School District,District,TRUE,,LEA Total,Matched,35342010.45,4127832.64,3876122.92,43345966.01,3,,0,,7,7,total,Districts use one school code per calculation unit; charters use calculator building rows and retain the shared charter totals; student enrollment categories use largest remainder,43882383.53,1468431.9,45350815.44,0,,0,,Current modeled funding versus proposed Base plus Central Office Funding,Current modeled funding versus all proposed funding,FALSE,TRUE,FALSE,Partial because the current model has missing inputs or rates,Preliminary arithmetic comparison only; at least one model has missing inputs or rates,7021810.86182864,9313410.356832085,4514,1347,1082,7,0,16335221.218660725,61686036.658660725,2004849.4299999997,4.625227246146682,,18340070.648660727,42.31090534337068,,4.625227246146682,42.31090534337068,Increase,Increase,9602.562252990696,10046.702578644217,3618.790699747613,13665.49327839183,TRUE,Bryan Allen Stevenson School of Excellence,Fixed pools redistributed across the adjusted reporting scope,444.1403256535223,4062.9310254011357,18,28
LEA,2026,2025-09-30,38,New Castle County Vocational-Technical School District,District,TRUE,,LEA Total,Matched,41225495.08,4637743.41,2889019.27,48752257.75,3,,0,,5,5,total,Districts use one school code per calculation unit; charters use calculator building rows and retain the shared charter totals; student enrollment categories use largest remainder,51799400.71,1520255.18,53319655.89,0,,0,,Current modeled funding versus proposed Base plus Central Office Funding,Current modeled funding versus all proposed funding,FALSE,TRUE,FALSE,Partial because the current model has missing inputs or rates,Preliminary arithmetic comparison only; at least one model has missing inputs or rates,5089130.803033931,10949579.244672328,4938,1218,437,5,1,16038710.04770626,69358365.93770626,4567398.140000001,9.368587939909307,,20606108.187706262,42.26698236904989,,9.368587939909307,42.26698236904989,Increase,Increase,9872.875202511139,10797.824198055892,3248.0174256189266,14045.84162367482,TRUE,Bryan Allen Stevenson School of Excellence,Fixed pools redistributed across the adjusted reporting scope,924.9489955447551,4172.966421163682,19,20
LEA,2026,2025-09-30,89,Newark Charter School,Charter,TRUE,,LEA Total,Matched,22033617.88,2671211.32,2639599.89,27344429.09,3,,2,,4,4,total,Districts use one school code per calculation unit; charters use calculator building rows and retain the shared charter totals; student enrollment categories use largest remainder,27818164.3,1019896.83,28838061.14,0,,0,,Current modeled funding versus proposed Base plus Central Office Funding,Current modeled funding versus all proposed funding,FALSE,TRUE,FALSE,Partial because the current model has missing inputs or rates,Preliminary arithmetic comparison only; at least one model has missing inputs or rates,1154531.4844144653,3639407.6622500126,3156,298,68,1,0,4793939.146664478,33632000.28666448,1493632.0500000007,5.462290125290016,,6287571.196664479,22.99397502858773,,5.462290125290016,22.99397502858773,Increase,Increase,8664.26777249683,9137.53521546261,1518.9921250521159,10656.527340514727,TRUE,Bryan Allen Stevenson School of Excellence,Fixed pools redistributed across the adjusted reporting scope,473.2674429657797,1992.2595680178956,40,27
LEA,2026,2025-09-30,86,Odyssey Charter School,Charter,TRUE,,LEA Total,Matched,16961737.7,1814999.77,2183720.08,20960457.55,3,,2,,4,4,total,Districts use one school code per calculation unit; charters use calculator building rows and retain the shared charter totals; student enrollment categories use largest remainder,21672954.82,805065.25,22478020.06,0,,0,,Current modeled funding versus proposed Base plus Central Office Funding,Current modeled funding versus all proposed funding,FALSE,TRUE,FALSE,Partial because the current model has missing inputs or rates,Preliminary arithmetic comparison only; at least one model has missing inputs or rates,2447714.716528227,3845744.199729304,2402,501,332,1,0,6293458.91625753,28771478.97625753,1517562.509999998,7.240121101268602,,7811021.426257528,37.26551010456128,,7.240121101268602,37.26551010456128,Increase,Increase,8726.252102414655,9358.043322231473,2620.091139158006,11978.13446138948,TRUE,Bryan Allen Stevenson School of Excellence,Fixed pools redistributed across the adjusted reporting scope,631.7912198168184,3251.8823589748245,22,25
LEA,2026,2025-09-30,39,Polytech School District,District,TRUE,,LEA Total,Matched,10556312.31,1095732.5,703657.3,12355702.11,3,,0,,1,1,total,Districts use one school code per calculation unit; charters use calculator building rows and retain the shared charter totals; student enrollment categories use largest remainder,12889934.26,737269.26,13627203.52,0,,0,,Current modeled funding versus proposed Base plus Central Office Funding,Current modeled funding versus all proposed funding,FALSE,TRUE,FALSE,Partial because the current model has missing inputs or rates,Preliminary arithmetic comparison only; at least one model has missing inputs or rates,727828.8116860185,2401079.428608433,1252,201,24,1,0,3128908.2402944514,16756111.76029445,1271501.4100000001,10.290806614469279,,4400409.650294451,35.6144038689069,,10.290806614469279,35.6144038689069,Increase,Increase,9868.771653354632,10884.347859424919,2499.127987455632,13383.475846880552,TRUE,Bryan Allen Stevenson School of Excellence,Fixed pools redistributed across the adjusted reporting scope,1015.5762060702876,3514.7041935259194,23,18
LEA,2026,2025-09-30,71,Positive Outcomes Charter School,Charter,TRUE,,LEA Total,Matched,1982637.69,416320.98,97532.12,2496490.79,3,,2,,2,2,total,Districts use one school code per calculation unit; charters use calculator building rows and retain the shared charter totals; student enrollment categories use largest remainder,2424068.4,658301.64,3082370.04,0,,0,,Current modeled funding versus proposed Base plus Central Office Funding,Current modeled funding versus all proposed funding,FALSE,TRUE,FALSE,Partial because the current model has missing inputs or rates,Preliminary arithmetic comparison only; at least one model has missing inputs or rates,200585.66822009283,404866.5377165193,117,60,0,1,0,605452.2059366121,3687822.245936612,585879.25,23.468111813062205,,1191331.455936612,47.72024237816684,,23.468111813062205,47.72024237816684,Increase,Increase,21337.52811965812,26345.043076923077,5174.805178945402,31519.84825586848,TRUE,Bryan Allen Stevenson School of Excellence,Fixed pools redistributed across the adjusted reporting scope,5007.514957264957,10182.32013621036,12,2
LEA,2026,2025-09-30,87,Providence Creek Academy Charter School,Charter,TRUE,,LEA Total,Matched,5727225.97,553749.72,801114.9,7082090.6,3,,2,,2,2,total,Districts use one school code per calculation unit; charters use calculator building rows and retain the shared charter totals; student enrollment categories use largest remainder,7037047.06,696693.82,7733740.89,0,,0,,Current modeled funding versus proposed Base plus Central Office Funding,Current modeled funding versus all proposed funding,FALSE,TRUE,FALSE,Partial because the current model has missing inputs or rates,Preliminary arithmetic comparison only; at least one model has missing inputs or rates,450475.7889619394,1020688.480780551,786,125,14,1,0,1471164.2697424903,9204905.15974249,651650.29,9.201383133957648,,2122814.55974249,29.974405576546705,,9.201383133957648,29.974405576546705,Increase,Increase,9010.293384223918,9839.365,1871.710266847952,11711.07526684795,TRUE,Bryan Allen Stevenson School of Excellence,Fixed pools redistributed across the adjusted reporting scope,829.0716157760814,2700.7818826240327,30,22
LEA,2026,2025-09-30,32,Red Clay Consolidated School District,District,TRUE,,LEA Total,Matched,130864685.05,19856385.69,14111569.11,164832639.85,2,,0,,27,27,total,Districts use one school code per calculation unit; charters use calculator building rows and retain the shared charter totals; student enrollment categories use largest remainder,164046495.68,3272010.35,167318506.03,0,,0,,Current modeled funding versus proposed Base plus Central Office Funding,Current modeled funding versus all proposed funding,FALSE,TRUE,FALSE,Partial because the current model has missing inputs or rates,Preliminary arithmetic comparison only; at least one model has missing inputs or rates,19150260.43625067,30419782.46200667,14335,4131,2294,27,0,49570042.898257345,216888548.92825735,2485866.180000007,1.508115250876392,,52055909.07825735,31.581068607303113,,1.508115250876392,31.581068607303113,Increase,Increase,11498.614569236135,11672.02692919428,3457.9729960416703,15129.99992523595,TRUE,Bryan Allen Stevenson School of Excellence,Fixed pools redistributed across the adjusted reporting scope,173.4123599581449,3631.385355999815,28,35
LEA,2026,2025-09-30,23,Seaford School District,District,TRUE,,LEA Total,Matched,30221839.2,3966893.8,3246839.38,37435572.38,3,,0,,8,8,total,Districts use one school code per calculation unit; charters use calculator building rows and retain the shared charter totals; student enrollment categories use largest remainder,37435565.53,1082385.75,38517951.27,0,,0,,Current modeled funding versus proposed Base plus Central Office Funding,Current modeled funding versus all proposed funding,FALSE,TRUE,FALSE,Partial because the current model has missing inputs or rates,Preliminary arithmetic comparison only; at least one model has missing inputs or rates,7093675.0111094685,8616058.890446253,3631,1349,1110,8,0,15709733.90155572,54227685.17155573,1082378.8900000006,2.8913111812823855,,16792112.791555725,44.856033243201935,,2.8913111812823855,44.856033243201935,Increase,Increase,10309.989639217847,10608.083522445608,4326.558496710471,14934.642019156081,TRUE,Bryan Allen Stevenson School of Excellence,Fixed pools redistributed across the adjusted reporting scope,298.0938832277611,4624.652379938233,16,31
LEA,2026,2025-09-30,24,Smyrna School District,District,TRUE,,LEA Total,Matched,50753156.39,7369894.16,5378082.62,63501133.17,3,,0,,8,8,total,Districts use one school code per calculation unit; charters use calculator building rows and retain the shared charter totals; student enrollment categories use largest remainder,62898708.88,1763756.64,64662465.51,0,,0,,Current modeled funding versus proposed Base plus Central Office Funding,Current modeled funding versus all proposed funding,FALSE,TRUE,FALSE,Partial because the current model has missing inputs or rates,Preliminary arithmetic comparison only; at least one model has missing inputs or rates,4578925.059535342,9768238.73289781,5721,1213,225,8,0,14347163.792433154,79009629.30243315,1161332.3399999961,1.82883719081197,,15508496.132433146,24.42239273260696,,1.82883719081197,24.42239273260696,Increase,Increase,11099.656208704771,11302.650849501835,2507.8069904620093,13810.457839963843,TRUE,Bryan Allen Stevenson School of Excellence,Fixed pools redistributed across the adjusted reporting scope,202.99464079706277,2710.801631259071,39,33
LEA,2026,2025-09-30,77,Sussex Academy,Charter,TRUE,,LEA Total,Matched,7399276.44,732289.74,892933.94,9024500.12,3,,2,,3,3,total,Districts use one school code per calculation unit; charters use calculator building rows and retain the shared charter totals; student enrollment categories use largest remainder,9350739.49,715962.69,10066702.18,0,,0,,Current modeled funding versus proposed Base plus Central Office Funding,Current modeled funding versus all proposed funding,FALSE,TRUE,FALSE,Partial because the current model has missing inputs or rates,Preliminary arithmetic comparison only; at least one model has missing inputs or rates,377868.7297988144,1219885.2894072048,1190,81,46,1,0,1597754.0192060191,11664456.199206019,1042202.0600000005,11.548584920402226,,2639956.0792060196,29.25321119288788,,11.548584920402226,29.25321119288788,Increase,Increase,7583.613546218487,8459.413596638655,1342.6504363075792,9802.064032946235,TRUE,Bryan Allen Stevenson School of Excellence,Fixed pools redistributed across the adjusted reporting scope,875.8000504201685,2218.4504867277474,32,15
LEA,2026,2025-09-30,9614,Sussex Montessori School,Charter,TRUE,,LEA Total,Matched,3202476.71,383881.49,363940.44,3950298.64,3,,2,,1,1,total,Districts use one school code per calculation unit; charters use calculator building rows and retain the shared charter totals; student enrollment categories use largest remainder,3896561.43,671623.56,4568184.99,0,,0,,Current modeled funding versus proposed Base plus Central Office Funding,Current modeled funding versus all proposed funding,FALSE,TRUE,FALSE,Partial because the current model has missing inputs or rates,Preliminary arithmetic comparison only; at least one model has missing inputs or rates,502826.1720011093,704588.7769539957,392,133,25,1,0,1207414.948955105,5775599.938955105,617886.3500000001,15.641509827722798,,1825301.2989551048,46.20666600930973,,15.641509827722798,46.20666600930973,Increase,Increase,10077.292448979591,11653.533137755103,3080.14017590588,14733.673313660982,TRUE,Bryan Allen Stevenson School of Excellence,Fixed pools redistributed across the adjusted reporting scope,1576.2406887755105,4656.3808646813895,14,9
LEA,2026,2025-09-30,40,Sussex Technical School District,District,TRUE,,LEA Total,Matched,11590973.46,1325743.95,781774.35,13698491.76,3,,0,,1,1,total,Districts use one school code per calculation unit; charters use calculator building rows and retain the shared charter totals; student enrollment categories use largest remainder,14328223.57,746918.11,15075141.68,0,,0,,Current modeled funding versus proposed Base plus Central Office Funding,Current modeled funding versus all proposed funding,FALSE,TRUE,FALSE,Partial because the current model has missing inputs or rates,Preliminary arithmetic comparison only; at least one model has missing inputs or rates,1266314.6580373663,2942641.686157335,1349,282,139,1,0,4208956.344194701,19284098.024194703,1376649.92,10.049645932699383,,5585606.264194703,40.77533762150983,,10.049645932699383,40.77533762150983,Increase,Increase,10154.552824314307,11175.04942920682,3120.0565931762053,14295.106022383026,TRUE,Bryan Allen Stevenson School of Excellence,Fixed pools redistributed across the adjusted reporting scope,1020.4966048925129,4140.553198068719,21,19
LEA,2026,2025-09-30,35,Woodbridge School District,District,TRUE,,LEA Total,Matched,23293884.16,3446552.4,2530782.82,29271219.39,3,,0,,4,4,total,Districts use one school code per calculation unit; charters use calculator building rows and retain the shared charter totals; student enrollment categories use largest remainder,28789511.19,1016660.41,29806171.6,0,,0,,Current modeled funding versus proposed Base plus Central Office Funding,Current modeled funding versus all proposed funding,FALSE,TRUE,FALSE,Partial because the current model has missing inputs or rates,Preliminary arithmetic comparison only; at least one model has missing inputs or rates,4006067.2492964026,5777878.430759279,2603,862,483,4,0,9783945.680055682,39590117.28005569,534952.2100000009,1.8275706347333038,,10318897.890055686,35.25270933393693,,1.8275706347333038,35.25270933393693,Increase,Increase,11245.18608912793,11450.699807913947,3758.7190472745606,15209.418855188509,TRUE,Bryan Allen Stevenson School of Excellence,Fixed pools redistributed across the adjusted reporting scope,205.51371878601648,3964.232766060579,24,34
