AnalysisSection,SourceModel,SourceComponent,ComparisonCategory,ComparisonGroup,MappingStatus,QuantityStatus,RateStatus,IncludeInPreliminary,IncludeInFinal,DisplayOrder,OutstandingQuestion,Notes
Opportunity and Operational Funding,Current,Current Opportunity Funding analogue,Opportunity Funding,Weighted Funding,Pending confirmation,Missing,Not applicable,True,True,300,Identify the FY2025-26 current Opportunity Funding analogue and provide an LEA-level allocation file.,Enter confirmed LEA amounts in current_opportunity_operational_funding.csv.
Opportunity and Operational Funding,Proposed,Opportunity Funding - Low Income,Opportunity - Low Income,Weighted Funding,Confirmed,Confirmed,Confirmed,True,True,310,,The Recreated Current Model has no directly comparable weighted component in this pipeline.
Opportunity and Operational Funding,Proposed,Opportunity Funding - Multilingual Learner,Opportunity - Multilingual Learner,Weighted Funding,Confirmed,Confirmed,Confirmed,True,True,320,,The Recreated Current Model has no directly comparable weighted component in this pipeline.
Opportunity and Operational Funding,Current,Current Operational Funding analogue,Operational Funding,Weighted Funding,Pending confirmation,Missing,Not applicable,True,True,330,Identify the FY2025-26 current Operational Funding analogue or analogues and provide an LEA-level allocation file.,Enter confirmed LEA amounts in current_opportunity_operational_funding.csv.
Opportunity and Operational Funding,Proposed,Operational Funding - Enrollment,Operational - Enrollment,Weighted Funding,Confirmed,Confirmed,Confirmed,True,True,330,,The Recreated Current Model has no directly comparable weighted component in this pipeline.
Opportunity and Operational Funding,Proposed,Operational Funding - Low Income,Operational - Low Income,Weighted Funding,Confirmed,Confirmed,Confirmed,True,True,340,,The Recreated Current Model has no directly comparable weighted component in this pipeline.
Opportunity and Operational Funding,Proposed,Operational Funding - Multilingual Learner,Operational - Multilingual Learner,Weighted Funding,Confirmed,Confirmed,Confirmed,True,True,350,,The Recreated Current Model has no directly comparable weighted component in this pipeline.
Opportunity and Operational Funding,Proposed,Operational Funding - Basic Special Education,Operational - Basic Special Education,Weighted Funding,Confirmed,Confirmed,Confirmed,True,True,360,,The Recreated Current Model has no directly comparable weighted component in this pipeline.
Opportunity and Operational Funding,Proposed,Operational Funding - Intensive Special Education,Operational - Intensive Special Education,Weighted Funding,Confirmed,Confirmed,Confirmed,True,True,370,,The Recreated Current Model has no directly comparable weighted component in this pipeline.
Opportunity and Operational Funding,Proposed,Operational Funding - Complex Special Education,Operational - Complex Special Education,Weighted Funding,Confirmed,Confirmed,Confirmed,True,True,380,,The Recreated Current Model has no directly comparable weighted component in this pipeline.
Opportunity and Operational Funding,Proposed,Operational Funding - Vocational,Operational - Vocational,Weighted Funding,Confirmed,Confirmed,Confirmed,True,True,390,,The Recreated Current Model has no directly comparable weighted component in this pipeline.
Staffing rules,Current,Division I Teacher - K-3 Regular Education,K-3 Regular Education Teachers,Base Division I,Confirmed,Confirmed,Confirmed,True,True,10,,
Staffing rules,Proposed,Division I Teacher - K-3 Regular Education,K-3 Regular Education Teachers,Base Division I,Confirmed,Confirmed,Confirmed,True,True,10,,
Staffing rules,Current,Division I Teacher - 4-12 Regular Education,Grades 4-12 Regular Education Teachers,Base Division I,Confirmed,Confirmed,Confirmed,True,True,20,,
Staffing rules,Proposed,Division I Teacher - 4-12 Regular Education,Grades 4-12 Regular Education Teachers,Base Division I,Confirmed,Confirmed,Confirmed,True,True,20,,
Staffing rules,Current,Division I Teacher - Basic Special Education,Basic Special Education Teachers,Base Division I,Confirmed,Confirmed,Confirmed,True,True,30,,Combined with current Basic Pre-K units for comparison with the proposed Pre-K-12 Basic category.
Staffing rules,Current,Division I Teacher - Pre-K,Basic Special Education Teachers,Base Division I,Confirmed,Confirmed,Confirmed,True,True,30,,Combined with current Basic K-12 units for comparison with the proposed Pre-K-12 Basic category.
Staffing rules,Proposed,Division I Teacher - Pre-K-12 Basic Special Education,Basic Special Education Teachers,Base Division I,Confirmed,Confirmed,Confirmed,True,True,30,,Compared with the sum of current Basic Pre-K and Basic K-12 positions.
Staffing rules,Current,Division I Teacher - Intensive Special Education,Intensive Special Education Teachers,Base Division I,Confirmed,Confirmed,Confirmed,True,True,40,,
Staffing rules,Proposed,Division I Teacher - Intensive Special Education,Intensive Special Education Teachers,Base Division I,Confirmed,Confirmed,Confirmed,True,True,40,,
Staffing rules,Current,Division I Teacher - Complex Special Education,Complex Special Education Teachers,Base Division I,Confirmed,Confirmed,Confirmed,True,True,50,,
Staffing rules,Proposed,Division I Teacher - Complex Special Education,Complex Special Education Teachers,Base Division I,Confirmed,Confirmed,Confirmed,True,True,50,,
Staffing rules,Current,Vocational Deduct,Net Vocational Division I Positions,Base Division I,Confirmed,Confirmed,Confirmed,True,True,60,,Reported vocational positions and the vocational deduction are combined as a net quantity.
Staffing rules,Current,Vocational Division I,Net Vocational Division I Positions,Base Division I,Confirmed,Confirmed,Confirmed,True,True,60,,Reported vocational positions and the vocational deduction are combined as a net quantity.
Staffing rules,Proposed,Vocational Deduct,Net Vocational Division I Positions,Base Division I,Confirmed,Confirmed,Confirmed,True,True,60,,Combined with Vocational Division I as a net quantity.
Staffing rules,Proposed,Vocational Division I,Net Vocational Division I Positions,Base Division I,Confirmed,Confirmed,Confirmed,True,True,60,,Combined with the vocational deduction as a net quantity.
Staffing rules,Current,Principal,Principal,Additional Base,Confirmed,Confirmed,Confirmed,True,True,70,,
Staffing rules,Proposed,Principal,Principal,Additional Base,Confirmed,Confirmed,Confirmed,True,True,70,,
Staffing rules,Current,Assistant Principal,Assistant Principal,Additional Base,Confirmed,Confirmed,Confirmed,True,True,80,,
Staffing rules,Proposed,Assistant Principal,Assistant Principal,Additional Base,Confirmed,Confirmed,Confirmed,True,True,80,,
Staffing rules,Current,Secretary,Administrative Support Professionals,Additional Base,Confirmed,Confirmed,Confirmed,True,True,90,,Externally confirmed functional crosswalk from current secretaries to the broader proposed Administrative Support Professionals category; the position definitions are not identical.
Staffing rules,Proposed,Administrative Support Professionals,Administrative Support Professionals,Additional Base,Confirmed,Confirmed,Confirmed,True,True,90,,Compared with current secretaries through an externally confirmed functional crosswalk; the proposed category has broader scope.
Staffing rules,Current,Academic Excellence,Instructional Supports,Additional Base,Confirmed,Confirmed,Confirmed,True,True,100,,Documented current support function included in the aggregate comparison with the proposed consolidated Instructional Supports category.
Staffing rules,Current,Counselor / Social Worker,Instructional Supports,Additional Base,Confirmed,Confirmed,Confirmed,True,True,100,,Externally confirmed functional crosswalk to proposed Instructional Supports; the position definitions are not identical.
Staffing rules,Current,Driver Education Teacher,Instructional Supports,Additional Base,Confirmed,Confirmed,Confirmed,True,True,100,,Documented current support function included in the aggregate comparison with the proposed consolidated Instructional Supports category.
Staffing rules,Current,Nurse,Instructional Supports,Additional Base,Confirmed,Confirmed,Confirmed,True,True,100,,Documented current support function included in the aggregate comparison with the proposed consolidated Instructional Supports category.
Staffing rules,Current,Related Services Specialist - Basic,Instructional Supports,Additional Base,Confirmed,Confirmed,Confirmed,True,True,100,,Documented current support function included in the aggregate comparison with the proposed consolidated Instructional Supports category.
Staffing rules,Current,Related Services Specialist - Complex,Instructional Supports,Additional Base,Confirmed,Confirmed,Confirmed,True,True,100,,Documented current support function included in the aggregate comparison with the proposed consolidated Instructional Supports category.
Staffing rules,Current,Related Services Specialist - Intensive,Instructional Supports,Additional Base,Confirmed,Confirmed,Confirmed,True,True,100,,Documented current support function included in the aggregate comparison with the proposed consolidated Instructional Supports category.
Staffing rules,Current,School Psychologist,Instructional Supports,Additional Base,Confirmed,Confirmed,Confirmed,True,True,100,,Externally confirmed functional crosswalk to proposed Instructional Supports; the position definitions are not identical.
Staffing rules,Current,Visiting Teacher,Instructional Supports,Additional Base,Confirmed,Confirmed,Confirmed,True,True,100,,Externally confirmed functional crosswalk to proposed Instructional Supports; the position definitions are not identical.
Staffing rules,Proposed,Instructional Supports,Instructional Supports,Additional Base,Confirmed,Confirmed,Confirmed,True,True,100,,Compared with the aggregate of separately named current support functions. The remaining functional crosswalks and common-rate assignments are now documented or externally confirmed.
Staffing rules,Current,Cafeteria Manager,Cafeteria Managers,Outside formula,Confirmed,Not required,Not applicable,False,False,110,,Cafeteria managers are funded outside the proposed position formula and excluded from the apples-to-apples position-based estimate. Charter quantities remain documented separately.
Staffing rules,Current,Cafeteria Worker,Cafeteria Workers,Outside formula,Confirmed,Not required,Not applicable,False,False,120,,Cafeteria workers are funded outside the proposed position formula and excluded from the apples-to-apples position-based estimate. Charter quantities and district salary allocations remain documented separately.
Staffing rules,Current,Custodians,Custodians,Outside formula,Confirmed,Not required,Not applicable,False,False,130,,Custodian positions are site-evaluated and funded outside the proposed position formula. They are excluded from the apples-to-apples position-based estimate; custodial-unit data remain relevant only to Buildings and Grounds Supervisor eligibility.
Staffing rules,Current,Superintendent,Superintendent,Central Office,Confirmed,Confirmed,Confirmed,True,True,200,,
Staffing rules,Proposed,Superintendent,Superintendent,Central Office,Confirmed,Confirmed,Confirmed,True,True,200,,
Staffing rules,Current,Administrative Assistant,Administrative Assistant,Central Office,Confirmed,Confirmed,Confirmed,True,True,210,,
Staffing rules,Proposed,Administrative Assistant,Administrative Assistant,Central Office,Confirmed,Confirmed,Confirmed,True,True,210,,
Staffing rules,Current,Assistant Superintendent,Assistant Superintendent,Central Office,Confirmed,Confirmed,Confirmed,True,True,220,,
Staffing rules,Proposed,Assistant Superintendent,Assistant Superintendent,Central Office,Confirmed,Confirmed,Confirmed,True,True,220,,
Staffing rules,Current,Director,Director,Central Office,Confirmed,Confirmed,Confirmed,True,True,230,,
Staffing rules,Proposed,Director,Director,Central Office,Confirmed,Confirmed,Confirmed,True,True,230,,
Staffing rules,Current,11-Month Supervisor,11-Month Supervisor,Central Office,Confirmed,Confirmed,Confirmed,True,True,240,,
Staffing rules,Proposed,11-Month Supervisor,11-Month Supervisor,Central Office,Confirmed,Confirmed,Confirmed,True,True,240,,
Staffing rules,Current,Buildings and Grounds Supervisor,Buildings and Grounds Supervisor,Central Office,Confirmed,Missing,Confirmed,True,True,250,Need FY2025-26 custodial units by LEA to apply the 95-unit threshold.,
Staffing rules,Proposed,Buildings and Grounds Supervisor,Buildings and Grounds Supervisor,Central Office,Confirmed,Confirmed,Confirmed,True,True,250,,
Staffing rules,Current,Food Services Supervisor,Food Services Supervisor,Central Office,Confirmed,Provisional,Confirmed,True,True,260,Need lunch-program building counts to complete eligibility below 500 Division I units.,
Staffing rules,Proposed,Food Services Supervisor,Food Services Supervisor,Central Office,Confirmed,Confirmed,Confirmed,True,True,260,,
Staffing rules,Current,Transportation Supervisor,Transportation Supervisor,Central Office,Confirmed,Confirmed,Confirmed,True,True,270,,
Staffing rules,Proposed,Transportation Supervisor,Transportation Supervisor,Central Office,Confirmed,Confirmed,Confirmed,True,True,270,,
Staffing rules,Current,Reading Cadre,Reading Cadre,Central Office,Confirmed,Confirmed,Confirmed,True,True,280,,
Staffing rules,Proposed,Reading Cadre,Reading Cadre,Central Office,Confirmed,Confirmed,Confirmed,True,True,280,,
