AggregationLevel,SchoolYear,CountDate,DistrictCode,DistrictName,SchoolCode,SchoolName,Enrollment,LI,MLL,K8Enrollment,Grade10Enrollment
School,2026,2025-09-30,9605,Academia Antonia Alonso,4045,Academia Antonia Alonso,923,275,536,923,0
School,2026,2025-09-30,85,Academy of Dover Charter School,584,Academy Of Dover Charter School,454,180,57,454,0
School,2026,2025-09-30,29,Appoquinimink School District,24,Appoquinimink High School,1299,145,59,0,328
School,2026,2025-09-30,29,Appoquinimink School District,13,Appoquinimink PreSchool Center,142,21,0,0,0
School,2026,2025-09-30,29,Appoquinimink School District,36,Brick Mill Early Childhood Center,307,43,15,214,0
School,2026,2025-09-30,29,Appoquinimink School District,21,Brick Mill Elementary School,524,93,29,524,0
School,2026,2025-09-30,29,Appoquinimink School District,28,Bunker Hill Elementary School,535,95,42,535,0
School,2026,2025-09-30,29,Appoquinimink School District,33,Cantwells Bridge Middle School,835,83,19,835,0
School,2026,2025-09-30,29,Appoquinimink School District,22,Cedar Lane Early Childhood Center,270,12,32,270,0
School,2026,2025-09-30,29,Appoquinimink School District,11,Cedar Lane Elementary School,625,24,36,625,0
School,2026,2025-09-30,29,Appoquinimink School District,37,Crystal Run Elementary School,427,31,15,427,0
School,2026,2025-09-30,29,Appoquinimink School District,35,Lorewood Grove Elementary School,562,41,47,562,0
School,2026,2025-09-30,29,Appoquinimink School District,20,Loss (Olive B.) Elementary School,499,47,39,499,0
School,2026,2025-09-30,29,Appoquinimink School District,17,Meredith (Everett) Middle School,815,90,39,815,0
School,2026,2025-09-30,29,Appoquinimink School District,18,Middletown High School,1210,133,38,0,328
School,2026,2025-09-30,29,Appoquinimink School District,34,Odessa High School,1260,106,19,0,335
School,2026,2025-09-30,29,Appoquinimink School District,32,Old State Elementary School,759,78,9,759,0
School,2026,2025-09-30,29,Appoquinimink School District,16,Redding (Louis L.) Middle School,548,117,29,548,0
School,2026,2025-09-30,29,Appoquinimink School District,10,Silver Lake Elementary School,537,102,32,537,0
School,2026,2025-09-30,29,Appoquinimink School District,29,Spring Meadow Early Childhood Center,199,27,4,199,0
School,2026,2025-09-30,29,Appoquinimink School District,27,Townsend Early Childhood Center,192,32,12,192,0
School,2026,2025-09-30,29,Appoquinimink School District,14,Townsend Elementary School,444,44,18,444,0
School,2026,2025-09-30,29,Appoquinimink School District,23,Waters (Alfred G.) Middle School,969,51,29,969,0
School,2026,2025-09-30,69,ASPIRA Delaware,568,ASPIRA Academy,1475,402,493,1097,90
School,2026,2025-09-30,31,Brandywine School District,190,Brandywine High School,862,206,55,0,210
School,2026,2025-09-30,31,Brandywine School District,510,Bush (Charles W.) Pre-School,280,77,0,0,0
School,2026,2025-09-30,31,Brandywine School District,112,Carrcroft Elementary School,457,146,24,457,0
School,2026,2025-09-30,31,Brandywine School District,151,Claymont Elementary School,912,266,162,912,0
School,2026,2025-09-30,31,Brandywine School District,194,Concord High School,997,204,33,0,248
School,2026,2025-09-30,31,Brandywine School District,170,duPont (Pierre S.) Middle School,657,184,27,657,0
School,2026,2025-09-30,31,Brandywine School District,124,Forwood Elementary School,386,80,27,386,0
School,2026,2025-09-30,31,Brandywine School District,110,Hanby Elementary School,500,88,24,500,0
School,2026,2025-09-30,31,Brandywine School District,156,Harlan (David W. ) Elementary School,340,159,14,340,0
School,2026,2025-09-30,31,Brandywine School District,128,Lancashire Elementary School,523,80,35,523,0
School,2026,2025-09-30,31,Brandywine School District,130,Lombardy Elementary School,451,96,19,451,0
School,2026,2025-09-30,31,Brandywine School District,132,Maple Lane Elementary School,370,111,38,370,0
School,2026,2025-09-30,31,Brandywine School District,176,Mount Pleasant Elementary School,654,194,36,654,0
School,2026,2025-09-30,31,Brandywine School District,196,Mount Pleasant High School,1019,230,57,0,265
School,2026,2025-09-30,31,Brandywine School District,178,Springer Middle School,768,175,32,768,0
School,2026,2025-09-30,31,Brandywine School District,180,Talley Middle School,894,230,72,894,0
School,2026,2025-09-30,9615,Bryan Allen Stevenson School of Excellence,4110,Bryan Allen Stevenson School of Excellence,123,40,3,104,0
School,2026,2025-09-30,10,Caesar Rodney School District,610,Allen Frear Elementary School,523,99,25,523,0
School,2026,2025-09-30,10,Caesar Rodney School District,626,Caesar Rodney High School,2256,478,148,0,556
School,2026,2025-09-30,10,Caesar Rodney School District,623,David E. Robinson Elementary School,486,147,44,486,0
School,2026,2025-09-30,10,Caesar Rodney School District,621,F. Niel Postlethwait Middle School,712,180,53,712,0
School,2026,2025-09-30,10,Caesar Rodney School District,625,Fred Fifer III Middle School,750,199,48,750,0
School,2026,2025-09-30,10,Caesar Rodney School District,611,J. Ralph McIlvaine Early Childhood Center,462,124,44,462,0
School,2026,2025-09-30,10,Caesar Rodney School District,630,John S. Charlton School,452,91,10,293,13
School,2026,2025-09-30,10,Caesar Rodney School District,613,Magnolia Middle School,471,101,23,471,0
School,2026,2025-09-30,10,Caesar Rodney School District,616,Nellie Hughes Stokes Elementary School,465,124,20,465,0
School,2026,2025-09-30,10,Caesar Rodney School District,618,Star Hill Elementary School,368,136,33,311,0
School,2026,2025-09-30,10,Caesar Rodney School District,620,W. B. Simpson Elementary School,436,119,10,436,0
School,2026,2025-09-30,10,Caesar Rodney School District,622,W. Reily Brown Elementary School,487,154,89,487,0
School,2026,2025-09-30,74,Campus Community School,573,Campus Community School,402,170,5,402,0
School,2026,2025-09-30,17,Cape Henlopen School District,724,Beacon Middle School,491,81,26,491,0
School,2026,2025-09-30,17,Cape Henlopen School District,726,Cape Henlopen High School,1889,282,175,0,486
School,2026,2025-09-30,17,Cape Henlopen School District,716,Frederick D Thomas Middle School,498,94,32,498,0
School,2026,2025-09-30,17,Cape Henlopen School District,710,H. O. Brittingham Elementary School,494,102,49,494,0
School,2026,2025-09-30,17,Cape Henlopen School District,712,Lewes Elementary School,594,103,75,594,0
School,2026,2025-09-30,17,Cape Henlopen School District,718,Love Creek Elementary School,646,85,51,646,0
School,2026,2025-09-30,17,Cape Henlopen School District,720,Mariner Middle School,547,89,54,547,0
School,2026,2025-09-30,17,Cape Henlopen School District,721,Milton Elementary School,563,86,85,563,0
School,2026,2025-09-30,17,Cape Henlopen School District,722,Rehoboth Elementary School,556,106,50,556,0
School,2026,2025-09-30,17,Cape Henlopen School District,728,Sussex Consortium,453,100,10,171,23
School,2026,2025-09-30,13,Capital School District,636,Booker T. Washington Elementary School,312,139,27,312,0
School,2026,2025-09-30,13,Capital School District,645,Capital Early Childhood Center,37,18,0,0,0
School,2026,2025-09-30,13,Capital School District,644,Central Elementary School,584,262,122,584,0
School,2026,2025-09-30,13,Capital School District,648,Dover High School,1728,592,234,0,367
School,2026,2025-09-30,13,Capital School District,632,East Dover Early Childhood Center,383,178,51,302,0
School,2026,2025-09-30,13,Capital School District,638,Fairview Early Childhood Center,171,87,27,136,0
School,2026,2025-09-30,13,Capital School District,640,Hartly Elementary School,301,79,27,301,0
School,2026,2025-09-30,13,Capital School District,650,Kent County Community School,265,85,11,175,11
School,2026,2025-09-30,13,Capital School District,655,Kent County Secondary ILC,81,49,1,35,16
School,2026,2025-09-30,13,Capital School District,633,Middle School of Excellence,586,224,55,586,0
School,2026,2025-09-30,13,Capital School District,637,Middle School of Innovation,663,273,88,663,0
School,2026,2025-09-30,13,Capital School District,635,North Dover Elementary School,328,149,39,328,0
School,2026,2025-09-30,13,Capital School District,634,South Dover Elementary School,623,305,89,623,0
School,2026,2025-09-30,13,Capital School District,642,Towne Point Elementary School,322,155,44,322,0
School,2026,2025-09-30,80,Charter School of New Castle,579,Charter School of New Castle,759,360,21,759,0
School,2026,2025-09-30,70,Charter School of Wilmington,295,Charter School of Wilmington,980,28,4,0,249
School,2026,2025-09-30,33,Christina School District,339,Brader (Henry M.) Elementary School,320,108,47,320,0
School,2026,2025-09-30,33,Christina School District,538,Brennen School (The),426,104,3,278,13
School,2026,2025-09-30,33,Christina School District,310,Brookside Elementary School,257,118,69,257,0
School,2026,2025-09-30,33,Christina School District,390,Christiana High School,1333,319,148,284,294
School,2026,2025-09-30,33,Christina School District,545,Christina Early Education Center,411,114,0,0,0
School,2026,2025-09-30,33,Christina School District,540,Delaware School for the Deaf School (DSD),105,28,7,53,11
School,2026,2025-09-30,33,Christina School District,537,Douglass School,130,80,4,38,26
School,2026,2025-09-30,33,Christina School District,318,Downes (John R.) Elementary School,371,87,52,371,0
School,2026,2025-09-30,33,Christina School District,320,Gallaher (Robert S.) Elementary School,474,181,93,474,0
School,2026,2025-09-30,33,Christina School District,372,Gauger-Cobbs Middle School,638,202,141,638,0
School,2026,2025-09-30,33,Christina School District,392,Glasgow High School,907,314,192,0,234
School,2026,2025-09-30,33,Christina School District,314,Jones (Albert H.) Elementary School,322,134,34,322,0
School,2026,2025-09-30,33,Christina School District,321,Keene (William B.) Elementary School,419,138,40,419,0
School,2026,2025-09-30,33,Christina School District,374,Kirk (George V.) Middle School,566,178,108,566,0
School,2026,2025-09-30,33,Christina School District,322,Leasure (May B.) Elementary School,295,120,38,295,0
School,2026,2025-09-30,33,Christina School District,324,Maclary (R. Elisabeth) Elementary School,231,74,50,231,0
School,2026,2025-09-30,33,Christina School District,312,Marshall (Thurgood) Elementary School,543,110,75,543,0
School,2026,2025-09-30,33,Christina School District,353,Maurice Pritchett SR. Academy,558,390,36,558,0
School,2026,2025-09-30,33,Christina School District,326,McVey (Joseph M.) Elementary School,324,117,30,324,0
School,2026,2025-09-30,33,Christina School District,394,Newark High School,993,333,151,0,254
School,2026,2025-09-30,33,Christina School District,327,Oberle (William) Elementary School,486,134,210,486,0
School,2026,2025-09-30,33,Christina School District,358,Pulaski Early Education Center,77,41,10,57,0
School,2026,2025-09-30,33,Christina School District,512,REACH/CBIP,212,55,3,96,4
School,2026,2025-09-30,33,Christina School District,376,Shue-Medill Middle School,701,245,79,701,0
School,2026,2025-09-30,33,Christina School District,330,Smith (Jennie E.) Elementary School,410,151,101,410,0
School,2026,2025-09-30,33,Christina School District,362,Stubbs Early Education Center,125,86,6,84,0
School,2026,2025-09-30,33,Christina School District,352,The Bayard School,549,346,107,549,0
School,2026,2025-09-30,33,Christina School District,332,West Park Place Elementary School,333,67,33,333,0
School,2026,2025-09-30,33,Christina School District,334,Wilson (Etta J.) Elementary School,283,60,32,283,0
School,2026,2025-09-30,34,Colonial School District,470,Bedford (Gunning) Middle School,844,209,74,844,0
School,2026,2025-09-30,34,Colonial School District,412,Castle Hills Elementary School,410,162,99,410,0
School,2026,2025-09-30,34,Colonial School District,410,Downie (Carrie) Elementary School,282,112,55,282,0
School,2026,2025-09-30,34,Colonial School District,456,Eisenberg (Harry O.) Elementary School,435,196,99,435,0
School,2026,2025-09-30,34,Colonial School District,514,Leach (John G.) School,92,14,1,25,3
School,2026,2025-09-30,34,Colonial School District,476,McCullough (Calvin R. ) Middle School,571,229,108,571,0
School,2026,2025-09-30,34,Colonial School District,432,New Castle Elementary School,349,133,77,349,0
School,2026,2025-09-30,34,Colonial School District,490,Penn (William) High School,2005,593,310,0,538
School,2026,2025-09-30,34,Colonial School District,418,Pleasantville Elementary School,390,135,61,390,0
School,2026,2025-09-30,34,Colonial School District,474,Read (George) Middle School,593,190,116,593,0
School,2026,2025-09-30,34,Colonial School District,427,Southern Elementary School,753,216,49,753,0
School,2026,2025-09-30,34,Colonial School District,450,The Colwyck Center,226,72,0,0,0
School,2026,2025-09-30,34,Colonial School District,422,Wilbur (Kathleen H.) Elementary,1009,279,116,1009,0
School,2026,2025-09-30,34,Colonial School District,420,Wilmington Manor Elementary School,314,95,47,314,0
School,2026,2025-09-30,79,Delaware Military Academy,578,Delaware Military Academy,555,63,16,0,150
School,2026,2025-09-30,37,Delmar School District,730,Delmar High School,694,82,38,0,175
School,2026,2025-09-30,37,Delmar School District,733,Delmar Middle School,777,107,52,767,0
School,2026,2025-09-30,14,Dover Air Force Base,893,Dover AFB Off Base,74,4,0,13,14
School,2026,2025-09-30,14,Dover Air Force Base,891,Dover Air Force Base Middle School,118,3,4,118,0
School,2026,2025-09-30,14,Dover Air Force Base,892,Major George S. Welch Elementary School,285,15,4,285,0
School,2026,2025-09-30,9604,Early College High School at Del State,4040,Early College School at Del State,597,186,17,184,133
School,2026,2025-09-30,72,East Side Charter School,571,East Side Charter School,460,327,4,460,0
School,2026,2025-09-30,76,Edison (Thomas A.) Charter School,575,Edison (Thomas A.) Charter School,538,409,1,538,0
School,2026,2025-09-30,9607,First State Military Academy,4055,First State Military Academy,424,67,27,0,116
School,2026,2025-09-30,9606,First State Montessori Academy,4050,First State Montessori Academy,648,64,2,648,0
School,2026,2025-09-30,9612,Freire Charter School Wilmington,4080,Freire Charter School,370,176,19,71,64
School,2026,2025-09-30,92,Gateway Charter School,543,Gateway Charter School,211,98,4,211,0
School,2026,2025-09-30,9611,Great Oaks Charter School,4075,Great Oaks Charter School,141,87,5,0,39
School,2026,2025-09-30,36,Indian River School District,732,Clayton (John M.) Elementary School,440,114,138,440,0
School,2026,2025-09-30,36,Indian River School District,738,East Millsboro Elementary School,775,233,136,775,0
School,2026,2025-09-30,36,Indian River School District,750,Ennis (Howard T.) School,339,92,28,178,16
School,2026,2025-09-30,36,Indian River School District,734,Georgetown Elementary School,854,257,411,854,0
School,2026,2025-09-30,36,Indian River School District,743,Georgetown Middle School,846,205,285,846,0
School,2026,2025-09-30,36,Indian River School District,746,Indian River High School,1059,149,120,0,242
School,2026,2025-09-30,36,Indian River School District,745,Indian River Intensive Learning Center,109,31,0,10,0
School,2026,2025-09-30,36,Indian River School District,690,Long Neck Elementary School,698,228,182,698,0
School,2026,2025-09-30,36,Indian River School District,736,Lord Baltimore Elementary School,559,86,29,559,0
School,2026,2025-09-30,36,Indian River School District,692,North Georgetown Elementary School,789,217,500,789,0
School,2026,2025-09-30,36,Indian River School District,742,Selbyville Middle School,744,122,85,744,0
School,2026,2025-09-30,36,Indian River School District,740,Showell (Phillip C.) Elementary School,318,71,77,318,0
School,2026,2025-09-30,36,Indian River School District,749,Southern Delaware School of the Arts,403,47,18,403,0
School,2026,2025-09-30,36,Indian River School District,748,Sussex Central High School,1952,466,586,0,530
School,2026,2025-09-30,36,Indian River School District,786,Sussex Central Middle,735,205,94,735,0
School,2026,2025-09-30,82,Kuumba Academy Charter School,581,Kuumba Academy Charter School,556,342,2,556,0
School,2026,2025-09-30,15,Lake Forest School District,664,Chipman (W.T.) Middle School,916,317,41,916,0
School,2026,2025-09-30,15,Lake Forest School District,663,Delaware Early Childhood Center,85,26,0,0,0
School,2026,2025-09-30,15,Lake Forest School District,669,Lake Forest Central Elementary School,592,188,17,592,0
School,2026,2025-09-30,15,Lake Forest School District,658,Lake Forest East Elementary School,355,96,45,355,0
School,2026,2025-09-30,15,Lake Forest School District,665,Lake Forest High School,1005,277,45,0,279
School,2026,2025-09-30,15,Lake Forest School District,660,Lake Forest North Elementary School,398,120,2,398,0
School,2026,2025-09-30,15,Lake Forest School District,662,Lake Forest South Elementary School,413,166,5,413,0
School,2026,2025-09-30,16,Laurel School District,783,Laurel Elementary School,977,385,232,977,0
School,2026,2025-09-30,16,Laurel School District,782,Laurel Middle School,365,135,82,365,0
School,2026,2025-09-30,16,Laurel School District,756,Laurel Senior High School,683,229,141,0,199
School,2026,2025-09-30,16,Laurel School District,752,North Laurel Early Learning Academy,474,216,126,426,0
School,2026,2025-09-30,18,Milford School District,668,Banneker (Benjamin) Elementary School,357,122,110,328,0
School,2026,2025-09-30,18,Milford School District,675,Milford Central Academy,690,200,136,690,0
School,2026,2025-09-30,18,Milford School District,676,Milford Middle School,704,217,146,704,0
School,2026,2025-09-30,18,Milford School District,678,Milford Senior High School,1231,328,266,0,286
School,2026,2025-09-30,18,Milford School District,673,Mispillion Elementary,483,170,154,483,0
School,2026,2025-09-30,18,Milford School District,670,Morris (Evelyn I.) Early Childhood,435,124,96,392,0
School,2026,2025-09-30,18,Milford School District,672,Ross (Lulu M.) Elementary School,614,186,174,614,0
School,2026,2025-09-30,88,MOT Charter School,587,MOT Charter School,1390,86,51,689,184
School,2026,2025-09-30,38,New Castle County Vocational-Technical School District,539,Delcastle ILC,36,7,1,0,5
School,2026,2025-09-30,38,New Castle County Vocational-Technical School District,80,Delcastle Technical High School,1634,386,236,0,414
School,2026,2025-09-30,38,New Castle County Vocational-Technical School District,66,Hodgson (Paul M.) Vocational Technical High School,1151,302,59,0,278
School,2026,2025-09-30,38,New Castle County Vocational-Technical School District,26,Howard High School of Technology,913,367,118,0,238
School,2026,2025-09-30,38,New Castle County Vocational-Technical School District,44,St. Georges Technical High School,1204,156,23,0,292
School,2026,2025-09-30,89,Newark Charter School,588,Newark Charter School,3156,298,68,2208,241
School,2026,2025-09-30,86,Odyssey Charter School,585,Odyssey Charter School,2402,501,332,1937,104
School,2026,2025-09-30,39,POLYTECH School District,652,POLYTECH High School,1252,201,24,0,330
School,2026,2025-09-30,71,Positive Outcomes Charter School,570,Positive Outcomes Charter School,117,60,0,32,26
School,2026,2025-09-30,87,Providence Creek Academy Charter School,586,Providence Creek Academy Charter School,786,125,14,786,0
School,2026,2025-09-30,32,Red Clay Consolidated School District,252,Baltz (Austin D.) Elementary School,522,215,166,522,0
School,2026,2025-09-30,32,Red Clay Consolidated School District,261,Brandywine Springs School,983,143,75,983,0
School,2026,2025-09-30,32,Red Clay Consolidated School District,286,Calloway (Cab) School of the Arts,941,100,19,453,117
School,2026,2025-09-30,32,Red Clay Consolidated School District,284,Conrad Schools of Science,1163,170,52,506,168
School,2026,2025-09-30,32,Red Clay Consolidated School District,290,Dickinson (John) School,1030,278,224,270,194
School,2026,2025-09-30,32,Red Clay Consolidated School District,292,duPont (Alexis I.) High School,543,253,122,0,140
School,2026,2025-09-30,32,Red Clay Consolidated School District,274,duPont (Alexis I.) Middle School,411,182,97,411,0
School,2026,2025-09-30,32,Red Clay Consolidated School District,276,duPont (H.B.) Middle School,775,129,55,775,0
School,2026,2025-09-30,32,Red Clay Consolidated School District,530,First State School,19,14,2,10,2
School,2026,2025-09-30,32,Red Clay Consolidated School District,240,Forest Oak Elementary School,436,136,190,436,0
School,2026,2025-09-30,32,Red Clay Consolidated School District,242,Heritage Elementary School,486,85,23,486,0
School,2026,2025-09-30,32,Red Clay Consolidated School District,244,Johnson (Joseph E. Jr) Elementary School,228,167,11,228,0
School,2026,2025-09-30,32,Red Clay Consolidated School District,246,Lewis (William C.) Dual Language Elementary School,355,175,126,355,0
School,2026,2025-09-30,32,Red Clay Consolidated School District,250,Linden Hill Elementary School,517,65,77,517,0
School,2026,2025-09-30,32,Red Clay Consolidated School District,256,Marbrook Elementary School,490,145,126,490,0
School,2026,2025-09-30,32,Red Clay Consolidated School District,294,McKean (Thomas) High School,917,320,231,0,226
School,2026,2025-09-30,32,Red Clay Consolidated School District,516,Meadowood Program,156,36,1,77,4
School,2026,2025-09-30,32,Red Clay Consolidated School District,264,Mote (Anna P.) Elementary School,299,110,96,299,0
School,2026,2025-09-30,32,Red Clay Consolidated School District,270,North Star Elementary School,582,25,33,582,0
School,2026,2025-09-30,32,Red Clay Consolidated School District,529,Red Clay Early Years Program,358,141,0,0,0
School,2026,2025-09-30,32,Red Clay Consolidated School District,254,Richardson Park Elementary School,539,243,166,539,0
School,2026,2025-09-30,32,Red Clay Consolidated School District,260,Richey Elementary School,385,128,63,385,0
School,2026,2025-09-30,32,Red Clay Consolidated School District,248,Shortlidge (Evan G.) Academy,340,225,24,340,0
School,2026,2025-09-30,32,Red Clay Consolidated School District,280,Skyline Middle School,385,175,54,385,0
School,2026,2025-09-30,32,Red Clay Consolidated School District,282,Stanton Middle School,496,187,174,496,0
School,2026,2025-09-30,32,Red Clay Consolidated School District,266,Warner Elementary School,366,227,44,366,0
School,2026,2025-09-30,32,Red Clay Consolidated School District,271,William F. Cooke Jr. Elementary,613,57,43,613,0
School,2026,2025-09-30,23,Seaford School District,761,Blades Elementary School,384,154,142,384,0
School,2026,2025-09-30,23,Seaford School District,762,Frederick Douglass Elementary School,446,183,157,446,0
School,2026,2025-09-30,23,Seaford School District,763,Seaford Autistic Program,86,26,14,64,4
School,2026,2025-09-30,23,Seaford School District,759,Seaford Central Elementary School,496,183,145,444,0
School,2026,2025-09-30,23,Seaford School District,764,Seaford Middle School,802,304,195,802,0
School,2026,2025-09-30,23,Seaford School District,766,Seaford Senior High School,917,312,254,0,233
School,2026,2025-09-30,23,Seaford School District,768,Sussex Orthopedic Program,57,21,6,26,6
School,2026,2025-09-30,23,Seaford School District,760,West Seaford Elementary School,443,166,197,443,0
School,2026,2025-09-30,24,Smyrna School District,680,Clayton Elementary School,488,77,21,488,0
School,2026,2025-09-30,24,Smyrna School District,696,Clayton Intermediate School,493,89,11,493,0
School,2026,2025-09-30,24,Smyrna School District,686,Moore (John Bassett) School,623,176,30,623,0
School,2026,2025-09-30,24,Smyrna School District,684,North Smyrna Elementary School,565,175,24,432,0
School,2026,2025-09-30,24,Smyrna School District,682,Smyrna Elementary School,359,116,22,359,0
School,2026,2025-09-30,24,Smyrna School District,688,Smyrna High School,1733,293,56,0,432
School,2026,2025-09-30,24,Smyrna School District,685,Smyrna Middle School,955,185,42,955,0
School,2026,2025-09-30,24,Smyrna School District,681,Sunnyside Elementary School,505,102,19,505,0
School,2026,2025-09-30,77,Sussex Academy,576,Sussex Academy,1190,81,46,666,141
School,2026,2025-09-30,9614,Sussex Montessori School,4090,Sussex Montessori School,392,133,25,392,0
School,2026,2025-09-30,40,Sussex Technical School District,770,Sussex Technical High School,1349,282,139,0,341
School,2026,2025-09-30,35,Woodbridge School District,779,Phillis Wheatley Elementary School,647,230,145,647,0
School,2026,2025-09-30,35,Woodbridge School District,776,Woodbridge Early Childhood Education Center,616,238,148,570,0
School,2026,2025-09-30,35,Woodbridge School District,780,Woodbridge High School,705,195,116,0,198
School,2026,2025-09-30,35,Woodbridge School District,775,Woodbridge Middle School,635,199,74,635,0
